<?xml version="1.0" encoding="UTF-8"?>
<COLLADA xmlns="http://www.collada.org/2005/11/COLLADASchema" version="1.4.1">
<!--
# File generated by ImageToStl.com - Free Image and 3D model conversion tools
-->
  <asset>
    <contributor>
      <author>ImageToStl.com</author>
      <authoring_tool>ImageToStl.com</authoring_tool>
    </contributor>
    <created>2025-05-28T09:54:39</created>
    <modified>2025-05-28T09:54:39</modified>
    <up_axis>Z_UP</up_axis>
  </asset>
  <library_effects>
    <effect id="effect_0">
        <profile_COMMON>
          <technique sid="common">
            <phong>
              <diffuse>
                <color>0.85 0.85 0.85 1</color>
              </diffuse>
              <specular>
                <color>0.05 0.05 0.05 1</color>
              </specular>
              <shininess>
                <float>64</float>
              </shininess>
            </phong>
          </technique>
        </profile_COMMON>
    </effect>
  </library_effects>
  <library_materials>
    <material id="mat_0">
      <instance_effect url="#effect_0"/>
    </material>
  </library_materials>
  <library_geometries>
    <geometry id="geometry_b30fc8ee_0584_4d70_977f_e90c12cc075f">
      <mesh>
        <source id="pos_0">
          <float_array id="pos_0-array" count="4782">0.003 0.01008674 0.036 0.00284776 0.01085211 0.036 0.00241421 0.01150095 0.036 0.00176537 -0.0119345 0.036 0.00241421 -0.01150095 0.036 0.001 -0.01208674 0.036 0.00234944 -0.01012154 0.036 -0.001 -0.01208674 0.036 -0.00284776 -0.01085211 0.036 -0.00241421 -0.01150095 0.036 -0.00176537 -0.0119345 0.036 -0.00057425 -0.00620249 0.036 -0.00015104 -0.00629504 0.036 0.00169887 -0.00606003 0.036 0.00010455 -0.00651352 0.036 0.00025003 -0.00679272 0.036 0.00169887 -0.00758647 0.036 0.00169887 -0.00815634 0.036 -0.00147613 -0.00815634 0.036 -0.003 -0.00582597 0.036 -0.00133302 -0.00661011 0.036 -0.0010687 -0.00633731 0.036 -0.003 -0.01008674 0.036 -0.00147613 -0.00749234 0.036 -0.00081956 -0.00623052 0.036 0.00234944 -0.00582597 0.036 0.00169887 -0.0066935 0.036 -0.00057425 0.00832924 0.036 -0.00015104 0.00823669 0.036 0.00169887 0.00847171 0.036 0.00010455 0.00801821 0.036 0.00025003 0.00773901 0.036 0.00169887 0.00694526 0.036 0.00169887 0.00637539 0.036 0.00234944 0.00614134 0.036 0.00169887 0.00783823 0.036 -0.00081956 0.00830121 0.036 -0.00241421 0.01150095 0.036 -0.0010687 0.00819442 0.036 -0.00284776 0.01085211 0.036 -0.00133302 0.00792162 0.036 -0.003 0.01008674 0.036 -0.00147613 0.00703939 0.036 -0.003 0.00614134 0.036 -0.00147613 0.00637539 0.036 0.00176537 0.0119345 0.036 0.001 0.01208674 0.036 -0.001 0.01208674 0.036 -0.00176537 0.0119345 0.036 0.003 0.00614134 0.036 0.0003149 -0.00739312 0.036 0.0003149 -0.00758647 0.036 0.003 -0.01008674 0.036 0.00284776 -0.01085211 0.036 0.00169887 0.00590728 0.036 0.00104759 0.00505184 0.036 0.00104759 0.0036685 0.036 0.00169887 0.00529861 0.036 0.00169887 0.00342173 0.036 0.00234944 0.0026814 0.036 0.00169887 0.00281369 0.036 -0.003 0.0026814 0.036 -0.00147613 0.00409654 0.036 -0.00147613 0.00462507 0.036 0.00169887 0.00075427 0.036 0.00234944 -0.00034096 0.036 0.00166805 0.00138568 0.036 0.0014584 0.00194684 0.036 0.00169887 2.539E-05 0.036 -0.00147613 2.539E-05 0.036 -0.003 -0.00034096 0.036 -0.00147613 0.00074345 0.036 -0.00135551 0.00165559 0.036 -0.00103868 0.00212087 0.036 -0.00036295 0.00248562 0.036 0.0001559 0.00254911 0.036 0.00095837 0.00237 0.036 0.00234944 -0.0014807 0.036 0.00169887 -0.00127717 0.036 -0.00147613 -0.00127717 0.036 0.00169887 -0.00168422 0.036 0.00234944 -0.00343454 0.036 0.00169887 -0.00314961 0.036 -0.003 -0.0014807 0.036 -0.003 -0.00343454 0.036 -0.00147613 -0.00314961 0.036 -0.00147613 -0.00257974 0.036 0.001129 -0.00257974 0.036 0.001129 -0.00168422 0.036 0.00169887 -0.0007073 0.036 -0.00147613 -0.0007073 0.036 0.00169887 -0.00502204 0.036 -0.00057425 -0.00371948 0.036 -0.00016478 -0.00381 0.036 0.00169887 -0.00559192 0.036 -0.00147613 -0.00559192 0.036 -0.00147613 -0.0049559 0.036 -0.00137956 -0.00420532 0.036 -0.00116024 -0.00390976 0.036 -0.00082081 -0.00374598 0.036 0.00011389 -0.00405243 0.036 0.00026656 -0.00437521 0.036 0.00030722 -0.00469716 0.036 0.0003149 -0.00502204 0.036 0.003 -0.00582597 0.036 0.003 -0.00343454 0.036 0.003 -0.0014807 0.036 0.003 -0.00034096 0.036 0.003 0.0026814 0.036 0.0003149 0.00694526 0.036 0.0003149 0.00713861 0.036 0.00169887 -0.00758647 0.035 0.00169887 -0.00815634 0.035 -0.00147613 -0.00815634 0.035 -0.00147613 -0.00749234 0.035 -0.00057425 -0.00620249 0.035 -0.00081956 -0.00623052 0.035 -0.0010687 -0.00633731 0.035 -0.00133302 -0.00661011 0.035 0.00025003 -0.00679272 0.035 0.00010455 -0.00651352 0.035 -0.00015104 -0.00629504 0.035 0.00169887 -0.00606003 0.035 0.00169887 -0.0066935 0.035 0.0003149 -0.00739312 0.035 0.0003149 -0.00758647 0.035 0.00169887 -0.00168422 0.035 0.00169887 -0.00314961 0.035 -0.00147613 -0.00314961 0.035 -0.00147613 -0.00257974 0.035 0.001129 -0.00257974 0.035 0.001129 -0.00168422 0.035 0.00169887 -0.0007073 0.035 0.00169887 -0.00127717 0.035 -0.00147613 -0.00127717 0.035 -0.00147613 -0.0007073 0.035 0.00169887 0.00075427 0.035 0.00169887 2.539E-05 0.035 -0.00147613 2.539E-05 0.035 -0.00147613 0.00074345 0.035 0.0001559 0.00254911 0.035 -0.00036295 0.00248562 0.035 -0.00103868 0.00212087 0.035 -0.00135551 0.00165559 0.035 0.00166805 0.00138568 0.035 0.0014584 0.00194684 0.035 0.00095837 0.00237 0.035 0.00169887 0.00694526 0.035 0.00169887 0.00637539 0.035 -0.00147613 0.00637539 0.035 -0.00147613 0.00703939 0.035 -0.00057425 0.00832924 0.035 -0.00081956 0.00830121 0.035 -0.0010687 0.00819442 0.035 -0.00133302 0.00792162 0.035 0.00025003 0.00773901 0.035 0.00010455 0.00801821 0.035 -0.00015104 0.00823669 0.035 0.00169887 0.00847171 0.035 0.00169887 0.00783823 0.035 0.0003149 0.00713861 0.035 0.0003149 0.00694526 0.035 0.00169887 0.00342173 0.035 0.00169887 0.00281369 0.035 -0.00147613 0.00409654 0.035 -0.00147613 0.00462507 0.035 0.00169887 0.00590728 0.035 0.00169887 0.00529861 0.035 0.00104759 0.00505184 0.035 0.00104759 0.0036685 0.035 0.00169887 -0.00502204 0.035 0.00169887 -0.00559192 0.035 -0.00147613 -0.00559192 0.035 -0.00147613 -0.0049559 0.035 -0.00057425 -0.00371948 0.035 -0.00082081 -0.00374598 0.035 -0.00116024 -0.00390976 0.035 -0.00137956 -0.00420532 0.035 0.00026656 -0.00437521 0.035 0.00011389 -0.00405243 0.035 -0.00016478 -0.00381 0.035 0.0003149 -0.00502204 0.035 0.00030722 -0.00469716 0.035 -0.00029582 -0.00698218 0.035 -0.00025497 -0.0073645 0.035 -0.00025497 -0.00758647 0.035 -0.00090625 -0.00758647 0.035 -0.00090625 -0.00739248 0.035 -0.00088723 -0.00706843 0.035 -0.00082715 -0.00690683 0.035 -0.00072167 -0.00680755 0.035 -0.00058189 -0.00677237 0.035 -0.00036166 -0.0068569 0.035 -0.00044274 -0.00679867 0.035 0.00014572 0.00197924 0.035 -0.0002857 0.00191331 0.035 -0.00065185 0.00167967 0.035 -0.00085786 0.00127141 0.035 -0.00090625 0.00081278 0.035 -0.00090625 0.00059526 0.035 0.001129 0.00059526 0.035 0.001129 0.00089292 0.035 0.00106545 0.00144589 0.035 0.00091881 0.00169283 0.035 0.00057175 0.00191401 0.035 -0.00029582 0.00754955 0.035 -0.00025497 0.00716723 0.035 -0.00025497 0.00694526 0.035 -0.00090625 0.00694526 0.035 -0.00090625 0.00713925 0.035 -0.00088723 0.0074633 0.035 -0.00082715 0.0076249 0.035 -0.00072167 0.00772418 0.035 -0.00058189 0.00775937 0.035 -0.00036166 0.00767483 0.035 -0.00044274 0.00773306 0.035 0.00047772 0.00388475 0.035 0.00047772 0.00483623 0.035 -0.0006245 0.00436049 0.035 -0.00089609 -0.00463687 0.035 -0.00090625 -0.00484269 0.035 -0.00090625 -0.00502204 0.035 -0.00025497 -0.00502204 0.035 -0.00084329 -0.00443882 0.035 -0.00083294 -0.0044217 0.035 -0.00073119 -0.00432504 0.035 -0.00057489 -0.00428935 0.035 -0.00025497 -0.00482043 0.035 -0.00029481 -0.00446985 0.035 -0.00037756 -0.00435586 0.035 -0.00049011 -0.00429907 0.035 -0.00090625 -0.00739248 0.036 -0.00090625 -0.00758647 0.036 -0.00088723 -0.00706843 0.036 -0.00082715 -0.00690683 0.036 -0.00072167 -0.00680755 0.036 -0.00058189 -0.00677237 0.036 -0.00044274 -0.00679867 0.036 -0.00036166 -0.0068569 0.036 -0.00029582 -0.00698218 0.036 -0.00025497 -0.0073645 0.036 -0.00025497 -0.00758647 0.036 -0.00090625 0.00081278 0.036 -0.00085786 0.00127141 0.036 -0.00065185 0.00167967 0.036 -0.0002857 0.00191331 0.036 0.00014572 0.00197924 0.036 0.00057175 0.00191401 0.036 0.00091881 0.00169283 0.036 0.00106545 0.00144589 0.036 0.001129 0.00089292 0.036 0.001129 0.00059526 0.036 -0.00090625 0.00059526 0.036 -0.00090625 0.00713925 0.036 -0.00090625 0.00694526 0.036 -0.00088723 0.0074633 0.036 -0.00082715 0.0076249 0.036 -0.00072167 0.00772418 0.036 -0.00058189 0.00775937 0.036 -0.00044274 0.00773306 0.036 -0.00036166 0.00767483 0.036 -0.00029582 0.00754955 0.036 -0.00025497 0.00716723 0.036 -0.00025497 0.00694526 0.036 0.00047772 0.00483623 0.036 -0.0006245 0.00436049 0.036 0.00047772 0.00388475 0.036 -0.00090625 -0.00484269 0.036 -0.00090625 -0.00502204 0.036 -0.00089609 -0.00463687 0.036 -0.00084329 -0.00443882 0.036 -0.00083294 -0.0044217 0.036 -0.00073119 -0.00432504 0.036 -0.00057489 -0.00428935 0.036 -0.00049011 -0.00429907 0.036 -0.00037756 -0.00435586 0.036 -0.00029481 -0.00446985 0.036 -0.00025497 -0.00482043 0.036 -0.00025497 -0.00502204 0.036 0.003 0.01008674 0.035 0.003 -0.01008674 0.035 0.001 0.01208674 0.035 0.00176537 0.0119345 0.035 0.00241421 0.01150095 0.035 0.00284776 0.01085211 0.035 -0.001 0.01208674 0.035 -0.003 0.01008674 0.035 -0.00284776 0.01085211 0.035 -0.00241421 0.01150095 0.035 -0.00176537 0.0119345 0.035 -0.003 -0.01008674 0.035 -0.001 -0.01208674 0.035 -0.00176537 -0.0119345 0.035 -0.00241421 -0.01150095 0.035 -0.00284776 -0.01085211 0.035 0.001 -0.01208674 0.035 0.00284776 -0.01085211 0.035 0.00241421 -0.01150095 0.035 0.00176537 -0.0119345 0.035 0.001 -0.01228674 0.035 0.0018419 -0.01211927 0.035 0.00255563 -0.01164238 0.035 0.00303254 -0.01092864 0.035 0.0032 -0.01008674 0.035 0.0032 0.01008674 0.035 0.00303254 0.01092864 0.035 0.00255563 0.01164238 0.035 0.0018419 0.01211927 0.035 0.001 0.01228674 0.035 -0.001 0.01228674 0.035 -0.0018419 0.01211927 0.035 -0.00255563 0.01164238 0.035 -0.00303254 0.01092864 0.035 -0.0032 0.01008674 0.035 -0.0032 -0.01008674 0.035 -0.00303254 -0.01092864 0.035 -0.00255563 -0.01164238 0.035 -0.0018419 -0.01211927 0.035 -0.001 -0.01228674 0.035 0.0032 0.01008674 0.036 0.0032 -0.01008674 0.036 0.00303254 0.01092864 0.036 0.00255563 0.01164238 0.036 0.0018419 0.01211927 0.036 0.001 0.01228674 0.036 -0.001 0.01228674 0.036 -0.0018419 0.01211927 0.036 -0.00255563 0.01164238 0.036 -0.00303254 0.01092864 0.036 -0.0032 0.01008674 0.036 -0.0032 -0.01008674 0.036 -0.00303254 -0.01092864 0.036 -0.00255563 -0.01164238 0.036 -0.0018419 -0.01211927 0.036 -0.001 -0.01228674 0.036 0.001 -0.01228674 0.036 0.0018419 -0.01211927 0.036 0.00255563 -0.01164238 0.036 0.00303254 -0.01092864 0.036 0.02225 -0.015 0.026 0.02275 -0.01513397 0.026 0.02275 -0.01523163 0.02525822 0.02311603 -0.0155 0.026 0.02311603 -0.01558519 0.02535295 0.02325 -0.016 0.026 0.02325 -0.01606815 0.02548236 0.02325 -0.01626795 0.025 0.02311603 -0.01583494 0.02475 0.02325 -0.01658579 0.02458579 0.02311603 -0.01623223 0.02423223 0.02325 -0.017 0.02426795 0.02311603 -0.01675 0.02383494 0.02325 -0.01748236 0.02406815 0.02311603 -0.01735295 0.02358519 0.02325 -0.018 0.024 0.02311603 -0.018 0.0235 0.02325 -0.01851764 0.02406815 0.02311603 -0.01864705 0.02358519 0.02325 -0.019 0.02426795 0.02311603 -0.01925 0.02383494 0.02325 -0.01941421 0.02458579 0.02311603 -0.01976777 0.02423223 0.02325 -0.01973205 0.025 0.02311603 -0.02016506 0.02475 0.02325 -0.01993185 0.02548236 0.02311603 -0.02041481 0.02535295 0.02325 -0.02 0.026 0.02311603 -0.0205 0.026 0.02275 -0.01551795 0.02456699 0.02275 -0.01597341 0.02397341 0.02275 -0.01656699 0.02351795 0.02275 -0.01725822 0.02323163 0.02275 -0.018 0.02313397 0.02275 -0.01874178 0.02323163 0.02275 -0.01943301 0.02351795 0.02275 -0.02002659 0.02397341 0.02275 -0.02048205 0.02456699 0.02275 -0.02076837 0.02525822 0.02275 -0.02086603 0.026 0.02225 -0.01510222 0.02522354 0.02225 -0.01540192 0.0245 0.02225 -0.01587868 0.02387868 0.02225 -0.0165 0.02340192 0.02225 -0.01722354 0.02310222 0.02225 -0.018 0.023 0.02225 -0.01877646 0.02310222 0.02225 -0.0195 0.02340192 0.02225 -0.02012132 0.02387868 0.02225 -0.02059808 0.0245 0.02225 -0.02089778 0.02522354 0.02225 -0.021 0.026 0.02575 0.015 0.026 0.026 0.01493301 0.026 0.026 0.01483307 0.02524088 0.02618301 0.01475 0.026 0.02618301 0.0146563 0.02528825 0.02625 0.0145 0.026 0.02625 0.01441481 0.02535295 0.02625 0.01416506 0.02475 0.02618301 0.01438157 0.024625 0.02625 0.01376777 0.02423223 0.02618301 0.01394454 0.02405546 0.02625 0.01325 0.02383494 0.02618301 0.013375 0.02361843 0.02625 0.01264705 0.02358519 0.02618301 0.01271175 0.0233437 0.02625 0.012 0.0235 0.02618301 0.012 0.02325 0.02625 0.01135295 0.02358519 0.02618301 0.01128825 0.0233437 0.02625 0.01075 0.02383494 0.02618301 0.010625 0.02361843 0.02625 0.01023223 0.02423223 0.02618301 0.01005546 0.02405546 0.02625 0.00983494 0.02475 0.02618301 0.00961843 0.024625 0.02625 0.00958518 0.02535295 0.02618301 0.0093437 0.02528825 0.02625 0.0095 0.026 0.02618301 0.00925 0.026 0.026 0.01454006 0.02453349 0.026 0.01407395 0.02392605 0.026 0.01346651 0.02345994 0.026 0.01275912 0.02316693 0.026 0.012 0.02306699 0.026 0.01124088 0.02316693 0.026 0.01053349 0.02345994 0.026 0.00992605 0.02392605 0.026 0.00945994 0.02453349 0.026 0.00916693 0.02524088 0.026 0.00906699 0.026 0.02575 0.01489778 0.02522354 0.02575 0.01459808 0.0245 0.02575 0.01412132 0.02387868 0.02575 0.0135 0.02340192 0.02575 0.01277646 0.02310222 0.02575 0.012 0.023 0.02575 0.01122354 0.02310222 0.02575 0.0105 0.02340192 0.02575 0.00987868 0.02387868 0.02575 0.00940192 0.0245 0.02575 0.00910222 0.02522354 0.02575 0.009 0.026 0.01625 0.00983494 0.02475 0.01625 0.01075 0.02383494 0.01625 0.012 0.0235 0.01625 0.01416506 0.02725 0.01625 0.01325 0.02816506 0.01625 0.012 0.0285 0.01625 0.01325 0.02383494 0.01625 0.01416506 0.02475 0.01625 0.0145 0.026 0.01625 0.01075 0.02816506 0.01625 0.00983494 0.02725 0.01625 0.0095 0.026 0.02625 0.01441481 0.02664705 0.02625 0.01416506 0.02725 0.02625 0.01376777 0.02776777 0.02625 0.01325 0.02816506 0.02625 0.01264705 0.02841481 0.02625 0.012 0.0285 0.02625 0.01135295 0.02841481 0.02625 0.01075 0.02816506 0.02625 0.01023223 0.02776777 0.02625 0.00958518 0.02664705 0.02625 0.00983494 0.02725 0.01625 0.009 0.026 0.01625 0.00940192 0.0245 0.01625 0.0105 0.02340192 0.01625 0.012 0.023 0.01625 0.0135 0.02340192 0.01625 0.01459808 0.0245 0.01625 0.015 0.026 0.02325 -0.017 0.02773205 0.02325 -0.01748236 0.02793185 0.02325 -0.018 0.028 0.02325 -0.01941421 0.02741421 0.02325 -0.01973205 0.027 0.02325 -0.01606815 0.02651764 0.02325 -0.01626795 0.027 0.02325 -0.01658579 0.02741421 0.02325 -0.01851764 0.02793185 0.02325 -0.019 0.02773205 0.02325 -0.01993185 0.02651764 0.01625 -0.021 0.026 0.01625 -0.02059808 0.0245 0.01625 -0.0195 0.02340192 0.01625 -0.018 0.023 0.01625 -0.0165 0.02340192 0.01625 -0.01540192 0.0245 0.01625 -0.015 0.026 0.01625 -0.004 0.025 0.01625 -0.004 0.027 0.01625 -0.00440192 0.0235 0.01625 -0.007 0.022 0.01625 -0.0055 0.02240192 0.01625 -0.021 0.022 0.01625 -0.0225 0.02240192 0.01625 -0.024 0.025 0.01625 -0.02359808 0.0235 0.01625 -0.007 0.03 0.01625 -0.01540192 0.0275 0.01625 -0.0055 0.02959808 0.01625 -0.00440192 0.0285 0.01625 -0.021 0.03 0.01625 -0.0225 0.02959808 0.01625 -0.02059808 0.0275 0.01625 -0.02359808 0.0285 0.01625 -0.024 0.027 0.01625 -0.0195 0.02859808 0.01625 -0.018 0.029 0.01625 -0.0165 0.02859808 0.01625 0.024 0.025 0.01625 0.024 0.027 0.01625 0.02359808 0.0235 0.01625 0.004 0.027 0.01625 0.00440192 0.0285 0.01625 0.00940192 0.0275 0.01625 0.0055 0.02959808 0.01625 0.007 0.03 0.01625 0.021 0.03 0.01625 0.01459808 0.0275 0.01625 0.0225 0.02959808 0.01625 0.02359808 0.0285 0.01625 0.021 0.022 0.01625 0.0225 0.02240192 0.01625 0.007 0.022 0.01625 0.0055 0.02240192 0.01625 0.00440192 0.0235 0.01625 0.004 0.025 0.01625 0.0105 0.02859808 0.01625 0.012 0.029 0.01625 0.0135 0.02859808 0.03352704 0.007 0.022 0.03320559 0.00839351 0.022 0.02705665 0.021 0.022 0.02869184 0.01870404 0.022 0.03137515 0.01373545 0.022 0.02443486 0.024 0.025 0.02454011 0.02389237 0.02420364 0.02482324 0.02359808 0.0235 0.02522861 0.02316419 0.02292244 0.02582271 0.0225 0.02240192 0.02643666 0.02177534 0.02210192 0.02443486 0.024 0.027 0.02582271 0.0225 0.02959808 0.0264379 0.02177384 0.02989848 0.02705665 0.021 0.03 0.02454075 0.02389171 0.02779876 0.02482324 0.02359808 0.0285 0.02522861 0.02316419 0.02907756 0.02869184 0.01870404 0.03 0.03137515 0.01373545 0.03 0.03320559 0.00839351 0.03 0.03352704 0.007 0.03 0.03401562 0.004 0.027 0.03400346 0.00410213 0.02777609 0.03396595 0.00440192 0.0285 0.03390056 0.00488004 0.02912268 0.03380551 0.0055 0.02959808 0.03367987 0.00622324 0.0298977 0.03401562 0.004 0.025 0.03367927 0.00622653 0.02210142 0.03380551 0.0055 0.02240192 0.03390066 0.00487935 0.02287801 0.03396595 0.00440192 0.0235 0.03400334 0.00410311 0.02422026 0.03401562 -0.004 0.025 0.03401562 -0.004 0.027 0.03352704 -0.007 0.03 0.03367927 -0.00622653 0.02989858 0.03380551 -0.0055 0.02959808 0.03390066 -0.00487935 0.02912199 0.03396595 -0.00440192 0.0285 0.03400334 -0.00410311 0.02777974 0.03320558 -0.00839356 0.03 0.02705665 -0.021 0.03 0.02869181 -0.01870408 0.03 0.03137513 -0.0137355 0.03 0.02443486 -0.024 0.027 0.02454011 -0.02389237 0.02779636 0.02482324 -0.02359808 0.0285 0.02522857 -0.02316423 0.02907752 0.02582271 -0.0225 0.02959808 0.02643666 -0.02177534 0.02989808 0.02443486 -0.024 0.025 0.02582271 -0.0225 0.02240192 0.0264379 -0.02177384 0.02210152 0.02705665 -0.021 0.022 0.02454075 -0.02389171 0.02420125 0.02482324 -0.02359808 0.0235 0.02522857 -0.02316423 0.02292248 0.02869181 -0.01870408 0.022 0.03137513 -0.0137355 0.022 0.03320558 -0.00839356 0.022 0.03352704 -0.007 0.022 0.03400346 -0.00410213 0.02422391 0.03396595 -0.00440192 0.0235 0.03390056 -0.00488004 0.02287732 0.03380551 -0.0055 0.02240192 0.03367987 -0.00622324 0.0221023 -0.0357556 -0.00596655 0.026 -0.03519664 -0.00867519 0.026 -0.03495321 -0.00861519 0.02822521 -0.03428587 -0.01177036 0.026 -0.03389434 -0.01285443 0.026 -0.03365991 -0.01276552 0.02822521 -0.03188092 -0.01725309 0.026 -0.02983317 -0.02059235 0.026 -0.02962683 -0.02044992 0.02822521 -0.02860634 -0.02226521 0.026 -0.02713352 -0.0240382 0.026 -0.02694585 -0.02387194 0.02822521 -0.02455146 -0.02666999 0.026 -0.0240382 -0.02713352 0.026 -0.02387194 -0.02694585 0.02822521 -0.01982687 -0.03034728 0.026 -0.01684622 -0.03209778 0.026 -0.0167297 -0.03187578 0.02822521 -0.0029935 -0.03612619 0.026 -0 -0.03625 0.026 -0 -0.03599928 0.02822521 0.01456146 -0.03319678 0.026 0.01684622 -0.03209778 0.026 0.0167297 -0.03187578 0.02822521 0.01982687 -0.03034728 0.026 0.02059235 -0.02983317 0.026 0.02044992 -0.02962683 0.02822521 0.03406832 -0 0.0322349 0.0324849 -0 0.03381832 0.03224805 -0.00391562 0.03381832 0.03058884 -0 0.03500969 0.03036581 -0.00368708 0.03500969 0.02847521 -0 0.03574928 0.02826759 -0.00343231 0.03574928 0.02625 -0 0.036 0.02605861 -0.00316409 0.036 0.03491069 -0 0.03099924 0.03478709 -0.00293437 0.03099934 0.03381992 -0.00410648 0.0322349 0.03450511 -0.00530529 0.03099942 0.03307835 -0.00815308 0.0322349 0.03380358 -0.00872137 0.03099954 0.03441718 -0.00584858 0.03099944 0.03185443 -0.01208079 0.0322349 0.03016599 -0.01583233 0.0322349 0.03055249 -0.01689016 0.03099985 0.03186437 -0.01426178 0.03099975 0.03295062 -0.01153241 0.03099965 0.03355708 -0.00962628 0.03099958 0.0255005 -0.02259147 0.0322349 0.02729058 -0.02177036 0.03100005 0.02803767 -0.01935301 0.0322349 0.02902429 -0.01939894 0.03099995 0.03006703 -0.0177399 0.03099988 0.02356193 -0.02606781 0.03058251 0.02405131 -0.02542197 0.03084788 0.02259147 -0.0255005 0.0322349 0.02465455 -0.02471582 0.03100018 0.02536363 -0.02398762 0.03100015 0.02344646 -0.02624473 0.03047539 0.01935301 -0.02803767 0.0322349 0.02002979 -0.02901815 0.03033884 0.02262403 -0.02795175 0.02838934 0.02269409 -0.02775059 0.02880503 0.02291846 -0.02722579 0.02957818 0.02307465 -0.02690424 0.02993322 0.02261711 -0.02832894 0.026 0.02260909 -0.02831927 0.02650107 0.02258541 -0.02828999 0.02700088 0.02257787 -0.02821618 0.02749634 0.02548722 -0.00628204 0.036 0.02764777 -0.00681456 0.03574928 0.02454418 -0.00930838 0.036 0.02662478 -0.01009745 0.03574928 0.02324322 -0.01219898 0.036 0.02521355 -0.01323309 0.03574928 0.02160333 -0.0149117 0.036 0.02343464 -0.01617576 0.03574928 0.01964841 -0.01740697 0.036 0.021314 -0.01888256 0.03574928 0.01740697 -0.01964841 0.036 0.01888256 -0.021314 0.03574928 0.0149117 -0.02160333 0.036 0.01617576 -0.02343464 0.03574928 0.02969998 -0.00732039 0.03500969 0.02860106 -0.01084695 0.03500969 0.02708507 -0.01421534 0.03500969 0.02517412 -0.01737644 0.03500969 0.02289607 -0.02028415 0.03500969 0.02028415 -0.02289607 0.03500969 0.01737644 -0.02517412 0.03500969 0.03154095 -0.00777414 0.03381832 0.03037391 -0.0115193 0.03381832 0.02876395 -0.01509648 0.03381832 0.02673455 -0.01845353 0.03381832 0.0243153 -0.02154147 0.03381832 0.02154147 -0.0243153 0.03381832 0.01845353 -0.02673455 0.03381832 0.00316409 -0.02605861 0.036 -0 -0.02625 0.036 0.00343231 -0.02826759 0.03574928 -0 -0.02847521 0.03574928 0.00368708 -0.03036581 0.03500969 -0 -0.03058884 0.03500969 0.00391562 -0.03224805 0.03381832 -0 -0.0324849 0.03381832 0.00410648 -0.03381992 0.0322349 -0 -0.03406832 0.0322349 0.00425009 -0.0350026 0.03033884 -0 -0.03525969 0.03033884 0.00433923 -0.0357368 0.02822521 -0.00930838 -0.02454418 0.036 -0.01219898 -0.02324322 0.036 -0.01009745 -0.02662478 0.03574928 -0.01323309 -0.02521355 0.03574928 -0.01084695 -0.02860106 0.03500969 -0.01421534 -0.02708507 0.03500969 -0.0115193 -0.03037391 0.03381832 -0.01509648 -0.02876395 0.03381832 -0.01208079 -0.03185443 0.0322349 -0.01583233 -0.03016599 0.0322349 -0.01250326 -0.03296838 0.03033884 -0.01638599 -0.0312209 0.03033884 -0.01276552 -0.03365991 0.02822521 0.01638599 -0.0312209 0.03033884 0.01583233 -0.03016599 0.0322349 0.01509648 -0.02876395 0.03381832 0.01421534 -0.02708507 0.03500969 0.01323309 -0.02521355 0.03574928 0.01219898 -0.02324322 0.036 0.01285443 -0.03389434 0.026 0.01276552 -0.03365991 0.02822521 0.01250326 -0.03296838 0.03033884 0.01208079 -0.03185443 0.0322349 0.0115193 -0.03037391 0.03381832 0.01084695 -0.02860106 0.03500969 0.01009745 -0.02662478 0.03574928 0.00930838 -0.02454418 0.036 0.00628204 -0.02548722 0.036 0.00681456 -0.02764777 0.03574928 0.00732039 -0.02969998 0.03500969 0.00777414 -0.03154095 0.03381832 0.00815308 -0.03307835 0.0322349 0.0084382 -0.0342351 0.03033884 0.00861519 -0.03495321 0.02822521 0.00867519 -0.03519664 0.026 0.00436945 -0.0359857 0.026 0.0029935 -0.03612619 0.026 -0.00436945 -0.0359857 0.026 -0.00433923 -0.0357368 0.02822521 -0.00425009 -0.0350026 0.03033884 -0.00410648 -0.03381992 0.0322349 -0.00391562 -0.03224805 0.03381832 -0.00368708 -0.03036581 0.03500969 -0.00343231 -0.02826759 0.03574928 -0.00316409 -0.02605861 0.036 -0.00628204 -0.02548722 0.036 -0.00681456 -0.02764777 0.03574928 -0.00732039 -0.02969998 0.03500969 -0.00777414 -0.03154095 0.03381832 -0.00815308 -0.03307835 0.0322349 -0.0084382 -0.0342351 0.03033884 -0.00861519 -0.03495321 0.02822521 -0.00867519 -0.03519664 0.026 -0.01285443 -0.03389434 0.026 -0.01456146 -0.03319678 0.026 -0.02059235 -0.02983317 0.026 -0.02044992 -0.02962683 0.02822521 -0.02002979 -0.02901815 0.03033884 -0.01935301 -0.02803767 0.0322349 -0.01845353 -0.02673455 0.03381832 -0.01737644 -0.02517412 0.03500969 -0.01617576 -0.02343464 0.03574928 -0.0149117 -0.02160333 0.036 -0.01740697 -0.01964841 0.036 -0.01888256 -0.021314 0.03574928 -0.02028415 -0.02289607 0.03500969 -0.02154147 -0.0243153 0.03381832 -0.02259147 -0.0255005 0.0322349 -0.0233815 -0.02639226 0.03033884 -0.02639226 -0.0233815 0.03033884 -0.0255005 -0.02259147 0.0322349 -0.0243153 -0.02154147 0.03381832 -0.02289607 -0.02028415 0.03500969 -0.021314 -0.01888256 0.03574928 -0.01964841 -0.01740697 0.036 -0.02901815 -0.02002979 0.03033884 -0.02803767 -0.01935301 0.0322349 -0.02673455 -0.01845353 0.03381832 -0.02517412 -0.01737644 0.03500969 -0.02343464 -0.01617576 0.03574928 -0.02160333 -0.0149117 0.036 -0.03209778 -0.01684622 0.026 -0.03187578 -0.0167297 0.02822521 -0.0312209 -0.01638599 0.03033884 -0.03016599 -0.01583233 0.0322349 -0.02876395 -0.01509648 0.03381832 -0.02708507 -0.01421534 0.03500969 -0.02521355 -0.01323309 0.03574928 -0.02324322 -0.01219898 0.036 -0.02454418 -0.00930838 0.036 -0.02662478 -0.01009745 0.03574928 -0.02860106 -0.01084695 0.03500969 -0.03037391 -0.0115193 0.03381832 -0.03185443 -0.01208079 0.0322349 -0.03296838 -0.01250326 0.03033884 -0.0342351 -0.0084382 0.03033884 -0.03307835 -0.00815308 0.0322349 -0.03154095 -0.00777414 0.03381832 -0.02969998 -0.00732039 0.03500969 -0.02764777 -0.00681456 0.03574928 -0.02548722 -0.00628204 0.036 -0.0359857 -0.00436945 0.026 -0.0357368 -0.00433923 0.02822521 -0.0350026 -0.00425009 0.03033884 -0.03381992 -0.00410648 0.0322349 -0.03224805 -0.00391562 0.03381832 -0.03036581 -0.00368708 0.03500969 -0.02826759 -0.00343231 0.03574928 -0.02605861 -0.00316409 0.036 -0.02625 -0 0.036 -0.02847521 -0 0.03574928 -0.03058884 -0 0.03500969 -0.0324849 -0 0.03381832 -0.03406832 -0 0.0322349 -0.03525969 -0 0.03033884 -0.03599928 -0 0.02822521 -0.03625 -0 0.026 0.02282011 0.02554026 0.03047033 0.02237824 0.0259283 0.03002821 0.02186727 0.02636068 0.02924368 0.02162389 0.02656068 0.02861675 0.02147952 0.02667757 0.02794695 0.02211581 0.02615251 0.0223273 0.02165275 0.02653716 0.02327592 0.02154543 0.02662436 0.02362109 0.02136946 0.02676582 0.02499916 0.02136896 0.02676621 0.02699881 0.02245381 0.02586288 0.02187462 0.02308654 0.02529969 0.02134401 0.02522861 0.02316419 0.02099991 0.02418787 0.0242489 0.02099986 0.02339372 0.02501592 0.02120217 0.02615836 0.02210888 0.02099996 0.02703393 0.02102924 0.02100001 0.0279405 0.01980885 0.02100006 0.02869184 0.01870404 0.02100011 0.03141281 0.01364909 0.02100031 0.03137515 0.01373545 0.0210003 0.03088844 0.01479754 0.02100026 0.029521 0.01736586 0.02100016 0.03294627 0.0093598 0.02100047 0.03203294 0.01212241 0.02100036 0.03413343 0.0028234 0.03099914 0.03413343 0.0028234 0.0210007 0.0340547 0.00365235 0.02100067 0.03381994 0.00541054 0.02100061 0.03362181 0.00652964 0.02100057 0.03320559 0.00839351 0.0210005 0.03407568 0.00345119 0.03099912 0.03387499 0.00505446 0.03099906 0.03332374 0.00791143 0.03099896 0.03320559 0.00839351 0.03099894 0.03253199 0.01071131 0.03099886 0.03424183 -0.00074805 0.03099927 0.03424181 0.0007487 0.02100077 0.03418176 0.002161 0.03099917 0.03362194 -0.006529 0.03099947 0.0338522 -0.00520491 0.03099942 0.03405477 -0.0036517 0.03099937 0.03413342 -0.00282345 0.03099934 0.03413342 -0.00282345 0.0210009 0.0341818 -0.00216035 0.02100087 0.03410371 -0.00316214 0.02100091 0.03387509 -0.00505381 0.02100097 0.03320558 -0.00839356 0.02100109 0.03332389 -0.0079108 0.02100108 0.03054717 -0.01548976 0.02100136 0.03150571 -0.01343328 0.02100128 0.03224794 -0.01153831 0.02100121 0.03253219 -0.01071069 0.02100118 0.02522423 -0.02316896 0.02100169 0.02709972 -0.02094439 0.02100158 0.02877963 -0.01856866 0.02100148 0.03025184 -0.01605892 0.02100138 0.02418764 -0.02424914 0.02100174 0.02325261 -0.02514714 0.02123907 0.02278365 -0.02557279 0.02156049 0.02235027 -0.02595242 0.02200598 0.02182898 -0.02639239 0.0228369 0.02160117 -0.02657916 0.02346548 0.02146703 -0.02668762 0.02413791 0.02211599 -0.02615235 0.02967303 0.02165248 -0.02653738 0.02872379 0.02154524 -0.02662452 0.02837916 0.02136892 -0.02676624 0.02700088 0.02136962 -0.02676568 0.02500117 0.02245426 -0.0258625 0.03012609 0.02308664 -0.0252996 0.03065639 0.02522857 -0.02316423 0.03100013 0.02418833 -0.02424844 0.03100019 0.02339376 -0.02501589 0.03079812 0.02615878 -0.02210839 0.03100008 0.02705978 -0.02099597 0.03100003 0.02794088 -0.01980832 0.03099998 0.02869181 -0.01870408 0.03099993 0.03146251 -0.01353414 0.03099973 0.03137513 -0.0137355 0.03099974 0.03088872 -0.01479695 0.03099978 0.02952133 -0.0173653 0.03099988 0.03320558 -0.00839356 0.03099954 0.03294645 -0.00935917 0.03099957 0.03203318 -0.0121218 0.03099968 0.03212028 0.01188909 0.03099881 0.03150545 0.01343388 0.03099876 0.02877928 0.01856921 0.03099855 0.03025153 0.0160595 0.03099865 0.02329715 0.02510589 0.03078362 0.02418811 0.02424867 0.0309983 0.02522379 0.02316944 0.03099835 0.02709932 0.02094491 0.03099845 0.02810807 0.01957035 0.03099851 0.02465509 0.02471682 0.0309983 0.02428745 0.02511663 0.03095009 0.02382816 0.02567973 0.03078323 0.02375095 0.02578706 0.03073444 0.02350641 0.02615411 0.03052988 0.02282011 0.02554026 0.03047033 0.02335239 0.02640732 0.03035544 0.02311569 0.02683056 0.03000061 0.02294923 0.02715692 0.02966265 0.02271877 0.02768456 0.02892359 0.02269278 0.0277584 0.02878711 0.02261425 0.02808311 0.02795809 0.02258559 0.02829012 0.02699881 0.02260911 0.02831933 0.02650003 0.02261705 0.02832899 0.026 0.02261731 0.02832878 0.02499916 0.0256003 0.0256649 0.02099986 0.0253947 0.02586836 0.02103872 0.02339372 0.02501592 0.02120217 0.02499557 0.02625422 0.02112885 0.02454573 0.02667527 0.02128883 0.02432051 0.02688076 0.02140971 0.02399235 0.02717406 0.02165306 0.02245381 0.02586288 0.02187462 0.02348381 0.02761472 0.02221831 0.02319096 0.02786112 0.02268086 0.02305778 0.02797144 0.02294242 0.02283789 0.02815126 0.02350617 0.02270125 0.02826156 0.02407406 0.02560005 -0.02566515 0.02100174 0.02668652 -0.02453349 0.02100169 0.02861971 -0.02224803 0.02100159 0.03035774 -0.01981086 0.02100149 0.03428951 -0.01175977 0.02100119 0.03320234 -0.01454879 0.02100129 0.03233095 -0.01639427 0.02100136 0.03188876 -0.0172386 0.02100139 0.03621607 0.00156805 0.02100074 0.03625 -0 0.0210008 0.03612646 -0.00299025 0.0210009 0.03575657 -0.00596073 0.02100099 0.03539181 -0.00784107 0.02100106 0.03514286 -0.00889056 0.02100109 0.03546513 0.00750246 0.02100055 0.03579483 0.00572649 0.02100061 0.03596321 0.00455077 0.02100065 0.03188092 0.01725309 0.0210002 0.03111291 0.01860239 0.02100015 0.03254166 0.01597195 0.02100025 0.03324714 0.01444612 0.02100031 0.03472521 0.01040299 0.02100045 0.03428587 0.01177036 0.0210004 0.0337485 0.01323259 0.02100035 0.02763014 0.02346567 0.02099996 0.02861256 0.02225723 0.02100001 0.02947201 0.02110599 0.02100005 0.02493753 -0.02630935 0.02110953 0.02452404 -0.0266952 0.02128403 0.02390955 -0.02724694 0.02173971 0.02365539 -0.02746789 0.02200598 0.0235614 -0.02754856 0.02211882 0.02312723 -0.02791404 0.02278974 0.02293801 -0.02806973 0.02322966 0.02271906 -0.02824724 0.02414774 0.02264883 -0.02830358 0.02470097 0.02261748 -0.02832864 0.02500117 0.02339376 -0.02501588 0.03079812 0.02245426 -0.0258625 0.03012609 0.02664532 0.02255698 0.0309984 0.02844733 0.02023699 0.0309985 0.03004792 0.01777372 0.0309986 0.03260099 0.01248799 0.0309988 0.03143574 0.01518461 0.0309987 0.03094294 0.01616521 0.03099866 0.03468693 0.003947 0.03099911 0.03423236 0.00684922 0.030999 0.03400957 0.00788142 0.03099897 0.03353539 0.00970295 0.0309989 0.0348959 0.00101685 0.03099921 0.02729058 -0.02177036 0.03100005 0.02465455 -0.02471582 0.03100019 0.01960965 -0.02085965 -0.001 0.01960965 -0.02085965 -0.005 0.01977712 -0.02023465 -0.001 0.01977712 -0.02023465 -0.005 0.02023465 -0.01977712 -0.001 0.02023465 -0.01977712 -0.005 0.02085965 -0.01960965 -0.001 0.02085965 -0.01960965 -0.005 0.02148465 -0.01977712 -0.001 0.02148465 -0.01977712 -0.005 0.02194218 -0.02023465 -0.001 0.02194218 -0.02023465 -0.005 0.02210965 -0.02085965 -0.001 0.02210965 -0.02085965 -0.005 0.02085965 -0.02085965 -0.00024892 -0.02210965 -0.02085965 -0.001 -0.02210965 -0.02085965 -0.005 -0.02194218 -0.02023465 -0.001 -0.02194218 -0.02023465 -0.005 -0.02148465 -0.01977712 -0.001 -0.02148465 -0.01977712 -0.005 -0.02085965 -0.01960965 -0.001 -0.02085965 -0.01960965 -0.005 -0.02023465 -0.01977712 -0.001 -0.02023465 -0.01977712 -0.005 -0.01977712 -0.02023465 -0.001 -0.01977712 -0.02023465 -0.005 -0.01960965 -0.02085965 -0.001 -0.01960965 -0.02085965 -0.005 -0.02085965 -0.02085965 -0.00024892 -0.02210965 0.02085965 -0.001 -0.02210965 0.02085965 -0.005 -0.02194218 0.02148465 -0.001 -0.02194218 0.02148465 -0.005 -0.02148465 0.02194218 -0.001 -0.02148465 0.02194218 -0.005 -0.02085965 0.02210965 -0.001 -0.02085965 0.02210965 -0.005 -0.02023465 0.02194218 -0.001 -0.02023465 0.02194218 -0.005 -0.01977712 0.02148465 -0.001 -0.01977712 0.02148465 -0.005 -0.01960965 0.02085965 -0.001 -0.01960965 0.02085965 -0.005 -0.02085965 0.02085965 -0.00024892 -0.025 -0.01 -0 -0.025 0.01 -0 -0.025 -0.01 -0.005 -0.025 0.01 -0.005 -0.0366606 -0.01 -0.005 -0.0366606 -0.01 -0 -0.0366606 0.01 -0 -0.0366606 0.01 -0.005 -0.03748173 -0.00625459 -0 -0.038 -0 -0 -0.03748173 0.00625459 -0 0.01960965 0.02085965 -0.001 0.01960965 0.02085965 -0.005 0.01977712 0.02148465 -0.001 0.01977712 0.02148465 -0.005 0.02023465 0.02194218 -0.001 0.02023465 0.02194218 -0.005 0.02085965 0.02210965 -0.001 0.02085965 0.02210965 -0.005 0.02148465 0.02194218 -0.001 0.02148465 0.02194218 -0.005 0.02194218 0.02148465 -0.001 0.02194218 0.02148465 -0.005 0.02210965 0.02085965 -0.001 0.02210965 0.02085965 -0.005 0.02085965 0.02085965 -0.00024892 0.031 -0 -0.003 0.03079904 -0.00075 -0.003 0.03079904 0.00075 -0.003 0.02820096 0.00075 -0.003 0.03025 -0.00129904 -0.003 0.0295 -0.0015 -0.003 0.02875 0.00129904 -0.003 0.0295 0.0015 -0.003 0.03025 0.00129904 -0.003 0.028 -0 -0.003 0.02820096 -0.00075 -0.003 0.02875 -0.00129904 -0.003 0.028 -0 -0.005 0.02820096 0.00075 -0.005 0.02875 0.00129904 -0.005 0.0295 0.0015 -0.005 0.03025 0.00129904 -0.005 0.03079904 0.00075 -0.005 0.031 -0 -0.005 -0 0.035 0.0146 0.0029935 0.03612619 0.0146 0.00607769 0.03446827 0.0146 0.00889885 0.03514076 0.0146 0.01197071 0.03288924 0.0146 0.01456146 0.03319678 0.0146 0.0175 0.03031089 0.0146 0.01982687 0.03034728 0.0146 0.02249757 0.02681156 0.0146 0.02455146 0.02666999 0.0146 0.02681156 0.02249757 0.0146 0.02860634 0.02226521 0.0146 0.03031089 0.0175 0.0146 0.03188092 0.01725309 0.0146 0.03288924 0.01197071 0.0146 0.03428587 0.01177036 0.0146 0.03446827 0.00607769 0.0146 0.0357556 0.00596655 0.0146 0.035 -0 0.0146 0.03625 -0 0.0146 0.03446827 -0.00607769 0.0146 0.0357556 -0.00596655 0.0146 0.03288924 -0.01197071 0.0146 0.03428587 -0.01177036 0.0146 0.03031089 -0.0175 0.0146 0.03188092 -0.01725309 0.0146 0.02681156 -0.02249757 0.0146 0.02860634 -0.02226521 0.0146 0.02249757 -0.02681156 0.0146 0.02455146 -0.02666999 0.0146 0.0175 -0.03031089 0.0146 0.01982687 -0.03034728 0.0146 0.01197071 -0.03288924 0.0146 0.01456146 -0.03319678 0.0146 0.00607769 -0.03446827 0.0146 0.00889885 -0.03514076 0.0146 -0 -0.035 0.0146 0.0029935 -0.03612619 0.0146 -0.0029935 -0.03612619 0.0146 -0.00607769 -0.03446827 0.0146 -0.00889885 -0.03514076 0.0146 -0.01197071 -0.03288924 0.0146 -0.01456146 -0.03319678 0.0146 -0.0175 -0.03031089 0.0146 -0.01982687 -0.03034728 0.0146 -0.02249757 -0.02681156 0.0146 -0.02455146 -0.02666999 0.0146 -0.02681156 -0.02249757 0.0146 -0.02860634 -0.02226521 0.0146 -0.03031089 -0.0175 0.0146 -0.03188092 -0.01725309 0.0146 -0.03288924 -0.01197071 0.0146 -0.03428587 -0.01177036 0.0146 -0.03446827 -0.00607769 0.0146 -0.0357556 -0.00596655 0.0146 -0.035 -0 0.0146 -0.03625 -0 0.0146 -0.03446827 0.00607769 0.0146 -0.0357556 0.00596655 0.0146 -0.03288924 0.01197071 0.0146 -0.03428587 0.01177036 0.0146 -0.03031089 0.0175 0.0146 -0.03188092 0.01725309 0.0146 -0.02681156 0.02249757 0.0146 -0.02860634 0.02226521 0.0146 -0.02249757 0.02681156 0.0146 -0.02455146 0.02666999 0.0146 -0.0175 0.03031089 0.0146 -0.01982687 0.03034728 0.0146 -0.01197071 0.03288924 0.0146 -0.01456146 0.03319678 0.0146 -0.00607769 0.03446827 0.0146 -0.00889885 0.03514076 0.0146 -0.0029935 0.03612619 0.0146 0.03625 -0 0.0210008 -0 -0.03625 0.026 -0.035 -0 0.0136 -0.03446827 -0.00607769 0.0136 -0.03288924 -0.01197071 0.0136 -0.03031089 -0.0175 0.0136 -0.02681156 -0.02249757 0.0136 -0.02249757 -0.02681156 0.0136 -0.0175 -0.03031089 0.0136 -0.01197071 -0.03288924 0.0136 -0.00607769 -0.03446827 0.0136 -0 -0.035 0.0136 0.00607769 -0.03446827 0.0136 0.01197071 -0.03288924 0.0136 0.0175 -0.03031089 0.0136 0.02249757 -0.02681156 0.0136 0.02681156 -0.02249757 0.0136 0.03031089 -0.0175 0.0136 0.03288924 -0.01197071 0.0136 0.03446827 -0.00607769 0.0136 0.035 -0 0.0136 -0.03650352 -0.01055902 -0.005 -0.03594106 0.01233858 -0.005 -0.03342 0.018086 -0.005 -0.02998734 0.02334008 -0.005 -0.0257367 0.02795751 -0.005 -0.02194218 0.02023465 -0.005 -0.02148465 0.01977712 -0.005 -0.02085965 0.01960965 -0.005 -0.02023465 0.01977712 -0.005 -0.01977712 0.02023465 -0.005 -0 0.038 -0.005 -0 -0.01055482 -0.005 -0.02078403 0.03181233 -0.005 -0.01526443 0.03479939 -0.005 -0.00932845 0.03683721 -0.005 -0.00313802 0.03787021 -0.005 -0.01977712 -0.02148465 -0.005 -0.03594106 -0.01233858 -0.005 -0.03342 -0.018086 -0.005 -0.02998734 -0.02334008 -0.005 -0.02194218 -0.02148465 -0.005 -0.0257367 -0.02795751 -0.005 -0.02148465 -0.02194218 -0.005 -0.02078403 -0.03181233 -0.005 -0.02085965 -0.02210965 -0.005 -0.01526443 -0.03479939 -0.005 -0.02023465 -0.02194218 -0.005 -0 -0.038 -0.005 -0.00313802 -0.03787021 -0.005 -0.00932845 -0.03683721 -0.005 0.01977712 -0.02148465 -0.005 0.02085965 -0.02210965 -0.005 0.01526443 -0.03479939 -0.005 0.02023465 -0.02194218 -0.005 0.00932845 -0.03683721 -0.005 0.00313802 -0.03787021 -0.005 0.03649709 -0.01058124 -0.005 0.03594106 -0.01233858 -0.005 0.03342 -0.018086 -0.005 0.02194218 -0.02148465 -0.005 0.02998734 -0.02334008 -0.005 0.02148465 -0.02194218 -0.005 0.0257367 -0.02795751 -0.005 0.02078403 -0.03181233 -0.005 0.01977712 0.02023465 -0.005 0.02023465 0.01977712 -0.005 0.02820096 -0.00075 -0.005 0.02875 -0.00129904 -0.005 0.00313802 0.03787021 -0.005 0.0295 -0.0015 -0.005 0.03025 -0.00129904 -0.005 0.03748173 -0.00625459 -0.005 0.03079904 -0.00075 -0.005 0.038 -0 -0.005 0.03748173 0.00625459 -0.005 0.03594106 0.01233858 -0.005 0.00932845 0.03683721 -0.005 0.01526443 0.03479939 -0.005 0.02078403 0.03181233 -0.005 0.0257367 0.02795751 -0.005 0.02998734 0.02334008 -0.005 0.03342 0.018086 -0.005 0.02194218 0.02023465 -0.005 0.02148465 0.01977712 -0.005 0.02085965 0.01960965 -0.005 -0 0.035 0.0136 -0.00313802 0.03787021 0.0136 -0.00607769 0.03446827 0.0136 -0.00932845 0.03683721 0.0136 -0.01197071 0.03288924 0.0136 -0.01526443 0.03479939 0.0136 -0.0175 0.03031089 0.0136 -0.02078403 0.03181233 0.0136 -0.02249757 0.02681156 0.0136 -0.0257367 0.02795751 0.0136 -0.02681156 0.02249757 0.0136 -0.02998734 0.02334008 0.0136 -0.03031089 0.0175 0.0136 -0.03342 0.018086 0.0136 -0.03288924 0.01197071 0.0136 -0.03594106 0.01233858 0.0136 -0.03446827 0.00607769 0.0136 -0.03748173 0.00625459 0.0136 -0.038 -0 0.0136 -0.03748173 -0.00625459 0.0136 -0.03594106 -0.01233858 0.0136 -0.03342 -0.018086 0.0136 -0.02998734 -0.02334008 0.0136 -0.0257367 -0.02795751 0.0136 -0.02078403 -0.03181233 0.0136 -0.01526443 -0.03479939 0.0136 -0.00932845 -0.03683721 0.0136 -0.00313802 -0.03787021 0.0136 0.00313802 -0.03787021 0.0136 0.00932845 -0.03683721 0.0136 0.01526443 -0.03479939 0.0136 0.02078403 -0.03181233 0.0136 0.0257367 -0.02795751 0.0136 0.02998734 -0.02334008 0.0136 0.03342 -0.018086 0.0136 0.03594106 -0.01233858 0.0136 0.03748173 -0.00625459 0.0136 0.038 -0 0.0136 0.03446827 0.00607769 0.0136 0.03748173 0.00625459 0.0136 0.03288924 0.01197071 0.0136 0.03594106 0.01233858 0.0136 0.03031089 0.0175 0.0136 0.03342 0.018086 0.0136 0.02681156 0.02249757 0.0136 0.02998734 0.02334008 0.0136 0.02249757 0.02681156 0.0136 0.0257367 0.02795751 0.0136 0.0175 0.03031089 0.0136 0.02078403 0.03181233 0.0136 0.01197071 0.03288924 0.0136 0.01526443 0.03479939 0.0136 0.00607769 0.03446827 0.0136 0.00932845 0.03683721 0.0136 0.00313802 0.03787021 0.0136 0.01964841 0.01740697 0.036 0.02160333 0.0149117 0.036 -0.01740697 0.01964841 0.036 -0.0149117 0.02160333 0.036 -0.00930838 0.02454418 0.036 -0.01219898 0.02324322 0.036 0.00930838 0.02454418 0.036 0.00628204 0.02548722 0.036 0.01740697 0.01964841 0.036 0.0149117 0.02160333 0.036 0.01219898 0.02324322 0.036 0.02625 -0 0.036 0.02605861 0.00316409 0.036 -0 -0.02625 0.036 0.00316409 0.02605861 0.036 -0 0.02625 0.036 -0.00316409 0.02605861 0.036 -0.00628204 0.02548722 0.036 0.02548722 0.00628204 0.036 0.02454418 0.00930838 0.036 0.02324322 0.01219898 0.036 -0.02548722 0.00628204 0.036 -0.02605861 0.00316409 0.036 -0.01964841 0.01740697 0.036 -0.02160333 0.0149117 0.036 -0.02324322 0.01219898 0.036 -0.02454418 0.00930838 0.036 0.03625 -0 0.0146 0.02059235 0.02983317 0.026 0.01982687 0.03034728 0.026 0.01684622 0.03209778 0.026 0.01456146 0.03319678 0.026 0.01285443 0.03389434 0.026 0.00867519 0.03519664 0.026 0.00436945 0.0359857 0.026 0.0029935 0.03612619 0.026 -0 0.03625 0.026 -0.0029935 0.03612619 0.026 -0.00436945 0.0359857 0.026 -0.00867519 0.03519664 0.026 -0.01285443 0.03389434 0.026 -0.01456146 0.03319678 0.026 -0.01684622 0.03209778 0.026 -0.01982687 0.03034728 0.026 -0.02059235 0.02983317 0.026 -0.0240382 0.02713352 0.026 -0.02713352 0.0240382 0.026 -0.02455146 0.02666999 0.026 -0.02983317 0.02059235 0.026 -0.02860634 0.02226521 0.026 -0.03428587 0.01177036 0.026 -0.03389434 0.01285443 0.026 -0.03209778 0.01684622 0.026 -0.03188092 0.01725309 0.026 -0.03519664 0.00867519 0.026 -0.0357556 0.00596655 0.026 -0.0359857 0.00436945 0.026 0.02148465 0.01977712 -0.001 0.02085965 0.01960965 -0.001 0.02194218 0.02023465 -0.001 0.01977712 0.02023465 -0.001 0.02023465 0.01977712 -0.001 -0.02023465 0.01977712 -0.001 -0.02085965 0.01960965 -0.001 -0.01977712 0.02023465 -0.001 -0.02194218 0.02023465 -0.001 -0.02148465 0.01977712 -0.001 -0.02023465 -0.02194218 -0.001 -0.02085965 -0.02210965 -0.001 -0.01977712 -0.02148465 -0.001 -0.02194218 -0.02148465 -0.001 -0.02148465 -0.02194218 -0.001 0.02148465 -0.02194218 -0.001 0.02085965 -0.02210965 -0.001 0.02194218 -0.02148465 -0.001 0.01977712 -0.02148465 -0.001 0.02023465 -0.02194218 -0.001 0.0167297 0.03187578 0.02822521 -0 0.03599928 0.02822521 -0.0167297 0.03187578 0.02822521 -0.02044992 0.02962683 0.02822521 -0.02694585 0.02387194 0.02822521 -0.03187578 0.0167297 0.02822521 -0.03495321 0.00861519 0.02822521 0.01935301 0.02803767 0.0322349 0.01845353 0.02673455 0.03381832 0.02154147 0.0243153 0.03381832 0.01737644 0.02517412 0.03500969 0.02028415 0.02289607 0.03500969 0.01617576 0.02343464 0.03574928 0.01888256 0.021314 0.03574928 0.02260911 0.02831932 0.02650003 0.02044992 0.02962683 0.02822521 0.02002979 0.02901815 0.03033884 0.02259147 0.0255005 0.0322349 0.0255005 0.02259147 0.0322349 0.02803767 0.01935301 0.0322349 0.03016599 0.01583233 0.0322349 0.03307835 0.00815308 0.0322349 0.03185443 0.01208079 0.0322349 0.03381992 0.00410648 0.0322349 0.03406832 -0 0.0322349 0.021314 0.01888256 0.03574928 0.02343464 0.01617576 0.03574928 0.02521355 0.01323309 0.03574928 0.02662478 0.01009745 0.03574928 0.02764777 0.00681456 0.03574928 0.02826759 0.00343231 0.03574928 0.02847521 -0 0.03574928 0.02289607 0.02028415 0.03500969 0.02517412 0.01737644 0.03500969 0.02708507 0.01421534 0.03500969 0.02860106 0.01084695 0.03500969 0.02969998 0.00732039 0.03500969 0.03036581 0.00368708 0.03500969 0.03058884 -0 0.03500969 0.0243153 0.02154147 0.03381832 0.02673455 0.01845353 0.03381832 0.02876395 0.01509648 0.03381832 0.03037391 0.0115193 0.03381832 0.03154095 0.00777414 0.03381832 0.03224805 0.00391562 0.03381832 0.0324849 -0 0.03381832 -0.02826759 0.00343231 0.03574928 -0.02764777 0.00681456 0.03574928 -0.03036581 0.00368708 0.03500969 -0.02969998 0.00732039 0.03500969 -0.03224805 0.00391562 0.03381832 -0.03154095 0.00777414 0.03381832 -0.03381992 0.00410648 0.0322349 -0.03307835 0.00815308 0.0322349 -0.0350026 0.00425009 0.03033884 -0.0342351 0.0084382 0.03033884 -0.0357368 0.00433923 0.02822521 -0.02343464 0.01617576 0.03574928 -0.021314 0.01888256 0.03574928 -0.02517412 0.01737644 0.03500969 -0.02289607 0.02028415 0.03500969 -0.02673455 0.01845353 0.03381832 -0.0243153 0.02154147 0.03381832 -0.02803767 0.01935301 0.0322349 -0.0255005 0.02259147 0.0322349 -0.02901815 0.02002979 0.03033884 -0.02639226 0.0233815 0.03033884 -0.02962683 0.02044992 0.02822521 -0.00343231 0.02826759 0.03574928 -0 0.02847521 0.03574928 -0.00368708 0.03036581 0.03500969 -0 0.03058884 0.03500969 -0.00391562 0.03224805 0.03381832 -0 0.0324849 0.03381832 -0.00410648 0.03381992 0.0322349 -0 0.03406832 0.0322349 -0.00425009 0.0350026 0.03033884 -0 0.03525969 0.03033884 -0.00433923 0.0357368 0.02822521 0.01009745 0.02662478 0.03574928 0.01323309 0.02521355 0.03574928 0.01084695 0.02860106 0.03500969 0.01421534 0.02708507 0.03500969 0.0115193 0.03037391 0.03381832 0.01509648 0.02876395 0.03381832 0.01208079 0.03185443 0.0322349 0.01583233 0.03016599 0.0322349 0.01250326 0.03296838 0.03033884 0.01638599 0.0312209 0.03033884 0.01276552 0.03365991 0.02822521 -0.03406832 -0 0.0322349 -0.03365991 0.01276552 0.02822521 -0.03296838 0.01250326 0.03033884 -0.03185443 0.01208079 0.0322349 -0.03037391 0.0115193 0.03381832 -0.02860106 0.01084695 0.03500969 -0.02662478 0.01009745 0.03574928 -0.02521355 0.01323309 0.03574928 -0.02708507 0.01421534 0.03500969 -0.02876395 0.01509648 0.03381832 -0.03016599 0.01583233 0.0322349 -0.0312209 0.01638599 0.03033884 -0.02387194 0.02694585 0.02822521 -0.0233815 0.02639226 0.03033884 -0.02259147 0.0255005 0.0322349 -0.02154147 0.0243153 0.03381832 -0.02028415 0.02289607 0.03500969 -0.01888256 0.021314 0.03574928 -0.01617576 0.02343464 0.03574928 -0.01737644 0.02517412 0.03500969 -0.01845353 0.02673455 0.03381832 -0.01935301 0.02803767 0.0322349 -0.02002979 0.02901815 0.03033884 -0.01638599 0.0312209 0.03033884 -0.01583233 0.03016599 0.0322349 -0.01509648 0.02876395 0.03381832 -0.01421534 0.02708507 0.03500969 -0.01323309 0.02521355 0.03574928 -0.01276552 0.03365991 0.02822521 -0.01250326 0.03296838 0.03033884 -0.01208079 0.03185443 0.0322349 -0.0115193 0.03037391 0.03381832 -0.01084695 0.02860106 0.03500969 -0.01009745 0.02662478 0.03574928 -0.00681456 0.02764777 0.03574928 -0.00732039 0.02969998 0.03500969 -0.00777414 0.03154095 0.03381832 -0.00815308 0.03307835 0.0322349 -0.0084382 0.0342351 0.03033884 -0.00861519 0.03495321 0.02822521 0.00433923 0.0357368 0.02822521 0.00425009 0.0350026 0.03033884 0.00410648 0.03381992 0.0322349 0.00391562 0.03224805 0.03381832 0.00368708 0.03036581 0.03500969 0.00343231 0.02826759 0.03574928 0.00681456 0.02764777 0.03574928 0.00732039 0.02969998 0.03500969 0.00777414 0.03154095 0.03381832 0.00815308 0.03307835 0.0322349 0.0084382 0.0342351 0.03033884 0.00861519 0.03495321 0.02822521 0.02225 -0.01510222 0.02677646 0.02225 -0.01540192 0.0275 0.02225 -0.01587868 0.02812132 0.02225 -0.0165 0.02859808 0.02225 -0.01722354 0.02889778 0.02225 -0.018 0.029 0.02225 -0.01877646 0.02889778 0.02225 -0.0195 0.02859808 0.02225 -0.02012132 0.02812132 0.02225 -0.02059808 0.0275 0.02225 -0.02089778 0.02677646 0.02575 0.01489778 0.02677646 0.02575 0.01459808 0.0275 0.02575 0.01412132 0.02812132 0.02575 0.0135 0.02859808 0.02575 0.01277646 0.02889778 0.02575 0.012 0.029 0.02575 0.01122354 0.02889778 0.02575 0.0105 0.02859808 0.02575 0.00987868 0.02812132 0.02575 0.00940192 0.0275 0.02575 0.00910222 0.02677646 0.026 0.00916693 0.02675912 0.02618301 0.0093437 0.02671175 0.02618301 0.00961843 0.027375 0.02618301 0.01005546 0.02794454 0.02618301 0.010625 0.02838157 0.02618301 0.01128825 0.0286563 0.02618301 0.012 0.02875 0.02618301 0.01271175 0.0286563 0.02618301 0.013375 0.02838157 0.02618301 0.01394454 0.02794454 0.02618301 0.01438157 0.027375 0.02618301 0.0146563 0.02671175 0.026 0.00945994 0.02746651 0.026 0.00992605 0.02807395 0.026 0.01053349 0.02854006 0.026 0.01124088 0.02883307 0.026 0.012 0.02893301 0.026 0.01275912 0.02883307 0.026 0.01346651 0.02854006 0.026 0.01407395 0.02807395 0.026 0.01454006 0.02746651 0.026 0.01483307 0.02675912 0.02275 -0.02076837 0.02674178 0.02311603 -0.02041481 0.02664705 0.02311603 -0.02016506 0.02725 0.02311603 -0.01976777 0.02776777 0.02311603 -0.01925 0.02816506 0.02311603 -0.01864705 0.02841481 0.02311603 -0.018 0.0285 0.02311603 -0.01735295 0.02841481 0.02311603 -0.01675 0.02816506 0.02311603 -0.01623223 0.02776777 0.02311603 -0.01583494 0.02725 0.02311603 -0.01558519 0.02664705 0.02275 -0.02048205 0.02743301 0.02275 -0.02002659 0.02802659 0.02275 -0.01943301 0.02848205 0.02275 -0.01874178 0.02876837 0.02275 -0.018 0.02886602 0.02275 -0.01725822 0.02876837 0.02275 -0.01656699 0.02848205 0.02275 -0.01597341 0.02802659 0.02275 -0.01551795 0.02743301 0.02275 -0.01523163 0.02674178</float_array>
          <technique_common>
            <accessor source="#pos_0-array" count="4782" stride="3">
              <param name="X" type="float"/>
              <param name="Y" type="float"/>
              <param name="Z" type="float"/>
            </accessor>
          </technique_common>
        </source>
        <source id="norm_0">
          <float_array id="norm_0-array" count="5754">0 0 1 -1 -0 0 -0 1 0 1 0 0 0.11353 -0.99353 0 0.39394 -0.91913 0 0.71818 -0.69585 0 0.9871 -0.16011 0 -0.88683 -0.46209 0 -0.64977 -0.76013 0 -0.21363 -0.97691 0 0.45128 -0.89238 0 -0.45115 0.89245 0 0 -1 0 0.12146 -0.9926 0 0.47499 -0.87999 0 0.82657 -0.56284 0 0.99137 -0.13109 0 -0.99881 -0.04877 0 -0.93676 -0.34996 0 -0.64599 -0.76335 0 -0.21784 -0.97598 0 0.11353 -0.99353 0 0.71818 -0.69585 0 0.9871 -0.16011 0 -0.21363 -0.97691 0 0.45128 -0.89238 0 0.37462 0.92718 0 0.37446 -0.92724 0 -0.35432 0.93512 0 -0.35432 -0.93512 0 0.10686 -0.99427 0 0.43457 -0.90064 0 0.80305 -0.59591 0 0.99183 -0.1276 0 -0.90398 -0.42758 0 -0.65634 -0.75446 0 -0.21586 -0.97642 0 -0.99972 -0.02364 0 -0.99212 -0.12528 0 -0.99828 0.05861 0 -0.93732 0.34848 0 -0.68539 0.72817 0 -0.24408 0.96976 0 0.18576 0.98259 0 0.58333 0.81223 0 0.8852 0.4652 0 0.99434 0.10624 0 -0.99448 0.10494 0 -0.89277 0.4505 0 -0.53791 0.843 0 -0.15107 0.98852 0 0.15134 0.98848 0 0.53743 0.84331 0 0.85984 0.51057 0 0.99346 0.11419 0 -0.39628 0.91813 0 -0.39628 -0.91813 0 -0.99878 0.04933 0 -0.96625 0.25759 0 -0.85586 0.5172 0 -0.68871 0.72504 0 -0.2226 0.97491 0 0.11385 0.9935 0 0.45048 0.89278 0 0.80924 0.58748 0 0.99361 0.1129 0 0.19509 0.98079 0 0.55557 0.83147 0 0.83147 0.55557 0 0.98079 0.19509 0 -0.98079 0.19509 0 -0.83147 0.55557 0 -0.55557 0.83147 0 -0.19509 0.98079 0 -0.19509 -0.98079 0 -0.55557 -0.83147 0 -0.83147 -0.55557 0 -0.98079 -0.19509 0 0.98079 -0.19509 0 0.83147 -0.55557 0 0.55557 -0.83147 0 0.19509 -0.98079 0 -0.98079 -0.19509 0 -0.83147 -0.55557 0 -0.55557 -0.83147 0 -0.19509 -0.98079 0 0.19509 -0.98079 0 0.55557 -0.83147 0 0.83147 -0.55557 0 0.98079 -0.19509 0 0.98079 0.19509 0 0.83147 0.55557 0 0.55557 0.83147 0 0.19509 0.98079 0 -0.19509 0.98079 0 -0.55557 0.83147 0 -0.83147 0.55557 0 -0.98079 0.19509 0 0.25675 0.95821 -0.12615 0.70406 0.70406 -0.09269 0.96537 0.25867 -0.03405 0.96537 0.25867 -0.03405 0.96537 0.24104 -0.09984 0.96537 0.24104 -0.09984 0.96537 0.20699 -0.15883 0.96537 0.20699 -0.15883 0.96537 0.15883 -0.20699 0.96537 0.15883 -0.20699 0.96537 0.09984 -0.24104 0.96537 0.09984 -0.24104 0.96537 0.03405 -0.25867 0.96537 0.03405 -0.25867 0.96537 -0.03405 -0.25867 0.96537 -0.03405 -0.25867 0.96537 -0.09984 -0.24104 0.96537 -0.09984 -0.24104 0.96537 -0.15883 -0.20699 0.96537 -0.15883 -0.20699 0.96537 -0.20699 -0.15883 0.96537 -0.20699 -0.15883 0.96537 -0.24104 -0.09984 0.96537 -0.24104 -0.09984 0.96537 -0.25867 -0.03405 0.96537 -0.25867 -0.03405 0.70406 0.70406 -0.09269 0.70406 0.65608 -0.27176 0.70406 0.65608 -0.27176 0.70406 0.56339 -0.43231 0.70406 0.56339 -0.4323 0.70406 0.43231 -0.56339 0.70406 0.43231 -0.56339 0.70406 0.27176 -0.65608 0.70406 0.27176 -0.65608 0.70406 0.09269 -0.70406 0.70406 0.09269 -0.70406 0.70406 -0.09269 -0.70406 0.70406 -0.09269 -0.70406 0.70406 -0.27176 -0.65608 0.70406 -0.27176 -0.65608 0.70406 -0.43231 -0.56339 0.70406 -0.43231 -0.56339 0.70406 -0.56339 -0.43231 0.70406 -0.56339 -0.43231 0.70406 -0.65608 -0.27176 0.70406 -0.65608 -0.27176 0.70406 -0.70406 -0.09269 0.70406 -0.70406 -0.09269 0.25675 0.95821 -0.12615 0.25675 0.89291 -0.36985 0.25675 0.89291 -0.36985 0.25675 0.76676 -0.58835 0.25675 0.76676 -0.58835 0.25675 0.58835 -0.76676 0.25675 0.58835 -0.76676 0.25675 0.36985 -0.89291 0.25675 0.36985 -0.89291 0.25675 0.12615 -0.95821 0.25675 0.12615 -0.95821 0.25675 -0.12615 -0.95821 0.25675 -0.12615 -0.95821 0.25675 -0.36985 -0.89291 0.25675 -0.36986 -0.89291 0.25675 -0.58835 -0.76676 0.25675 -0.58835 -0.76676 0.25675 -0.76676 -0.58835 0.25675 -0.76676 -0.58835 0.25675 -0.89291 -0.36986 0.25675 -0.89291 -0.36985 0.25675 -0.95821 -0.12615 0.25675 -0.95821 -0.12615 0.25675 0.95821 -0.12615 0.70406 0.70406 -0.09269 0.96537 0.25866 -0.03405 0.96537 0.25867 -0.03405 0.96537 0.24104 -0.09984 0.96537 0.24104 -0.09984 0.96537 0.20698 -0.15882 0.96537 0.20698 -0.15882 0.96537 0.15882 -0.20698 0.96537 0.15882 -0.20698 0.96537 0.09984 -0.24104 0.96537 0.09984 -0.24104 0.96537 0.03405 -0.25867 0.96537 0.03405 -0.25866 0.96537 -0.03405 -0.25866 0.96537 -0.03405 -0.25867 0.96537 -0.09984 -0.24104 0.96537 -0.09984 -0.24104 0.96537 -0.15882 -0.20698 0.96537 -0.15882 -0.20698 0.96537 -0.20698 -0.15882 0.96537 -0.20698 -0.15882 0.96537 -0.24104 -0.09984 0.96537 -0.24104 -0.09984 0.96537 -0.25867 -0.03405 0.96537 -0.25867 -0.03405 0.70406 0.70406 -0.09269 0.70406 0.65608 -0.27176 0.70406 0.65608 -0.27176 0.70406 0.56339 -0.4323 0.70406 0.56339 -0.43231 0.70406 0.43231 -0.56339 0.70406 0.43231 -0.56339 0.70406 0.27176 -0.65608 0.70407 0.27176 -0.65608 0.70407 0.09269 -0.70406 0.70406 0.09269 -0.70406 0.70406 -0.09269 -0.70406 0.70407 -0.09269 -0.70406 0.70407 -0.27176 -0.65608 0.70406 -0.27176 -0.65608 0.70406 -0.43231 -0.56339 0.70406 -0.4323 -0.56339 0.70406 -0.56339 -0.4323 0.70406 -0.56339 -0.4323 0.70406 -0.65608 -0.27176 0.70406 -0.65608 -0.27176 0.70406 -0.70406 -0.09269 0.70406 -0.70406 -0.09269 0.25675 0.95821 -0.12615 0.25675 0.89291 -0.36986 0.25675 0.89291 -0.36985 0.25675 0.76676 -0.58835 0.25675 0.76676 -0.58836 0.25675 0.58835 -0.76676 0.25676 0.58835 -0.76676 0.25676 0.36986 -0.89291 0.25675 0.36985 -0.89291 0.25675 0.12615 -0.95821 0.25675 0.12615 -0.95821 0.25675 -0.12615 -0.95821 0.25675 -0.12615 -0.95821 0.25675 -0.36986 -0.89291 0.25676 -0.36985 -0.89291 0.25676 -0.58835 -0.76676 0.25675 -0.58836 -0.76676 0.25675 -0.76676 -0.58836 0.25675 -0.76676 -0.58836 0.25675 -0.89291 -0.36985 0.25675 -0.89291 -0.36985 0.25675 -0.95821 -0.12615 0.25675 -0.95821 -0.12615 0 -0.99144 -0.13053 0.00852 -0.96589 -0.25881 0 -0.92388 -0.38268 0 -0.79335 -0.60876 0.00852 -0.70708 -0.70708 0 -0.60876 -0.79335 0 -0.38268 -0.92388 0.00852 -0.25881 -0.96589 0 -0.13053 -0.99144 -0 0.13053 -0.99144 0.00852 0.25881 -0.96589 -0 0.38268 -0.92388 -0 0.60876 -0.79335 0.00852 0.70708 -0.70708 -0 0.99144 -0.13053 0.00852 0.96589 -0.25881 -0 0.92388 -0.38269 -0 0.79335 -0.60876 0 -0.99144 -0.13053 -0.01076 -0.96587 -0.2588 0 -0.92388 -0.38268 0 -0.79335 -0.60876 -0.01076 -0.70707 -0.70707 0 -0.60876 -0.79335 0 -0.38268 -0.92388 -0.01076 -0.2588 -0.96587 0 -0.13053 -0.99144 -0 0.13053 -0.99144 -0.01076 0.2588 -0.96587 -0 0.38268 -0.92388 -0 0.60876 -0.79335 -0.01076 0.70707 -0.70707 -0 0.79335 -0.60876 -0 0.92388 -0.38268 -0.01076 0.96587 -0.2588 -0 0.99144 -0.13053 0 -0.99144 -0.13053 -0.01703 -0.96579 -0.25878 0 -0.79335 -0.60876 -0.01703 -0.707 -0.707 0 -0.60876 -0.79335 -0.01703 -0.25878 -0.96579 0 -0.13053 -0.99145 -0.01703 0.25878 -0.96579 -0 0.38268 -0.92388 -0 0.60876 -0.79335 -0.01703 0.707 -0.707 -0 0.79335 -0.60876 -0.01703 0.96579 -0.25878 -0 0.99144 -0.13053 0 -0.99099 0.13393 0.01232 -0.96585 0.2588 0 -0.92256 0.38586 0 -0.79953 0.60063 0.01131 -0.70706 0.70706 0 -0.61683 0.7871 0 -0.3825 0.92395 0.01003 -0.25881 0.96588 0 -0.13034 0.99147 0 -0.25882 -0.96593 0.01874 -0.3686 -0.9294 0 -0.13008 -0.9915 0 -0.96593 -0.25882 0.02345 -0.99024 -0.13736 0 -0.9224 -0.38624 0 -0.70711 -0.70711 0.02314 -0.79145 -0.6108 0 -0.61683 -0.7871 0 0 -1 -0 0.99145 -0.13046 0.00576 0.96591 -0.25881 -0 0.9239 -0.38263 -0 0.79316 -0.60901 0.00579 0.70709 -0.7071 -0 0.60851 -0.79355 -0 0.38273 -0.92386 0.00586 0.25881 -0.96591 -0 0.13058 -0.99144 -0 0.13002 0.99151 0.00586 0.25881 0.96591 -0 0.38221 0.92408 -0 0.60864 0.79345 0.00579 0.7071 0.70709 -0 0.79326 0.60889 -0 0.92366 0.38321 0.00576 0.96591 0.25881 -0 0.99137 0.13109 0 -0.13001 -0.99151 0.00586 -0.25881 -0.96591 0 -0.38221 -0.92408 0 -0.60864 -0.79345 0.00579 -0.70709 -0.7071 0 -0.79326 -0.60889 0 -0.92366 -0.38321 0.00576 -0.96591 -0.25881 0 -0.99137 -0.13109 -0 0.99099 -0.13393 0.01232 0.96585 -0.2588 -0 0.92256 -0.38586 -0 0.79953 -0.60062 0.01131 0.70706 -0.70706 -0 0.61684 -0.78709 -0 0.38251 -0.92395 0.01003 0.25881 -0.96588 -0 0.13033 -0.99147 -0 0.25882 0.96593 0.01874 0.3686 0.9294 -0 0.13008 0.9915 -0 0.96593 0.25882 0.02345 0.99024 0.13736 -0 0.9224 0.38624 -0 0.70711 0.70711 0.02314 0.79145 0.61079 -0 0.61684 0.78709 0 -0.99145 0.13046 0.00576 -0.96591 0.25881 0 -0.9239 0.38263 0 -0.79316 0.60901 0.00579 -0.7071 0.70709 0 -0.60851 0.79355 0 -0.38273 0.92386 0.00586 -0.25881 0.96591 0 -0.13058 0.99144 -0.97322 -0.20083 0.11188 -0.93462 -0.33756 0.11195 -0.84713 -0.51949 0.1118 -0.76438 -0.63498 0.11191 -0.66602 -0.73749 0.11196 -0.50323 -0.85688 0.11184 -0.04106 -0.99287 0.11187 0.43075 -0.89551 0.1119 0.55405 -0.82492 0.11196 0.70646 -0.04273 0.70646 0.53176 -0.03217 0.84629 0.33021 -0.01997 0.94369 0.11196 -0.00677 0.99369 0.82576 -0.03476 0.56294 0.80849 -0.0489 0.58648 0.82675 -0.09831 0.55391 0.8208 -0.15042 0.55106 0.77588 -0.1657 0.60874 0.80777 -0.13072 0.57483 0.76915 -0.34617 0.53719 0.70015 -0.34943 0.62265 0.77532 -0.30855 0.55106 0.77656 -0.24199 0.58171 0.76937 -0.24476 0.59005 0.79514 -0.21658 0.56643 0.63548 -0.49787 0.59016 0.67163 -0.491 0.55483 0.70012 -0.42324 0.57507 0.67602 -0.42487 0.60207 0.71249 -0.40702 0.57158 0.54829 -0.63775 0.54097 0.56567 -0.60426 0.56116 0.57054 -0.57054 0.59073 0.58436 -0.56899 0.57859 0.63054 -0.54796 0.54969 0.52204 -0.66448 0.53473 0.52118 -0.66524 0.53463 0.52099 -0.66798 0.53139 0.56034 -0.75963 0.33013 0.54222 -0.78853 0.2902 0.55872 -0.75251 0.34865 0.5564 -0.7228 0.40985 0.54459 -0.69408 0.47083 0.59617 -0.80247 0.02503 0.58666 -0.80635 0.07503 0.5726 -0.81215 0.11196 0.57821 -0.80565 0.12883 0.58821 -0.7832 0.2015 0.11196 -0.00677 0.99369 0.11033 -0.02022 0.99369 0.11033 -0.02022 0.99369 0.10709 -0.03337 0.99369 0.10709 -0.03337 0.99369 0.10228 -0.04603 0.99369 0.10228 -0.04603 0.99369 0.09599 -0.05803 0.99369 0.09599 -0.05803 0.99369 0.0883 -0.06917 0.99369 0.0883 -0.06917 0.99369 0.07931 -0.07931 0.99369 0.06917 -0.0883 0.99369 0.06917 -0.0883 0.99369 0.33021 -0.01997 0.94369 0.3254 -0.05963 0.94369 0.3254 -0.05963 0.94369 0.31584 -0.09842 0.94369 0.31584 -0.09842 0.94369 0.30167 -0.13577 0.94369 0.30167 -0.13577 0.94369 0.28311 -0.17114 0.94369 0.28311 -0.17114 0.9437 0.26041 -0.20402 0.9437 0.26041 -0.20402 0.94369 0.23392 -0.23392 0.94369 0.20402 -0.26041 0.94369 0.20402 -0.26041 0.9437 0.53176 -0.03217 0.84629 0.524 -0.09603 0.84629 0.524 -0.09603 0.84629 0.50861 -0.15849 0.84629 0.50861 -0.15849 0.84629 0.4858 -0.21864 0.84629 0.4858 -0.21864 0.84629 0.4559 -0.2756 0.84629 0.4559 -0.2756 0.84629 0.41936 -0.32854 0.84629 0.3767 -0.3767 0.84629 0.32854 -0.41936 0.84629 0.32854 -0.41936 0.84629 0.70646 -0.04273 0.70646 0.69616 -0.12758 0.70646 0.69616 -0.12758 0.70646 0.67571 -0.21056 0.70646 0.67571 -0.21056 0.70646 0.6454 -0.29047 0.70646 0.6454 -0.29047 0.70646 0.60568 -0.36615 0.70646 0.60568 -0.36615 0.70646 0.55713 -0.43648 0.70646 0.55713 -0.43648 0.70646 0.50046 -0.50046 0.70646 0.43648 -0.55713 0.70646 0.43648 -0.55713 0.70646 0.00677 -0.11196 0.99369 0.00677 -0.11196 0.99369 0.01997 -0.33021 0.94369 0.01997 -0.33021 0.94369 0.03217 -0.53176 0.84629 0.03217 -0.53176 0.84629 0.04273 -0.70646 0.70646 0.04273 -0.70646 0.70646 0.05115 -0.84562 0.53134 0.05115 -0.84562 0.53134 0.057 -0.94235 0.32974 0.057 -0.94235 0.32974 -0.04603 -0.10228 0.99369 -0.04603 -0.10228 0.99369 -0.13577 -0.30167 0.94369 -0.13577 -0.30167 0.94369 -0.21864 -0.4858 0.84629 -0.21864 -0.4858 0.84629 -0.29047 -0.6454 0.70646 -0.29047 -0.6454 0.70646 -0.34769 -0.77253 0.53134 -0.34769 -0.77253 0.53134 -0.38746 -0.8609 0.32974 -0.38746 -0.8609 0.32974 0.50323 -0.85688 0.11184 0.51287 -0.8484 0.13108 0.4884 -0.80792 0.32974 0.4884 -0.80792 0.32974 0.43827 -0.72498 0.53134 0.43827 -0.72498 0.53134 0.36615 -0.60568 0.70646 0.36615 -0.60568 0.70646 0.2756 -0.4559 0.84629 0.2756 -0.4559 0.84629 0.17114 -0.28311 0.94369 0.17114 -0.28311 0.9437 0.05803 -0.09599 0.99369 0.05803 -0.09599 0.99369 0.37589 -0.91988 0.11193 0.40637 -0.90291 0.14005 0.38746 -0.8609 0.32974 0.38746 -0.8609 0.32974 0.34769 -0.77253 0.53134 0.34769 -0.77253 0.53134 0.29047 -0.6454 0.70646 0.29047 -0.6454 0.70646 0.21864 -0.4858 0.84629 0.21864 -0.4858 0.84629 0.13577 -0.30167 0.94369 0.13577 -0.30167 0.94369 0.04603 -0.10228 0.99369 0.04603 -0.10228 0.99369 0.03337 -0.10709 0.99369 0.03337 -0.10709 0.99369 0.09842 -0.31584 0.94369 0.09842 -0.31584 0.94369 0.15849 -0.50861 0.84629 0.21056 -0.67571 0.70646 0.21056 -0.67571 0.70646 0.25203 -0.8088 0.53134 0.25203 -0.8088 0.53134 0.28086 -0.90132 0.32974 0.28086 -0.90132 0.32974 0.29564 -0.94874 0.11176 0.29564 -0.94874 0.11176 0.02022 -0.11033 0.99369 0.02022 -0.11033 0.99369 0.05963 -0.3254 0.94369 0.05963 -0.3254 0.94369 0.09603 -0.524 0.84629 0.09603 -0.524 0.84629 0.12758 -0.69616 0.70646 0.12758 -0.69616 0.70646 0.15271 -0.83328 0.53134 0.15271 -0.83329 0.53134 0.17017 -0.92861 0.32974 0.17017 -0.92861 0.32974 0.17913 -0.97746 0.11176 0.17913 -0.97746 0.11176 0.06 -0.99192 0.11176 0.04087 -0.98811 0.14819 0.10094 -0.98857 0.11194 -0.10094 -0.98857 0.11194 -0.05981 -0.98878 0.13685 -0.057 -0.94235 0.32974 -0.057 -0.94235 0.32974 -0.05115 -0.84562 0.53134 -0.05115 -0.84562 0.53134 -0.04273 -0.70646 0.70646 -0.04273 -0.70646 0.70646 -0.03217 -0.53176 0.84629 -0.03217 -0.53176 0.84629 -0.01997 -0.33021 0.94369 -0.01997 -0.33021 0.94369 -0.00677 -0.11196 0.99369 -0.00677 -0.11196 0.99369 -0.02022 -0.11033 0.99369 -0.02022 -0.11033 0.99369 -0.05963 -0.3254 0.94369 -0.05963 -0.3254 0.94369 -0.09603 -0.524 0.84629 -0.09603 -0.524 0.84629 -0.12758 -0.69616 0.70646 -0.12758 -0.69616 0.70646 -0.15271 -0.83329 0.53134 -0.15271 -0.83328 0.53134 -0.17017 -0.92861 0.32974 -0.17017 -0.92861 0.32974 -0.17913 -0.97746 0.11176 -0.17913 -0.97746 0.11176 -0.03337 -0.10709 0.99369 -0.03337 -0.10709 0.99369 -0.09842 -0.31584 0.94369 -0.09842 -0.31584 0.94369 -0.15849 -0.50861 0.84629 -0.15849 -0.50861 0.84629 -0.21056 -0.67571 0.70646 -0.21056 -0.67571 0.70646 -0.25203 -0.8088 0.53134 -0.25203 -0.8088 0.53134 -0.28086 -0.90132 0.32974 -0.28086 -0.90132 0.32974 -0.29564 -0.94874 0.11176 -0.29564 -0.94874 0.11176 -0.40784 -0.90619 0.11176 -0.42788 -0.88953 0.1602 -0.37589 -0.91988 0.11193 -0.55405 -0.82492 0.11196 -0.51287 -0.8484 0.13108 -0.4884 -0.80792 0.32974 -0.4884 -0.80792 0.32974 -0.43827 -0.72498 0.53134 -0.43827 -0.72498 0.53134 -0.36615 -0.60568 0.70646 -0.36615 -0.60568 0.70646 -0.2756 -0.4559 0.84629 -0.2756 -0.4559 0.84629 -0.17114 -0.28311 0.9437 -0.17114 -0.28311 0.94369 -0.05803 -0.09599 0.99369 -0.05803 -0.09599 0.99369 -0.06917 -0.0883 0.99369 -0.06917 -0.0883 0.99369 -0.20402 -0.26041 0.9437 -0.20402 -0.26041 0.94369 -0.32854 -0.41936 0.84629 -0.43648 -0.55713 0.70646 -0.43648 -0.55713 0.70646 -0.52246 -0.66687 0.53134 -0.52246 -0.66687 0.53134 -0.58223 -0.74316 0.32974 -0.58223 -0.74316 0.32974 -0.61285 -0.78225 0.11176 -0.61286 -0.78225 0.11176 -0.70934 -0.69594 0.11182 -0.70136 -0.70136 0.12723 -0.66756 -0.66756 0.32974 -0.59903 -0.59903 0.53134 -0.50046 -0.50046 0.70646 -0.3767 -0.3767 0.84629 -0.23392 -0.23392 0.94369 -0.07931 -0.07931 0.99369 -0.80133 -0.58767 0.11192 -0.77935 -0.61058 0.14069 -0.74316 -0.58223 0.32974 -0.74316 -0.58223 0.32974 -0.66687 -0.52246 0.53134 -0.66687 -0.52246 0.53134 -0.55713 -0.43648 0.70646 -0.55713 -0.43648 0.70646 -0.41936 -0.32854 0.84629 -0.41936 -0.32854 0.84629 -0.26041 -0.20402 0.9437 -0.26041 -0.20402 0.94369 -0.0883 -0.06917 0.99369 -0.0883 -0.06917 0.99369 -0.87693 -0.46739 0.11196 -0.84931 -0.51343 0.12273 -0.80792 -0.4884 0.32974 -0.80792 -0.4884 0.32974 -0.72498 -0.43827 0.53134 -0.72498 -0.43827 0.53134 -0.60568 -0.36615 0.70646 -0.60568 -0.36615 0.70646 -0.4559 -0.2756 0.84629 -0.4559 -0.2756 0.84629 -0.28311 -0.17114 0.94369 -0.28311 -0.17114 0.9437 -0.09599 -0.05803 0.99369 -0.09599 -0.05803 0.99369 -0.10228 -0.04603 0.99369 -0.10228 -0.04603 0.99369 -0.30167 -0.13577 0.94369 -0.30167 -0.13577 0.94369 -0.4858 -0.21864 0.84629 -0.4858 -0.21864 0.84629 -0.6454 -0.29047 0.70646 -0.6454 -0.29047 0.70646 -0.77253 -0.34769 0.53134 -0.77253 -0.34769 0.53134 -0.8609 -0.38746 0.32974 -0.8609 -0.38746 0.32974 -0.90619 -0.40784 0.11176 -0.90619 -0.40784 0.11176 -0.95331 -0.28052 0.11185 -0.94607 -0.29481 0.13429 -0.90132 -0.28086 0.32974 -0.90132 -0.28086 0.32974 -0.8088 -0.25203 0.53134 -0.8088 -0.25203 0.53134 -0.67571 -0.21056 0.70646 -0.67571 -0.21056 0.70646 -0.50861 -0.15849 0.84629 -0.31584 -0.09842 0.94369 -0.31584 -0.09842 0.94369 -0.10709 -0.03337 0.99369 -0.10709 -0.03337 0.99369 -0.98356 -0.14171 0.11194 -0.9741 -0.17851 0.13877 -0.92861 -0.17017 0.32974 -0.92861 -0.17017 0.32974 -0.83329 -0.15271 0.53134 -0.83328 -0.15271 0.53134 -0.69616 -0.12758 0.70646 -0.69616 -0.12758 0.70646 -0.524 -0.09603 0.84629 -0.524 -0.09603 0.84629 -0.3254 -0.05963 0.94369 -0.3254 -0.05963 0.94369 -0.11033 -0.02022 0.99369 -0.11033 -0.02022 0.99369 -0.11196 -0.00677 0.99369 -0.11196 -0.00677 0.99369 -0.33021 -0.01997 0.94369 -0.33021 -0.01997 0.94369 -0.53176 -0.03217 0.84629 -0.53176 -0.03217 0.84629 -0.70646 -0.04273 0.70646 -0.70646 -0.04273 0.70646 -0.84562 -0.05115 0.53134 -0.84562 -0.05115 0.53134 -0.94235 -0.057 0.32974 -0.94235 -0.057 0.32974 -0.99192 -0.06 0.11176 -0.99192 -0.06 0.11176 0.67836 0.73395 -0.03381 0.69628 0.71749 0.01995 0.67009 0.74177 -0.02763 0.67117 0.74091 -0.02418 0.67657 0.73631 0.01013 0.66881 0.7433 -0.01444 0.67054 0.7414 0.02669 0.6715 0.74069 0.02165 0.67504 0.73771 -0.01049 0.66986 0.74243 0.00934 0.66989 0.74246 0 0.66989 0.74246 2E-05 0.66986 0.74243 -0.0087 0.67064 0.74131 0.02646 0.69758 0.71626 -0.01888 0.6792 0.73327 0.03161 0.72158 0.69233 -0.00315 0.696 0.71797 0.01002 0.68431 0.7288 0.02397 0.73071 0.68269 0 0.74534 0.66669 0 0.75032 0.66105 -0.00478 0.76352 0.64578 0.00264 0.77668 0.62987 -0.0055 0.78104 0.62448 0.00052 0.80274 0.59632 -0.0008 0.8142 0.57987 0.02892 0.82691 0.56234 0 0.91661 0.39978 0 0.90909 0.4166 0 0.87732 0.4738 0.07624 0.87804 0.46749 0.10246 0.85005 0.52671 0 0.94383 0.32341 0.06778 0.94289 0.31172 0.11745 0.92648 0.37633 0.0024 0.99443 0.10541 0.00172 0.99073 0.13375 -0.02364 0.99416 0.09441 0.05231 0.98691 0.15794 -0.03275 0.9908 0.1323 0.02855 0.98145 0.19103 -0.01618 0.98462 0.17432 0.01133 0.97432 0.22475 -0.01338 0.97596 0.21794 0 0.96582 0.2592 0 0.99247 0.12199 -0.01054 0.99359 0.11291 -0.00473 0.99443 0.10542 -0.00172 0.9936 0.1129 0.00472 0.99247 0.122 0.01055 0.99553 0.09158 -0.02318 0.99225 0.12421 0.00197 0.98837 0.15204 -0.00067 0.98558 0.16917 0.00492 0.98153 0.18938 0.02709 0.9815 0.18959 0.02677 0.97107 0.23799 -0.01951 0.97441 0.22477 0 0.96027 0.27907 0 0.99978 0.02065 0.00309 0.99864 0.05217 -0.00137 0.99735 0.07277 0 0.99503 0.09962 0 0.97432 -0.22475 0.01341 0.98513 -0.17132 -0.0128 0.98149 -0.19023 0.02235 0.98544 -0.17001 0.00296 0.99159 -0.12933 -0.00581 0.98972 -0.14255 0.01197 0.99532 -0.09451 -0.0199 0.99247 -0.122 0.01054 0.99359 -0.11292 0.00473 0.99502 -0.09963 0 0.99443 -0.10543 0.00172 0.99864 -0.05216 0 0.99734 -0.07276 0.00429 0.99978 -0.02063 -0.00309 0.99443 -0.10541 -0.00172 0.9936 -0.1129 -0.00472 0.99611 -0.08738 0.01156 0.99204 -0.1257 -0.00767 0.99277 -0.11999 -0.00236 0.97441 -0.22477 0 0.97108 -0.23797 0.01949 0.9815 -0.18959 -0.02674 0.98153 -0.18937 -0.0271 0.98558 -0.16916 -0.00493 0.98837 -0.15204 0.00066 0.90634 -0.42245 -0.00933 0.93106 -0.36468 0.01138 0.93996 -0.32208 0.11287 0.93948 -0.32266 0.11515 0.96027 -0.27907 0 0.77584 -0.62814 -0.05935 0.76454 -0.64457 -0.00292 0.81453 -0.58011 0.00283 0.81648 -0.57734 -0.00649 0.87981 -0.47515 0.01294 0.84466 -0.49546 0.20265 0.88525 -0.45935 0.07298 0.75998 -0.64979 -0.01439 0.74532 -0.66671 -4E-05 0.72151 -0.6924 7E-05 0.72677 -0.68686 -0.0059 0.69409 -0.7198 0.011 0.68194 -0.73091 0.02704 0.6782 -0.73408 0.03422 0.6958 -0.71795 -0.02034 0.6701 -0.74175 0.02764 0.67139 -0.74074 0.02322 0.67611 -0.73673 -0.01025 0.66901 -0.74313 0.0136 0.67053 -0.7414 -0.02669 0.6715 -0.74069 -0.02167 0.67504 -0.73771 0.01049 0.66986 -0.74243 -0.00935 0.66989 -0.74246 0 0.6699 -0.74245 3E-05 0.66987 -0.74243 0.00845 0.67064 -0.74131 -0.02645 0.69759 -0.71625 0.01887 0.67921 -0.73327 -0.0316 0.72158 -0.69232 0.00315 0.696 -0.71797 -0.01002 0.68431 -0.7288 -0.02397 0.73071 -0.68269 0 0.74534 -0.66669 0 0.75033 -0.66105 0.00479 0.76352 -0.64578 -0.00264 0.77707 -0.62939 0.00573 0.781 -0.62453 7E-05 0.80312 -0.59582 -0.00011 0.8142 -0.57987 -0.02892 0.82691 -0.56233 0 0.91734 -0.3981 0 0.90909 -0.41659 0 0.87733 -0.47381 -0.0762 0.87804 -0.46747 -0.10252 0.85005 -0.5267 0 0.97596 -0.21793 0 0.96583 -0.25919 0 0.94383 -0.32341 -0.06774 0.94289 -0.3117 -0.11751 0.92716 -0.37462 -0.00559 0.93622 0.32727 -0.12805 0.94068 0.32233 -0.10592 0.92907 0.36977 -0.00956 0.87981 0.47515 -0.01289 0.84464 0.49547 -0.20273 0.90231 0.43092 0.01239 0.68242 0.73049 -0.02627 0.69463 0.71929 -0.01072 0.72677 0.68685 0.0059 0.72151 0.6924 -8E-05 0.74532 0.66671 5E-05 0.75998 0.64979 0.01441 0.77583 0.62814 0.05938 0.76453 0.64458 0.00289 0.81453 0.58011 -0.0028 0.80549 0.59113 -0.04195 0.8306 0.55687 0.00245 0.06266 -0.0625 -0.99608 0.1661 -0.07363 -0.98336 0.16542 -0.15373 -0.97417 0.25828 -0.23963 -0.93588 0.32807 -0.28361 -0.90108 0.33209 -0.28402 -0.89947 0.38798 -0.3511 -0.85217 0.45916 -0.38778 -0.79925 0.46323 -0.40276 -0.78943 0.53603 -0.45978 -0.70801 0.59776 -0.47086 -0.64883 0.61749 -0.53629 -0.57542 0.69821 -0.55763 -0.44894 0.70074 -0.56305 -0.43811 0.73753 -0.6202 -0.26721 0.7424 -0.59695 -0.30413 0.7701 -0.62056 -0.14781 0.77192 -0.61627 -0.15606 0.78149 -0.62391 0.00033 0.78149 -0.62391 0.00032 0.78148 -0.62393 0.00033 0.78148 -0.62393 0.00033 0.09427 -0.09403 0.9911 0.13245 -0.12231 0.98361 0.12414 -0.10215 0.98699 0.17996 -0.17549 0.96789 0.23857 -0.21509 0.947 0.27082 -0.25 0.9296 0.36315 -0.31979 0.87513 0.40988 -0.33778 0.84729 0.47755 -0.43099 0.76564 0.54603 -0.45859 0.7011 0.58576 -0.5005 0.63748 0.66027 -0.52634 0.53573 0.65644 -0.51485 0.55138 0.68801 -0.56935 0.44997 0.72215 -0.58328 0.37187 0.74006 -0.60419 0.29541 0.79615 -0.59399 0.11541 0.7712 -0.61572 0.16168 2E-05 2E-05 1 2E-05 2E-05 1 2E-05 3E-05 1 2E-05 3E-05 1 2E-05 3E-05 1 1E-05 3E-05 1 1E-05 3E-05 1 1E-05 3E-05 1 2E-05 3E-05 1 2E-05 3E-05 1 2E-05 3E-05 1 2E-05 3E-05 1 2E-05 3E-05 1 2E-05 3E-05 1 -0 3E-05 1 0 4E-05 1 0 3E-05 1 0 3E-05 1 0 4E-05 1 0 3E-05 1 1E-05 3E-05 1 0 3E-05 1 1E-05 3E-05 1 1E-05 3E-05 1 1E-05 3E-05 1 1E-05 3E-05 1 1E-05 3E-05 1 1E-05 3E-05 1 -1E-05 3E-05 1 -1E-05 3E-05 1 -1E-05 3E-05 1 -1E-05 3E-05 1 -1E-05 3E-05 1 -0 4E-05 1 -0 3E-05 1 -0 3E-05 1 -0 3E-05 1 -2E-05 3E-05 1 -2E-05 3E-05 1 -2E-05 3E-05 1 -1E-05 3E-05 1 -1E-05 3E-05 1 -1E-05 3E-05 1 -1E-05 3E-05 1 -1E-05 3E-05 1 -1E-05 3E-05 1 -1E-05 3E-05 1 -2E-05 4E-05 1 -1E-05 3E-05 1 -2E-05 2E-05 1 -2E-05 3E-05 1 -2E-05 3E-05 1 -2E-05 3E-05 1 -2E-05 3E-05 1 -2E-05 3E-05 1 -2E-05 3E-05 1 -2E-05 3E-05 1 -2E-05 3E-05 1 -2E-05 3E-05 1 0.12752 0.12719 0.98365 0.11164 0.05124 0.99243 0.30252 0.3393 0.8907 0.25414 0.15909 0.95399 0.35233 0.33067 0.87551 0.46503 0.39743 0.79107 0.46996 0.40473 0.78443 0.5103 0.43947 0.73922 0.59347 0.49517 0.63451 0.59061 0.48388 0.64579 0.6953 0.58007 0.42434 0.68727 0.53941 0.48651 0.74032 0.62466 0.24845 0.74456 0.59957 0.2935 0.76919 0.6185 0.16063 0.77445 0.61624 0.14311 0.77459 0.61843 0.13252 0.78148 0.62393 0.00048 0.78148 0.62393 0.00048 0.78149 0.62391 0.00045 0.7815 0.62391 0.00048 0.35424 0.30421 -0.88429 0.22454 0.22999 -0.94693 0.21317 0.22877 -0.94985 0.14295 0.11095 -0.98349 0.11492 0.11464 -0.98674 0.4993 0.36463 -0.78596 0.45806 0.55312 -0.69587 0.42256 0.32304 -0.84681 0.77894 0.62187 -0.0808 0.78442 0.59872 -0.16191 0.75763 0.61412 -0.22101 0.72165 0.58372 -0.37215 0.70826 0.58125 -0.40064 0.65799 0.52904 -0.53588 0.64596 0.53133 -0.54811 0.55859 0.47751 -0.67821 2E-05 -2E-05 -1 2E-05 -3E-05 -1 2E-05 -3E-05 -1 2E-05 -3E-05 -1 2E-05 -3E-05 -1 2E-05 -3E-05 -1 2E-05 -3E-05 -1 2E-05 -3E-05 -1 1E-05 -3E-05 -1 2E-05 -3E-05 -1 2E-05 -3E-05 -1 2E-05 -3E-05 -1 0 -4E-05 -1 1E-05 -3E-05 -1 1E-05 -3E-05 -1 1E-05 -3E-05 -1 1E-05 -3E-05 -1 1E-05 -3E-05 -1 1E-05 -3E-05 -1 1E-05 -3E-05 -1 1E-05 -3E-05 -1 1E-05 -3E-05 -1 -0 -3E-05 -1 0 -4E-05 -1 -0 -3E-05 -1 0 -4E-05 -1 0 -3E-05 -1 1E-05 -4E-05 -1 0 -3E-05 -1 -2E-05 -3E-05 -1 -2E-05 -3E-05 -1 -2E-05 -4E-05 -1 -1E-05 -3E-05 -1 -1E-05 -3E-05 -1 -1E-05 -3E-05 -1 -1E-05 -3E-05 -1 -1E-05 -3E-05 -1 -1E-05 -3E-05 -1 -1E-05 -3E-05 -1 -1E-05 -3E-05 -1 -1E-05 -3E-05 -1 -1E-05 -3E-05 -1 -1E-05 -3E-05 -1 -0 -4E-05 -1 -0 -3E-05 -1 -2E-05 -3E-05 -1 -2E-05 -3E-05 -1 -2E-05 -3E-05 -1 -2E-05 -3E-05 -1 -2E-05 -3E-05 -1 -2E-05 -3E-05 -1 -2E-05 -3E-05 -1 -2E-05 -2E-05 -1 -2E-05 -3E-05 -1 -2E-05 -3E-05 -1 -2E-05 -3E-05 -1 -2E-05 -3E-05 -1 0.96593 -0.25882 0 0.70711 -0.70711 0 0.25882 -0.96593 0 -0.25882 -0.96593 0 -0.70711 -0.70711 0 -0.96593 -0.25882 0 0.13671 -0.5102 -0.84912 0.37349 -0.37349 -0.84912 0.5102 -0.13671 -0.84912 -0.5102 -0.13671 -0.84912 -0.37349 -0.37349 -0.84912 -0.13671 -0.5102 -0.84912 0.25882 -0.96593 0 -0.25882 -0.96593 0 0.13671 -0.5102 -0.84912 0.37349 -0.37349 -0.84912 0.5102 -0.13671 -0.84912 -0.5102 -0.13671 -0.84912 -0.37349 -0.37349 -0.84912 -0.13671 -0.5102 -0.84912 0.96593 -0.25882 0 -0.96593 -0.25882 0 0.13671 -0.5102 -0.84912 0.37349 -0.37349 -0.84912 0.5102 -0.13671 -0.84912 -0.5102 -0.13671 -0.84912 -0.13671 -0.5102 -0.84912 0.13671 -0.5102 -0.84912 0.5102 -0.13671 -0.84912 -0.5102 -0.13671 -0.84912 -0.37349 -0.37349 -0.84912 -0.13671 -0.5102 -0.84912 0.96593 -0.25882 0 0.70711 -0.70711 0 0.25882 -0.96593 0 -0.25882 -0.96593 0 -0.70711 -0.70711 0 -0.96593 -0.25882 0 0.63274 -0.77392 -0.0262 0.62537 -0.78007 -0.02025 0.61567 -0.78788 -0.01402 0.58395 -0.81175 -0.00854 0.58452 -0.81135 -0.00668 0.55358 -0.82423 -0.11914 0.59635 -0.80272 -2E-05 0.69699 -0.71708 -0.00161 0.68226 -0.73111 4E-05 0.61421 -0.78914 -0.00046 0.64999 -0.75877 -0.0422 0.63753 -0.76983 -0.03026 0.72133 -0.69253 -0.00945 0.73559 -0.67715 -0.01934 0.7635 -0.64581 0.00014 0.81418 -0.58062 -0.00014 0.83701 -0.54685 -0.01934 0.8593 -0.51146 0.00011 0.9156 -0.40162 -0.01934 0.90425 -0.42696 -0.00629 0.88587 -0.46394 -3E-05 0.9817 -0.19044 2E-05 0.97293 -0.23079 -0.01229 0.96922 -0.24544 -0.01934 0.9585 -0.28508 -7E-05 0.93172 -0.36319 7E-05 0.99234 -0.12357 -4E-05 0.9964 -0.08256 -0.01934 0.99915 -0.04128 -0 -0.99818 -0.06038 0 -0.99655 -0.08258 -0.00855 -0.98978 -0.1426 0 -0.97936 -0.2021 0 -0.96934 -0.24547 -0.0108 -0.95933 -0.28229 0 -0.94054 -0.33969 0 -0.91575 -0.40169 -0.00675 -0.9119 -0.41041 -0.0027 -0.83713 -0.54692 -0.00983 -0.85247 -0.52277 0 -0.88248 -0.47034 0 -0.73568 -0.67725 -0.01028 -0.76921 -0.63899 0 -0.80639 -0.59138 0 -0.55755 -0.83014 0 -0.61671 -0.78717 -0.00591 -0.61421 -0.78913 -0.00443 -0.67023 -0.74215 0 -0.71382 -0.70033 0 -0.50641 -0.86229 0 -0.47592 -0.87942 -0.0106 -0.43348 -0.90117 0 -0.37827 -0.92569 0 -0.32469 -0.94578 -0.00925 -0.2975 -0.95472 0.00116 -0.18026 -0.98362 -0.00128 -0.16459 -0.98633 -0.00771 -0.10158 -0.99483 0 -0.04132 -0.99915 0 0 -0.99994 -0.01086 0.04132 -0.99915 0 0.10158 -0.99483 0 0.16459 -0.98633 -0.00771 0.18026 -0.98362 -0.00128 0.2975 -0.95472 0.00116 0.32469 -0.94578 -0.00925 0.37827 -0.92569 0 0.43348 -0.90117 0 0.47592 -0.87942 -0.0106 0.50641 -0.86229 0 0.5907 -0.80689 0 0.57928 -0.8149 -0.01941 -0.99619 -0.08716 0 -0.96593 -0.25882 0 -0.90631 -0.42262 0 -0.81915 -0.57358 0 -0.57358 -0.81915 0 -0.42262 -0.90631 0 -0.25882 -0.96593 0 -0.08716 -0.99619 0 0.08716 -0.99619 0 0.25882 -0.96593 0 0.42262 -0.90631 0 0.57358 -0.81915 0 0.81915 -0.57358 0 0.90631 -0.42262 0 0.96593 -0.25882 0 0.99619 -0.08716 0 -0.99658 -0.08258 0 -0.96272 -0.27052 0 -0.95857 -0.28486 0.00173 -0.97669 -0.21413 0.01485 -0.9694 -0.24549 0 -0.95351 -0.30138 0 -0.91577 -0.4017 0 -0.83717 -0.54695 0 -0.73572 -0.67728 0 -0.61421 -0.78914 0 -0.47595 -0.87947 0 -0.3247 -0.94582 0 -0.16459 -0.98636 0 -0.04132 -0.99915 0 0 -0.99998 0.00698 0.04132 -0.99915 0 0.16459 -0.98636 0 0.3247 -0.94582 0 0.47595 -0.87947 0 0.61421 -0.78914 0 0.73572 -0.67728 0 0.83717 -0.54695 0 0.91577 -0.4017 0 0.95341 -0.30166 0 0.96938 -0.24548 0.00579 0.97507 -0.2219 0 0.99658 -0.08258 0 0.99658 0.08258 0 -0.99658 0.08258 0 -0.95578 0.29408 0 0.9694 0.24549 0 0.91577 0.4017 0 0.83717 0.54695 0 0.73572 0.67728 0 0.61421 0.78914 0 0.47595 0.87947 0 0.3247 0.94582 0 0.16459 0.98636 0 0.04132 0.99915 0 -0 0.99998 0.00698 -0.04132 0.99915 0 -0.16459 0.98636 0 -0.3247 0.94582 0 -0.47595 0.87947 0 -0.61421 0.78914 0 -0.73572 0.67728 0 -0.83717 0.54695 0 -0.91577 0.4017 0 -0.96936 0.24548 0.00908 -0.9768 0.21415 0 0.99619 0.08716 0 0.96593 0.25882 0 0.90631 0.42262 0 0.81915 0.57358 0 0.70711 0.70711 0 0.57358 0.81915 0 0.42262 0.90631 0 0.25882 0.96593 0 0.08716 0.99619 0 -0.08716 0.99619 0 -0.25882 0.96593 0 -0.42262 0.90631 0 -0.57358 0.81915 0 -0.70711 0.70711 0 -0.81915 0.57358 0 -0.90631 0.42262 0 -0.96593 0.25882 0 -0.99619 0.08716 0 0.99977 0.02163 -0 0.69489 0.71912 -0.00147 0.70304 0.71114 -0.00353 0.73565 0.67721 -0.01421 0.73476 0.67816 -0.01513 0.59635 0.80272 -1E-05 0.5536 0.82426 -0.11889 0.60593 0.79547 -0.00871 0.61337 0.7897 -0.01265 0.61893 0.78528 -0.01606 0.62493 0.78042 -0.02006 0.63613 0.77104 -0.02879 0.64867 0.75995 -0.04119 0.61421 0.78914 -0.00359 0.67402 0.73871 -1E-05 0.68335 0.73009 1E-05 0.99631 0.08446 -0.01541 0.99649 0.08257 -0.01406 0.9899 0.14177 -0.00075 0.9693 0.24546 -0.0141 0.96886 0.24715 -0.01534 0.9832 0.18253 0.00082 0.92419 0.38182 -0.00964 0.93862 0.34495 0 0.95206 0.3059 0 0.90732 0.41951 -0.02813 0.91568 0.40166 -0.01413 0.88876 0.45837 0 0.77594 0.63081 3E-05 0.80132 0.59823 -3E-05 0.83708 0.54689 -0.01417 0.83627 0.54811 -0.0152 0.86908 0.49467 0 0.5847 0.81123 -0.00589 0.5873 0.80937 0 0.50641 0.86229 0 0.47592 0.87942 -0.0106 0.43348 0.90117 0 0.37827 0.92569 0 0.32469 0.94578 -0.00925 0.2975 0.95472 0.00116 0.18026 0.98362 -0.00128 0.16459 0.98633 -0.00771 0.10158 0.99483 0 0.04132 0.99915 0 -0 0.99994 -0.01086 -0.04132 0.99915 0 -0.10158 0.99483 0 -0.16459 0.98633 -0.00771 -0.18026 0.98362 -0.00128 -0.2975 0.95472 0.00116 -0.32469 0.94578 -0.00925 -0.37827 0.92569 0 -0.43348 0.90117 0 -0.47592 0.87942 -0.0106 -0.50641 0.86229 0 -0.55755 0.83014 0 -0.6142 0.78913 -0.00565 -0.61671 0.78718 -0.00424 -0.73568 0.67725 -0.01028 -0.71382 0.70033 0 -0.67023 0.74215 0 -0.83713 0.54692 -0.00983 -0.80639 0.59138 0 -0.76921 0.63899 0 -0.94054 0.33969 0 -0.91187 0.4104 -0.00771 -0.91577 0.40169 -0.00308 -0.88248 0.47034 0 -0.85247 0.52277 0 -0.95933 0.28229 0 -0.96934 0.24547 -0.0108 -0.97936 0.2021 0 -0.98978 0.1426 0 -0.99655 0.08258 -0.00855 -0.99818 0.06038 0 -0.96593 0.25882 0 -0.70711 0.70711 0 -0.25882 0.96593 0 0.25882 0.96593 0 0.70711 0.70711 0 0.96593 0.25882 0 -0.13671 0.5102 -0.84912 -0.37349 0.37349 -0.84912 -0.5102 0.13671 -0.84912 0.5102 0.13671 -0.84912 0.37349 0.37349 -0.84912 0.13671 0.5102 -0.84912 -0.96593 0.25882 0 -0.25882 0.96593 0 0.25882 0.96593 0 0.96593 0.25882 0 -0.13671 0.5102 -0.84912 -0.37349 0.37349 -0.84912 -0.5102 0.13671 -0.84912 0.5102 0.13671 -0.84912 0.37349 0.37349 -0.84912 0.13671 0.5102 -0.84912 -0.25882 0.96593 0 0.25882 0.96593 0 -0.13671 0.5102 -0.84912 -0.5102 0.13671 -0.84912 0.5102 0.13671 -0.84912 0.37349 0.37349 -0.84912 0.13671 0.5102 -0.84912 -0.96593 0.25882 0 0.96593 0.25882 0 -0.13671 0.5102 -0.84912 -0.37349 0.37349 -0.84912 -0.5102 0.13671 -0.84912 0.5102 0.13671 -0.84912 0.13671 0.5102 -0.84912 0.50323 0.85688 0.11184 0.04106 0.99287 0.11187 -0.43075 0.89551 0.1119 -0.55405 0.82492 0.11196 -0.70934 0.69594 0.11182 -0.87693 0.46739 0.11196 -0.95331 0.28052 0.11185 0.43648 0.55713 0.70646 0.32854 0.41936 0.84629 0.20402 0.26041 0.9437 0.06917 0.0883 0.99369 0.59617 0.80247 0.02499 0.57865 0.80786 0.11195 0.55954 0.82543 0.07471 0.58628 0.79532 0.15411 0.55503 0.71801 0.42 0.55945 0.74712 0.35894 0.55313 0.76486 0.33021 0.56212 0.76747 0.30823 0.58265 0.77398 0.24796 0.54485 0.69635 0.46715 0.52177 0.66739 0.53136 0.52192 0.66618 0.53273 0.57487 0.52976 0.62361 0.56778 0.59116 0.57285 0.55843 0.61909 0.55216 0.54491 0.63885 0.54309 0.5329 0.65416 0.53674 0.50896 0.67638 0.53241 0.59694 0.59694 0.53603 0.64137 0.50248 0.5798 0.6469 0.50249 0.5736 0.69745 0.45321 0.55512 0.69099 0.41772 0.58995 0.72255 0.40207 0.56237 0.80451 0.17366 0.56799 0.80257 0.20894 0.55877 0.77255 0.24074 0.58754 0.78493 0.26337 0.56083 0.75199 0.33844 0.56566 0.73965 0.31963 0.59225 0.73802 0.37091 0.5637 0.78687 0.12327 0.60468 0.81836 0.14997 0.55479 0.82075 0.05855 0.56827 0.81075 0.04904 0.58334 0.8262 0.01204 0.56324 0.06917 0.0883 0.99369 0.07931 0.07931 0.99369 0.0883 0.06917 0.99369 0.0883 0.06917 0.99369 0.09599 0.05803 0.99369 0.09599 0.05803 0.99369 0.10228 0.04603 0.99369 0.10228 0.04603 0.99369 0.10709 0.03337 0.99369 0.10709 0.03337 0.99369 0.11033 0.02022 0.99369 0.11033 0.02022 0.99369 0.11196 0.00677 0.99369 0.11196 0.00677 0.99369 0.20402 0.26041 0.94369 0.23392 0.23392 0.94369 0.26041 0.20402 0.94369 0.26041 0.20402 0.9437 0.28311 0.17114 0.9437 0.28311 0.17114 0.94369 0.30167 0.13577 0.94369 0.30167 0.13577 0.94369 0.31584 0.09842 0.94369 0.31584 0.09842 0.94369 0.3254 0.05963 0.94369 0.3254 0.05963 0.94369 0.33021 0.01997 0.94369 0.33021 0.01997 0.94369 0.3767 0.3767 0.84629 0.41936 0.32854 0.84629 0.41936 0.32854 0.84629 0.4559 0.2756 0.84629 0.4559 0.2756 0.84629 0.4858 0.21864 0.84629 0.4858 0.21864 0.84629 0.50861 0.15849 0.84629 0.524 0.09603 0.84629 0.524 0.09603 0.84629 0.53176 0.03217 0.84629 0.53176 0.03217 0.84629 0.43648 0.55713 0.70646 0.50046 0.50046 0.70646 0.55713 0.43648 0.70646 0.55713 0.43648 0.70646 0.60568 0.36615 0.70646 0.60568 0.36615 0.70646 0.6454 0.29047 0.70646 0.6454 0.29047 0.70646 0.67571 0.21056 0.70646 0.67571 0.21056 0.70646 0.69616 0.12758 0.70646 0.69616 0.12758 0.70646 0.70646 0.04273 0.70646 0.70646 0.04273 0.70646 -0.11033 0.02022 0.99369 -0.11033 0.02022 0.99369 -0.3254 0.05963 0.94369 -0.3254 0.05963 0.94369 -0.524 0.09603 0.84629 -0.524 0.09603 0.84629 -0.69616 0.12758 0.70646 -0.69616 0.12758 0.70646 -0.83329 0.15271 0.53134 -0.83328 0.15271 0.53134 -0.92861 0.17017 0.32974 -0.92861 0.17017 0.32974 -0.0883 0.06917 0.99369 -0.0883 0.06917 0.99369 -0.26041 0.20402 0.9437 -0.26041 0.20402 0.94369 -0.41936 0.32854 0.84629 -0.55713 0.43648 0.70646 -0.55713 0.43648 0.70646 -0.66687 0.52246 0.53134 -0.66687 0.52246 0.53134 -0.74316 0.58223 0.32974 -0.74316 0.58223 0.32974 -0.00677 0.11196 0.99369 -0.00677 0.11196 0.99369 -0.01997 0.33021 0.94369 -0.01997 0.33021 0.94369 -0.03217 0.53176 0.84629 -0.03217 0.53176 0.84629 -0.04273 0.70646 0.70646 -0.04273 0.70646 0.70646 -0.05115 0.84562 0.53134 -0.05115 0.84562 0.53134 -0.057 0.94235 0.32974 -0.057 0.94235 0.32974 0.04603 0.10228 0.99369 0.04603 0.10228 0.99369 0.13577 0.30167 0.94369 0.13577 0.30167 0.94369 0.21864 0.4858 0.84629 0.21864 0.4858 0.84629 0.29047 0.6454 0.70646 0.29047 0.6454 0.70646 0.34769 0.77253 0.53134 0.34769 0.77253 0.53134 0.38746 0.8609 0.32974 0.38746 0.8609 0.32974 -0.11196 0.00677 0.99369 -0.11196 0.00677 0.99369 -0.33021 0.01997 0.94369 -0.33021 0.01997 0.94369 -0.53176 0.03217 0.84629 -0.53176 0.03217 0.84629 -0.70646 0.04273 0.70646 -0.70646 0.04273 0.70646 -0.84562 0.05115 0.53134 -0.84562 0.05115 0.53134 -0.94235 0.057 0.32974 -0.94235 0.057 0.32974 -0.99192 0.06 0.11176 -0.99192 0.06 0.11176 -0.97746 0.17913 0.11176 -0.96765 0.19969 0.1542 -0.98356 0.14171 0.11194 -0.93462 0.33756 0.11195 -0.94607 0.29481 0.13429 -0.90132 0.28086 0.32974 -0.90132 0.28086 0.32974 -0.8088 0.25203 0.53134 -0.8088 0.25203 0.53134 -0.67571 0.21056 0.70646 -0.67571 0.21056 0.70646 -0.50861 0.15849 0.84629 -0.50861 0.15849 0.84629 -0.31584 0.09842 0.94369 -0.31584 0.09842 0.94369 -0.10709 0.03337 0.99369 -0.10709 0.03337 0.99369 -0.10228 0.04603 0.99369 -0.10228 0.04603 0.99369 -0.30167 0.13577 0.94369 -0.30167 0.13577 0.94369 -0.4858 0.21864 0.84629 -0.4858 0.21864 0.84629 -0.6454 0.29047 0.70646 -0.6454 0.29047 0.70646 -0.77253 0.34769 0.53134 -0.77253 0.34769 0.53134 -0.8609 0.38746 0.32974 -0.8609 0.38746 0.32974 -0.90619 0.40784 0.11176 -0.90619 0.40784 0.11176 -0.84713 0.51949 0.1118 -0.84931 0.51343 0.12273 -0.80792 0.4884 0.32974 -0.80792 0.4884 0.32974 -0.72498 0.43827 0.53134 -0.72498 0.43827 0.53134 -0.60568 0.36615 0.70646 -0.60568 0.36615 0.70646 -0.4559 0.2756 0.84629 -0.4559 0.2756 0.84629 -0.28311 0.17114 0.9437 -0.28311 0.17114 0.94369 -0.09599 0.05803 0.99369 -0.09599 0.05803 0.99369 -0.78225 0.61286 0.11176 -0.75852 0.63011 0.16617 -0.80133 0.58767 0.11192 -0.66602 0.73749 0.11196 -0.70136 0.70136 0.12723 -0.66756 0.66756 0.32974 -0.59903 0.59903 0.53134 -0.50046 0.50046 0.70646 -0.3767 0.3767 0.84629 -0.23392 0.23392 0.94369 -0.07931 0.07931 0.99369 -0.06917 0.0883 0.99369 -0.06917 0.0883 0.99369 -0.20402 0.26041 0.94369 -0.20402 0.26041 0.9437 -0.32854 0.41936 0.84629 -0.32854 0.41936 0.84629 -0.43648 0.55713 0.70646 -0.43648 0.55713 0.70646 -0.52246 0.66687 0.53134 -0.52246 0.66687 0.53134 -0.58223 0.74316 0.32974 -0.58223 0.74316 0.32974 -0.61286 0.78225 0.11176 -0.61286 0.78225 0.11176 -0.50323 0.85688 0.11184 -0.51287 0.8484 0.13108 -0.4884 0.80792 0.32974 -0.4884 0.80792 0.32974 -0.43827 0.72498 0.53134 -0.43827 0.72498 0.53134 -0.36615 0.60568 0.70646 -0.36615 0.60568 0.70646 -0.2756 0.4559 0.84629 -0.2756 0.4559 0.84629 -0.17114 0.28311 0.94369 -0.17114 0.28311 0.9437 -0.05803 0.09599 0.99369 -0.05803 0.09599 0.99369 -0.37589 0.91988 0.11193 -0.40637 0.90291 0.14005 -0.38746 0.8609 0.32974 -0.38746 0.8609 0.32974 -0.34769 0.77253 0.53134 -0.34769 0.77253 0.53134 -0.29047 0.6454 0.70646 -0.29047 0.6454 0.70646 -0.21864 0.4858 0.84629 -0.21864 0.4858 0.84629 -0.13577 0.30167 0.94369 -0.13577 0.30167 0.94369 -0.04603 0.10228 0.99369 -0.04603 0.10228 0.99369 -0.03337 0.10709 0.99369 -0.03337 0.10709 0.99369 -0.09842 0.31584 0.94369 -0.09842 0.31584 0.94369 -0.15849 0.50861 0.84629 -0.21056 0.67571 0.70646 -0.21056 0.67571 0.70646 -0.25203 0.8088 0.53134 -0.25203 0.8088 0.53134 -0.28086 0.90132 0.32974 -0.28086 0.90132 0.32974 -0.29564 0.94874 0.11176 -0.29564 0.94874 0.11176 -0.02022 0.11033 0.99369 -0.02022 0.11033 0.99369 -0.05963 0.3254 0.94369 -0.05963 0.3254 0.94369 -0.09603 0.524 0.84629 -0.09603 0.524 0.84629 -0.12758 0.69616 0.70646 -0.12758 0.69616 0.70646 -0.15271 0.83328 0.53134 -0.15271 0.83329 0.53134 -0.17017 0.92861 0.32974 -0.17017 0.92861 0.32974 -0.17913 0.97746 0.11176 -0.17913 0.97746 0.11176 -0.06 0.99192 0.11176 -0.04087 0.98811 0.14819 -0.10094 0.98857 0.11194 0.10094 0.98857 0.11194 0.05981 0.98878 0.13685 0.057 0.94235 0.32974 0.057 0.94235 0.32974 0.05115 0.84562 0.53134 0.05115 0.84562 0.53134 0.04273 0.70646 0.70646 0.04273 0.70646 0.70646 0.03217 0.53176 0.84629 0.03217 0.53176 0.84629 0.01997 0.33021 0.94369 0.01997 0.33021 0.94369 0.00677 0.11196 0.99369 0.00677 0.11196 0.99369 0.02022 0.11033 0.99369 0.02022 0.11033 0.99369 0.05963 0.3254 0.94369 0.05963 0.3254 0.94369 0.09603 0.524 0.84629 0.09603 0.524 0.84629 0.12758 0.69616 0.70646 0.12758 0.69616 0.70646 0.15271 0.83329 0.53134 0.15271 0.83328 0.53134 0.17017 0.92861 0.32974 0.17017 0.92861 0.32974 0.17913 0.97746 0.11176 0.17913 0.97746 0.11176 0.03337 0.10709 0.99369 0.03337 0.10709 0.99369 0.09842 0.31584 0.94369 0.09842 0.31584 0.94369 0.15849 0.50861 0.84629 0.15849 0.50861 0.84629 0.21056 0.67571 0.70646 0.21056 0.67571 0.70646 0.25203 0.8088 0.53134 0.25203 0.8088 0.53134 0.28086 0.90132 0.32974 0.28086 0.90132 0.32974 0.29564 0.94874 0.11176 0.29564 0.94874 0.11176 0.40784 0.90619 0.11176 0.42788 0.88953 0.1602 0.37589 0.91988 0.11193 0.55405 0.82492 0.11196 0.51287 0.8484 0.13108 0.4884 0.80792 0.32974 0.4884 0.80792 0.32974 0.43827 0.72498 0.53134 0.43827 0.72498 0.53134 0.36615 0.60568 0.70646 0.36615 0.60568 0.70646 0.2756 0.4559 0.84629 0.2756 0.4559 0.84629 0.17114 0.28311 0.9437 0.17114 0.28311 0.94369 0.05803 0.09599 0.99369 0.05803 0.09599 0.99369 -0 0.99144 0.13053 -0.01703 0.96579 0.25878 -0 0.92388 0.38268 -0 0.79335 0.60876 -0.01703 0.707 0.707 -0 0.60876 0.79335 -0 0.38268 0.92388 -0.01703 0.25878 0.96579 -0 0.13053 0.99144 0 -0.13053 0.99144 -0.01703 -0.25878 0.96579 0 -0.38268 0.92388 0 -0.60876 0.79335 -0.01703 -0.707 0.707 0 -0.79335 0.60876 0 -0.92388 0.38268 -0.01703 -0.96579 0.25878 0 -0.99144 0.13053 -0 0.99144 0.13053 -0.01076 0.96587 0.2588 -0 0.79335 0.60876 -0.01076 0.70707 0.70707 -0 0.60876 0.79335 -0 0.38268 0.92388 -0.01076 0.2588 0.96587 0 -0.13053 0.99144 -0.01076 -0.2588 0.96587 0 -0.60876 0.79335 -0.01076 -0.70707 0.70707 0 -0.79335 0.60876 -0.01076 -0.96587 0.2588 0 -0.99144 0.13053 -0 0.99144 0.13053 0.00852 0.96589 0.25881 -0 0.92388 0.38268 -0 0.79335 0.60876 0.00852 0.70708 0.70708 -0 0.60876 0.79335 -0 0.38268 0.92388 0.00852 0.25881 0.96589 -0 0.13052 0.99145 0 -0.13052 0.99145 0.00852 -0.25881 0.96589 0 -0.38268 0.92388 0 -0.60876 0.79335 0.00852 -0.70708 0.70708 0 -0.99144 0.13053 0.00852 -0.96589 0.25881 0 -0.92388 0.38268 0 -0.79335 0.60876 0.25675 -0.95821 0.12615 0.70406 -0.70406 0.09269 0.96537 -0.25867 0.03405 0.96537 -0.25867 0.03405 0.96537 -0.24104 0.09984 0.96537 -0.24104 0.09984 0.96537 -0.20698 0.15882 0.96537 -0.20698 0.15882 0.96537 -0.15882 0.20698 0.96537 -0.15882 0.20698 0.96537 -0.09984 0.24104 0.96537 -0.09984 0.24104 0.96537 -0.03405 0.25866 0.96537 -0.03405 0.25866 0.96537 0.03405 0.25866 0.96537 0.03405 0.25866 0.96537 0.09984 0.24104 0.96537 0.09984 0.24104 0.96537 0.15882 0.20698 0.96537 0.15882 0.20698 0.96537 0.20698 0.15882 0.96537 0.20698 0.15882 0.96537 0.24104 0.09984 0.96537 0.24104 0.09984 0.96537 0.25867 0.03405 0.96537 0.25866 0.03405 0.70406 -0.70406 0.09269 0.70406 -0.65608 0.27176 0.70406 -0.65608 0.27176 0.70406 -0.56339 0.4323 0.70406 -0.56339 0.4323 0.70406 -0.4323 0.56339 0.70406 -0.4323 0.56339 0.70406 -0.27176 0.65608 0.70406 -0.27176 0.65608 0.70406 -0.09269 0.70406 0.70406 -0.09269 0.70406 0.70406 0.09269 0.70406 0.70406 0.09269 0.70406 0.70406 0.27176 0.65608 0.70406 0.27176 0.65608 0.70406 0.4323 0.56339 0.70406 0.4323 0.56339 0.70406 0.56339 0.4323 0.70406 0.56339 0.4323 0.70406 0.65608 0.27176 0.70406 0.65608 0.27176 0.70406 0.70406 0.09269 0.70406 0.70406 0.09269 0.25675 -0.95821 0.12615 0.25675 -0.89291 0.36986 0.25675 -0.89291 0.36986 0.25675 -0.76676 0.58835 0.25675 -0.76676 0.58835 0.25675 -0.58835 0.76676 0.25675 -0.58835 0.76676 0.25675 -0.36986 0.89291 0.25675 -0.36986 0.89291 0.25675 -0.12615 0.95821 0.25675 -0.12615 0.95821 0.25675 0.12615 0.95821 0.25675 0.12615 0.95821 0.25675 0.36985 0.89291 0.25675 0.36986 0.89291 0.25675 0.58835 0.76676 0.25675 0.58835 0.76676 0.25675 0.76676 0.58835 0.25675 0.76676 0.58835 0.25675 0.89291 0.36986 0.25675 0.89291 0.36986 0.25675 0.95821 0.12615 0.25675 0.95821 0.12615 0.25675 -0.95821 0.12615 0.70406 -0.70406 0.09269 0.96537 -0.25867 0.03405 0.96537 -0.25867 0.03405 0.96537 -0.24104 0.09984 0.96537 -0.24104 0.09984 0.96537 -0.20699 0.15883 0.96537 -0.20699 0.15883 0.96537 -0.15883 0.20699 0.96537 -0.15883 0.20699 0.96537 -0.09984 0.24104 0.96537 -0.09984 0.24104 0.96537 -0.03405 0.25867 0.96537 -0.03405 0.25867 0.96537 0.03405 0.25867 0.96537 0.03405 0.25867 0.96537 0.09984 0.24104 0.96537 0.09984 0.24104 0.96537 0.15883 0.20699 0.96537 0.15883 0.20699 0.96537 0.20699 0.15883 0.96537 0.20699 0.15883 0.96537 0.24104 0.09984 0.96537 0.24104 0.09984 0.96537 0.25867 0.03405 0.96537 0.25867 0.03405 0.70406 -0.70406 0.09269 0.70406 -0.65608 0.27176 0.70406 -0.65608 0.27176 0.70406 -0.56339 0.4323 0.70406 -0.56339 0.43231 0.70406 -0.43231 0.56339 0.70406 -0.43231 0.56339 0.70406 -0.27176 0.65608 0.70406 -0.27176 0.65608 0.70406 -0.09269 0.70406 0.70406 -0.09269 0.70406 0.70406 0.09269 0.70406 0.70406 0.09269 0.70406 0.70406 0.27176 0.65608 0.70406 0.27176 0.65608 0.70406 0.4323 0.56339 0.70406 0.4323 0.56339 0.70406 0.56339 0.4323 0.70406 0.56339 0.4323 0.70406 0.65608 0.27176 0.70406 0.65608 0.27176 0.70406 0.70406 0.09269 0.70406 0.70406 0.09269 0.25675 -0.95821 0.12615 0.25675 -0.89291 0.36986 0.25675 -0.89291 0.36986 0.25675 -0.76676 0.58835 0.25675 -0.76676 0.58835 0.25675 -0.58835 0.76676 0.25675 -0.58835 0.76676 0.25675 -0.36985 0.89291 0.25675 -0.36986 0.89291 0.25675 -0.12615 0.95821 0.25675 -0.12615 0.95821 0.25675 0.12615 0.95821 0.25675 0.12615 0.95821 0.25675 0.36985 0.89291 0.25675 0.36986 0.89291 0.25675 0.58835 0.76676 0.25675 0.58835 0.76676 0.25675 0.76676 0.58835 0.25675 0.76676 0.58835 0.25675 0.89291 0.36986 0.25675 0.89291 0.36986 0.25675 0.95821 0.12615 0.25675 0.95821 0.12615</float_array>
          <technique_common>
            <accessor source="#norm_0-array" count="5754" stride="3">
              <param name="X" type="float"/>
              <param name="Y" type="float"/>
              <param name="Z" type="float"/>
            </accessor>
          </technique_common>
        </source>
        <source id="uvs_0">
          <float_array id="uvs_0-array" count="0"></float_array>
          <technique_common>
            <accessor source="#uvs_0-array" count="0" stride="2">
              <param name="S" type="float"/>
              <param name="T" type="float"/>
            </accessor>
          </technique_common>
        </source>
        <vertices id="vert_0">
          <input semantic="POSITION" source="#pos_0"/>
        </vertices>
        <triangles count="3148" material="mat_0">
          <input semantic="VERTEX" source="#vert_0" offset="0"/>
          <input semantic="NORMAL" source="#norm_0" offset="1"/>
          <p>0 0 1 0 2 0 3 0 4 0 5 0 5 0 4 0 6 0 5 0 6 0 7 0 8 0 9 0 6 0 6 0 9 0 10 0 6 0 10 0 7 0 11 0 12 0 13 0 13 0 12 0 14 0 13 0 14 0 15 0 16 0 17 0 6 0 6 0 17 0 18 0 19 0 20 0 21 0 8 0 6 0 22 0 22 0 6 0 18 0 22 0 18 0 19 0 19 0 18 0 23 0 19 0 23 0 20 0 21 0 24 0 19 0 19 0 24 0 11 0 19 0 11 0 25 0 25 0 11 0 13 0 25 0 13 0 26 0 27 0 28 0 29 0 29 0 28 0 30 0 29 0 30 0 31 0 32 0 33 0 34 0 2 0 29 0 35 0 36 0 37 0 38 0 38 0 37 0 39 0 38 0 39 0 40 0 40 0 39 0 41 0 40 0 41 0 42 0 42 0 41 0 43 0 42 0 43 0 44 0 2 0 45 0 29 0 29 0 45 0 46 0 29 0 46 0 27 0 27 0 46 0 47 0 27 0 47 0 36 0 36 0 47 0 48 0 36 0 48 0 37 0 0 0 2 0 49 0 50 0 51 0 26 0 26 0 51 0 16 0 26 0 16 0 25 0 25 0 16 0 6 0 25 0 6 0 52 0 52 0 6 0 4 0 52 0 4 0 53 0 33 0 44 0 34 0 34 0 44 0 43 0 34 0 43 0 54 0 55 0 56 0 57 0 57 0 56 0 58 0 54 0 57 0 34 0 34 0 57 0 58 0 34 0 58 0 59 0 59 0 58 0 60 0 59 0 60 0 61 0 61 0 60 0 62 0 61 0 62 0 43 0 43 0 62 0 63 0 43 0 63 0 54 0 64 0 65 0 66 0 66 0 65 0 59 0 66 0 59 0 67 0 64 0 68 0 65 0 65 0 68 0 69 0 65 0 69 0 70 0 70 0 69 0 71 0 70 0 71 0 61 0 61 0 71 0 72 0 61 0 72 0 73 0 73 0 74 0 61 0 61 0 74 0 75 0 61 0 75 0 59 0 59 0 75 0 76 0 59 0 76 0 67 0 77 0 78 0 79 0 77 0 80 0 81 0 81 0 80 0 82 0 83 0 84 0 85 0 85 0 86 0 83 0 83 0 86 0 87 0 83 0 87 0 88 0 78 0 77 0 89 0 89 0 77 0 65 0 89 0 65 0 90 0 90 0 65 0 70 0 90 0 70 0 79 0 79 0 70 0 83 0 79 0 83 0 77 0 77 0 83 0 88 0 77 0 88 0 80 0 25 0 81 0 91 0 92 0 93 0 81 0 91 0 94 0 25 0 25 0 94 0 95 0 25 0 95 0 19 0 19 0 95 0 96 0 19 0 96 0 84 0 96 0 97 0 84 0 84 0 97 0 98 0 84 0 98 0 99 0 82 0 85 0 81 0 81 0 85 0 84 0 81 0 84 0 92 0 92 0 84 0 99 0 93 0 100 0 81 0 81 0 100 0 101 0 81 0 101 0 91 0 91 0 101 0 102 0 91 0 102 0 103 0 52 0 104 0 25 0 25 0 104 0 105 0 25 0 105 0 81 0 81 0 105 0 106 0 81 0 106 0 77 0 77 0 106 0 107 0 77 0 107 0 65 0 65 0 107 0 108 0 65 0 108 0 59 0 59 0 108 0 49 0 59 0 49 0 34 0 34 0 49 0 2 0 34 0 2 0 32 0 32 0 2 0 35 0 32 0 35 0 109 0 109 0 35 0 110 0 111 1 112 1 16 1 16 1 112 1 17 1 112 2 113 2 17 2 17 2 113 2 18 2 113 3 114 3 18 3 18 3 114 3 23 3 115 4 11 4 24 4 115 4 24 4 116 4 116 5 24 5 21 5 116 5 21 5 117 5 117 6 21 6 20 6 117 6 20 6 118 6 118 7 20 7 23 7 118 7 23 7 114 7 119 8 15 8 14 8 119 8 14 8 120 8 120 9 14 9 12 9 120 9 12 9 121 9 121 10 12 10 11 10 121 10 11 10 115 10 119 11 122 11 15 11 15 11 122 11 13 11 122 1 123 1 13 1 13 1 123 1 26 1 123 12 124 12 26 12 26 12 124 12 50 12 124 1 125 1 50 1 50 1 125 1 51 1 125 13 111 13 51 13 51 13 111 13 16 13 126 1 127 1 80 1 80 1 127 1 82 1 127 2 128 2 82 2 82 2 128 2 85 2 128 3 129 3 85 3 85 3 129 3 86 3 129 13 130 13 86 13 86 13 130 13 87 13 130 3 131 3 87 3 87 3 131 3 88 3 131 13 126 13 88 13 88 13 126 13 80 13 132 1 133 1 89 1 89 1 133 1 78 1 133 2 134 2 78 2 78 2 134 2 79 2 134 3 135 3 79 3 79 3 135 3 90 3 135 13 132 13 90 13 90 13 132 13 89 13 136 1 137 1 64 1 64 1 137 1 68 1 137 2 138 2 68 2 68 2 138 2 69 2 138 3 139 3 69 3 69 3 139 3 71 3 140 14 75 14 74 14 140 14 74 14 141 14 141 15 74 15 73 15 141 15 73 15 142 15 142 16 73 16 72 16 142 16 72 16 143 16 143 17 72 17 71 17 143 17 71 17 139 17 136 18 64 18 66 18 136 18 66 18 144 18 144 19 66 19 67 19 144 19 67 19 145 19 145 20 67 20 76 20 145 20 76 20 146 20 146 21 76 21 75 21 146 21 75 21 140 21 147 1 148 1 32 1 32 1 148 1 33 1 148 2 149 2 33 2 33 2 149 2 44 2 149 3 150 3 44 3 44 3 150 3 42 3 151 22 27 22 36 22 151 22 36 22 152 22 152 5 36 5 38 5 152 5 38 5 153 5 153 23 38 23 40 23 153 23 40 23 154 23 154 24 40 24 42 24 154 24 42 24 150 24 155 8 31 8 30 8 155 8 30 8 156 8 156 9 30 9 28 9 156 9 28 9 157 9 157 25 28 25 27 25 157 25 27 25 151 25 155 26 158 26 31 26 31 26 158 26 29 26 158 1 159 1 29 1 29 1 159 1 35 1 159 12 160 12 35 12 35 12 160 12 110 12 160 1 161 1 110 1 110 1 161 1 109 1 161 13 147 13 109 13 109 13 147 13 32 13 162 1 163 1 58 1 58 1 163 1 60 1 163 27 164 27 60 27 60 27 164 27 62 27 164 3 165 3 62 3 62 3 165 3 63 3 165 28 166 28 63 28 63 28 166 28 54 28 166 1 167 1 54 1 54 1 167 1 57 1 167 29 168 29 57 29 57 29 168 29 55 29 168 1 169 1 55 1 55 1 169 1 56 1 169 30 162 30 56 30 56 30 162 30 58 30 170 1 171 1 91 1 91 1 171 1 94 1 171 2 172 2 94 2 94 2 172 2 95 2 172 3 173 3 95 3 95 3 173 3 96 3 174 31 92 31 99 31 174 31 99 31 175 31 175 32 99 32 98 32 175 32 98 32 176 32 176 33 98 33 97 33 176 33 97 33 177 33 177 34 97 34 96 34 177 34 96 34 173 34 178 35 101 35 100 35 178 35 100 35 179 35 179 36 100 36 93 36 179 36 93 36 180 36 180 37 93 37 92 37 180 37 92 37 174 37 181 38 103 38 102 38 181 38 102 38 182 38 182 39 102 39 101 39 182 39 101 39 178 39 181 13 170 13 103 13 103 13 170 13 91 13 183 0 184 0 119 0 113 0 112 0 125 0 125 0 112 0 111 0 123 0 122 0 119 0 123 0 119 0 124 0 124 0 119 0 184 0 124 0 184 0 125 0 125 0 184 0 185 0 125 0 185 0 113 0 113 0 185 0 186 0 113 0 186 0 114 0 114 0 186 0 187 0 114 0 187 0 118 0 187 0 188 0 118 0 118 0 188 0 189 0 118 0 189 0 117 0 117 0 189 0 190 0 117 0 190 0 116 0 116 0 190 0 191 0 183 0 119 0 192 0 192 0 119 0 120 0 192 0 120 0 193 0 193 0 120 0 121 0 193 0 121 0 191 0 191 0 121 0 115 0 191 0 115 0 116 0 129 0 128 0 130 0 130 0 128 0 127 0 130 0 127 0 131 0 131 0 127 0 126 0 132 0 135 0 133 0 133 0 135 0 134 0 194 0 140 0 195 0 195 0 140 0 141 0 195 0 141 0 196 0 196 0 141 0 142 0 196 0 142 0 197 0 197 0 142 0 143 0 197 0 143 0 198 0 198 0 143 0 139 0 198 0 139 0 199 0 199 0 139 0 138 0 199 0 138 0 200 0 200 0 138 0 137 0 200 0 137 0 201 0 201 0 137 0 136 0 201 0 136 0 202 0 202 0 136 0 144 0 202 0 144 0 203 0 203 0 144 0 145 0 203 0 145 0 204 0 204 0 145 0 146 0 204 0 146 0 194 0 194 0 146 0 140 0 205 0 206 0 155 0 149 0 148 0 161 0 161 0 148 0 147 0 159 0 158 0 155 0 159 0 155 0 160 0 160 0 155 0 206 0 160 0 206 0 161 0 161 0 206 0 207 0 161 0 207 0 149 0 149 0 207 0 208 0 149 0 208 0 150 0 150 0 208 0 209 0 150 0 209 0 154 0 209 0 210 0 154 0 154 0 210 0 211 0 154 0 211 0 153 0 153 0 211 0 212 0 153 0 212 0 152 0 152 0 212 0 213 0 205 0 155 0 214 0 214 0 155 0 156 0 214 0 156 0 215 0 215 0 156 0 157 0 215 0 157 0 213 0 213 0 157 0 151 0 213 0 151 0 152 0 216 0 169 0 217 0 217 0 169 0 168 0 162 0 169 0 163 0 163 0 169 0 216 0 163 0 216 0 164 0 164 0 216 0 218 0 164 0 218 0 165 0 165 0 218 0 217 0 165 0 217 0 166 0 166 0 217 0 168 0 166 0 168 0 167 0 171 0 170 0 181 0 219 0 177 0 220 0 220 0 177 0 173 0 220 0 173 0 221 0 221 0 173 0 172 0 221 0 172 0 222 0 219 0 223 0 177 0 177 0 223 0 224 0 177 0 224 0 176 0 176 0 224 0 225 0 176 0 225 0 175 0 175 0 225 0 226 0 172 0 171 0 222 0 222 0 171 0 181 0 222 0 181 0 227 0 227 0 181 0 182 0 227 0 182 0 228 0 228 0 182 0 178 0 228 0 178 0 229 0 229 0 178 0 179 0 229 0 179 0 230 0 230 0 179 0 180 0 230 0 180 0 226 0 226 0 180 0 174 0 226 0 174 0 175 0 187 1 186 1 231 1 231 1 186 1 232 1 187 40 231 40 233 40 187 40 233 40 188 40 188 41 233 41 234 41 188 41 234 41 189 41 189 42 234 42 235 42 189 42 235 42 190 42 190 43 235 43 236 43 190 43 236 43 191 43 191 44 236 44 237 44 191 44 237 44 193 44 193 45 237 45 238 45 193 45 238 45 192 45 192 46 238 46 239 46 192 46 239 46 183 46 183 47 239 47 240 47 183 47 240 47 184 47 185 3 184 3 241 3 241 3 184 3 240 3 186 13 185 13 232 13 232 13 185 13 241 13 198 48 242 48 243 48 198 48 243 48 197 48 197 49 243 49 244 49 197 49 244 49 196 49 196 50 244 50 245 50 196 50 245 50 195 50 195 51 245 51 246 51 195 51 246 51 194 51 194 52 246 52 247 52 194 52 247 52 204 52 204 53 247 53 248 53 204 53 248 53 203 53 203 54 248 54 249 54 203 54 249 54 202 54 202 55 249 55 250 55 202 55 250 55 201 55 200 3 201 3 251 3 251 3 201 3 250 3 199 13 200 13 252 13 252 13 200 13 251 13 198 1 199 1 242 1 242 1 199 1 252 1 209 1 208 1 253 1 253 1 208 1 254 1 209 40 253 40 255 40 209 40 255 40 210 40 210 41 255 41 256 41 210 41 256 41 211 41 211 42 256 42 257 42 211 42 257 42 212 42 212 43 257 43 258 43 212 43 258 43 213 43 213 44 258 44 259 44 213 44 259 44 215 44 215 45 259 45 260 45 215 45 260 45 214 45 214 46 260 46 261 46 214 46 261 46 205 46 205 47 261 47 262 47 205 47 262 47 206 47 207 3 206 3 263 3 263 3 206 3 262 3 208 13 207 13 254 13 254 13 207 13 263 13 217 56 218 56 264 56 264 56 218 56 265 56 216 3 217 3 266 3 266 3 217 3 264 3 218 57 216 57 265 57 265 57 216 57 266 57 220 1 221 1 267 1 267 1 221 1 268 1 220 58 267 58 269 58 220 58 269 58 219 58 219 59 269 59 270 59 219 59 270 59 223 59 223 60 270 60 271 60 223 60 271 60 224 60 224 61 271 61 272 61 224 61 272 61 225 61 225 62 272 62 273 62 225 62 273 62 226 62 226 63 273 63 274 63 226 63 274 63 230 63 230 64 274 64 275 64 230 64 275 64 229 64 229 65 275 65 276 65 229 65 276 65 228 65 228 66 276 66 277 66 228 66 277 66 227 66 222 3 227 3 278 3 278 3 227 3 277 3 221 13 222 13 268 13 268 13 222 13 278 13 232 0 241 0 231 0 231 0 241 0 240 0 231 0 240 0 233 0 233 0 240 0 239 0 233 0 239 0 238 0 235 0 234 0 236 0 236 0 234 0 233 0 236 0 233 0 237 0 237 0 233 0 238 0 246 0 245 0 244 0 252 0 251 0 242 0 242 0 251 0 250 0 242 0 250 0 249 0 244 0 243 0 246 0 246 0 243 0 242 0 246 0 242 0 247 0 247 0 242 0 249 0 247 0 249 0 248 0 254 0 263 0 253 0 253 0 263 0 262 0 253 0 262 0 255 0 255 0 262 0 261 0 255 0 261 0 260 0 257 0 256 0 258 0 258 0 256 0 255 0 258 0 255 0 259 0 259 0 255 0 260 0 264 0 265 0 266 0 268 0 278 0 267 0 267 0 278 0 277 0 271 0 270 0 277 0 277 0 270 0 269 0 277 0 269 0 267 0 277 0 276 0 275 0 272 0 271 0 273 0 273 0 271 0 277 0 273 0 277 0 274 0 274 0 277 0 275 0 279 3 0 3 49 3 49 3 108 3 279 3 279 3 108 3 107 3 279 3 107 3 280 3 280 3 107 3 106 3 106 3 105 3 280 3 280 3 105 3 104 3 280 3 104 3 52 3 281 67 46 67 45 67 281 67 45 67 282 67 282 68 45 68 2 68 282 68 2 68 283 68 283 69 2 69 1 69 283 69 1 69 284 69 284 70 1 70 0 70 284 70 0 70 279 70 281 2 285 2 46 2 46 2 285 2 47 2 286 71 41 71 39 71 286 71 39 71 287 71 287 72 39 72 37 72 287 72 37 72 288 72 288 73 37 73 48 73 288 73 48 73 289 73 289 74 48 74 47 74 289 74 47 74 285 74 43 1 41 1 286 1 22 1 19 1 290 1 290 1 19 1 84 1 84 1 83 1 290 1 290 1 83 1 70 1 290 1 70 1 286 1 286 1 70 1 61 1 286 1 61 1 43 1 291 75 7 75 10 75 291 75 10 75 292 75 292 76 10 76 9 76 292 76 9 76 293 76 293 77 9 77 8 77 293 77 8 77 294 77 294 78 8 78 22 78 294 78 22 78 290 78 291 13 295 13 7 13 7 13 295 13 5 13 280 79 52 79 53 79 280 79 53 79 296 79 296 80 53 80 4 80 296 80 4 80 297 80 297 81 4 81 3 81 297 81 3 81 298 81 298 82 3 82 5 82 298 82 5 82 295 82 295 0 299 0 298 0 298 0 299 0 300 0 298 0 300 0 297 0 297 0 300 0 301 0 297 0 301 0 296 0 296 0 301 0 302 0 296 0 302 0 280 0 280 0 302 0 303 0 280 0 303 0 279 0 279 0 303 0 304 0 279 0 304 0 284 0 284 0 304 0 305 0 284 0 305 0 283 0 283 0 305 0 306 0 283 0 306 0 282 0 282 0 306 0 307 0 282 0 307 0 281 0 281 0 307 0 308 0 281 0 308 0 285 0 285 0 308 0 309 0 285 0 309 0 289 0 289 0 309 0 310 0 289 0 310 0 288 0 288 0 310 0 311 0 288 0 311 0 287 0 287 0 311 0 312 0 287 0 312 0 286 0 286 0 312 0 313 0 286 0 313 0 290 0 290 0 313 0 314 0 290 0 314 0 294 0 294 0 314 0 315 0 294 0 315 0 293 0 293 0 315 0 316 0 293 0 316 0 292 0 292 0 316 0 317 0 292 0 317 0 291 0 291 0 317 0 318 0 291 0 318 0 295 0 295 0 318 0 299 0 304 1 303 1 319 1 319 1 303 1 320 1 304 83 319 83 305 83 305 83 319 83 321 83 305 84 321 84 306 84 306 84 321 84 322 84 306 85 322 85 307 85 307 85 322 85 323 85 307 86 323 86 308 86 308 86 323 86 324 86 309 13 308 13 325 13 325 13 308 13 324 13 309 87 325 87 310 87 310 87 325 87 326 87 310 88 326 88 311 88 311 88 326 88 327 88 311 89 327 89 312 89 312 89 327 89 328 89 312 90 328 90 313 90 313 90 328 90 329 90 314 3 313 3 330 3 330 3 313 3 329 3 314 91 330 91 315 91 315 91 330 91 331 91 315 92 331 92 316 92 316 92 331 92 332 92 316 93 332 93 317 93 317 93 332 93 333 93 317 94 333 94 318 94 318 94 333 94 334 94 299 2 318 2 335 2 335 2 318 2 334 2 299 95 335 95 300 95 300 95 335 95 336 95 300 96 336 96 301 96 301 96 336 96 337 96 301 97 337 97 302 97 302 97 337 97 338 97 302 98 338 98 303 98 303 98 338 98 320 98 339 99 340 99 341 99 340 100 342 100 343 100 342 101 344 101 345 101 342 102 345 102 343 102 343 103 345 103 346 103 343 104 346 104 347 104 347 105 346 105 348 105 347 106 348 106 349 106 349 107 348 107 350 107 349 108 350 108 351 108 351 109 350 109 352 109 351 110 352 110 353 110 353 111 352 111 354 111 353 112 354 112 355 112 355 113 354 113 356 113 355 114 356 114 357 114 357 115 356 115 358 115 357 116 358 116 359 116 359 117 358 117 360 117 359 118 360 118 361 118 361 119 360 119 362 119 361 120 362 120 363 120 363 121 362 121 364 121 363 122 364 122 365 122 365 123 364 123 366 123 365 124 366 124 367 124 340 125 343 125 341 125 341 126 343 126 347 126 341 127 347 127 368 127 368 128 347 128 349 128 368 129 349 129 369 129 369 130 349 130 351 130 369 131 351 131 370 131 370 132 351 132 353 132 370 133 353 133 371 133 371 134 353 134 355 134 371 135 355 135 372 135 372 136 355 136 357 136 372 137 357 137 373 137 373 138 357 138 359 138 373 139 359 139 374 139 374 140 359 140 361 140 374 141 361 141 375 141 375 142 361 142 363 142 375 143 363 143 376 143 376 144 363 144 365 144 376 145 365 145 377 145 377 146 365 146 367 146 377 147 367 147 378 147 339 148 341 148 379 148 379 149 341 149 368 149 379 150 368 150 380 150 380 151 368 151 369 151 380 152 369 152 381 152 381 153 369 153 370 153 381 154 370 154 382 154 382 155 370 155 371 155 382 156 371 156 383 156 383 157 371 157 372 157 383 158 372 158 384 158 384 159 372 159 373 159 384 160 373 160 385 160 385 161 373 161 374 161 385 162 374 162 386 162 386 163 374 163 375 163 386 164 375 164 387 164 387 165 375 165 376 165 387 166 376 166 388 166 388 167 376 167 377 167 388 168 377 168 389 168 389 169 377 169 378 169 389 170 378 170 390 170 391 171 392 171 393 171 392 172 394 172 395 172 394 173 396 173 397 173 394 174 397 174 395 174 395 175 397 175 398 175 395 176 398 176 399 176 399 177 398 177 400 177 399 178 400 178 401 178 401 179 400 179 402 179 401 180 402 180 403 180 403 181 402 181 404 181 403 182 404 182 405 182 405 183 404 183 406 183 405 184 406 184 407 184 407 185 406 185 408 185 407 186 408 186 409 186 409 187 408 187 410 187 409 188 410 188 411 188 411 189 410 189 412 189 411 190 412 190 413 190 413 191 412 191 414 191 413 192 414 192 415 192 415 193 414 193 416 193 415 194 416 194 417 194 417 195 416 195 418 195 417 196 418 196 419 196 392 197 395 197 393 197 393 198 395 198 399 198 393 199 399 199 420 199 420 200 399 200 401 200 420 201 401 201 421 201 421 202 401 202 403 202 421 203 403 203 422 203 422 204 403 204 405 204 422 205 405 205 423 205 423 206 405 206 407 206 423 207 407 207 424 207 424 208 407 208 409 208 424 209 409 209 425 209 425 210 409 210 411 210 425 211 411 211 426 211 426 212 411 212 413 212 426 213 413 213 427 213 427 214 413 214 415 214 427 215 415 215 428 215 428 216 415 216 417 216 428 217 417 217 429 217 429 218 417 218 419 218 429 219 419 219 430 219 391 220 393 220 431 220 431 221 393 221 420 221 431 222 420 222 432 222 432 223 420 223 421 223 432 224 421 224 433 224 433 225 421 225 422 225 433 226 422 226 434 226 434 227 422 227 423 227 434 228 423 228 435 228 435 229 423 229 424 229 435 230 424 230 436 230 436 231 424 231 425 231 436 232 425 232 437 232 437 233 425 233 426 233 437 234 426 234 438 234 438 235 426 235 427 235 438 236 427 236 439 236 439 237 427 237 428 237 439 238 428 238 440 238 440 239 428 239 429 239 440 240 429 240 441 240 441 241 429 241 430 241 441 242 430 242 442 242 443 3 444 3 445 3 446 3 447 3 448 3 449 3 450 3 451 3 452 3 453 3 454 3 454 3 443 3 452 3 452 3 443 3 445 3 452 3 445 3 448 3 448 3 445 3 449 3 448 3 449 3 446 3 446 3 449 3 451 3 451 243 396 243 455 243 451 244 455 244 446 244 455 245 456 245 446 245 446 246 456 246 457 246 446 247 457 247 447 247 457 248 458 248 447 248 447 249 458 249 459 249 447 250 459 250 448 250 459 251 460 251 448 251 448 252 460 252 461 252 448 253 461 253 452 253 461 254 462 254 452 254 452 255 462 255 463 255 452 256 463 256 453 256 418 257 454 257 464 257 464 258 454 258 453 258 464 259 453 259 465 259 465 260 453 260 463 260 442 261 466 261 441 261 441 262 466 262 467 262 441 263 467 263 440 263 440 264 467 264 439 264 439 265 467 265 468 265 439 266 468 266 438 266 438 267 468 267 437 267 437 268 468 268 469 268 437 269 469 269 436 269 436 270 469 270 435 270 435 271 469 271 470 271 435 272 470 272 434 272 434 273 470 273 433 273 433 274 470 274 471 274 433 275 471 275 432 275 432 276 471 276 431 276 431 277 471 277 472 277 431 278 472 278 391 278 356 3 354 3 473 3 348 3 346 3 473 3 473 3 346 3 345 3 473 3 345 3 344 3 356 3 473 3 358 3 358 3 473 3 474 3 358 3 474 3 475 3 358 3 476 3 477 3 478 3 479 3 344 3 344 3 479 3 480 3 344 3 480 3 473 3 475 3 481 3 358 3 358 3 481 3 482 3 358 3 482 3 476 3 477 3 483 3 358 3 358 3 483 3 366 3 358 3 366 3 360 3 360 3 366 3 364 3 360 3 364 3 362 3 354 3 352 3 473 3 473 3 352 3 350 3 473 3 350 3 348 3 390 279 484 279 389 279 389 280 484 280 485 280 389 263 485 263 388 263 388 281 485 281 387 281 387 282 485 282 486 282 387 283 486 283 386 283 386 267 486 267 385 267 385 284 486 284 487 284 385 285 487 285 384 285 384 270 487 270 383 270 383 286 487 286 488 286 383 287 488 287 382 287 382 288 488 288 381 288 381 289 488 289 489 289 381 290 489 290 380 290 380 276 489 276 379 276 379 291 489 291 490 291 379 292 490 292 339 292 491 3 492 3 490 3 491 3 490 3 493 3 489 3 494 3 490 3 490 3 494 3 495 3 490 3 495 3 493 3 489 3 488 3 494 3 494 3 488 3 487 3 494 3 487 3 496 3 496 3 487 3 486 3 496 3 486 3 497 3 497 3 486 3 485 3 484 3 498 3 485 3 485 3 498 3 499 3 485 3 499 3 497 3 500 3 501 3 502 3 502 3 501 3 490 3 502 3 490 3 503 3 503 3 490 3 492 3 504 3 505 3 506 3 506 3 505 3 507 3 506 3 507 3 484 3 484 3 507 3 508 3 484 3 508 3 498 3 506 3 509 3 504 3 504 3 509 3 510 3 504 3 510 3 500 3 500 3 510 3 511 3 500 3 511 3 501 3 512 3 513 3 472 3 512 3 472 3 514 3 515 3 466 3 516 3 516 3 466 3 517 3 516 3 517 3 518 3 518 3 517 3 519 3 520 3 521 3 522 3 522 3 521 3 472 3 522 3 472 3 523 3 523 3 472 3 513 3 471 3 524 3 472 3 472 3 524 3 525 3 472 3 525 3 514 3 471 3 470 3 524 3 524 3 470 3 469 3 524 3 469 3 526 3 526 3 469 3 468 3 526 3 468 3 527 3 527 3 468 3 467 3 527 3 467 3 528 3 528 3 467 3 466 3 528 3 466 3 529 3 529 3 466 3 515 3 517 3 530 3 519 3 519 3 530 3 531 3 519 3 531 3 520 3 520 3 531 3 532 3 520 3 532 3 521 3 526 0 533 0 534 0 535 0 524 0 536 0 536 0 524 0 526 0 536 0 526 0 537 0 537 0 526 0 534 0 538 293 512 293 539 293 539 294 512 294 514 294 539 295 514 295 540 295 540 296 514 296 541 296 541 297 514 297 525 297 541 298 525 298 542 298 542 299 525 299 543 299 543 300 525 300 524 300 543 301 524 301 535 301 512 13 538 13 513 13 513 13 538 13 544 13 522 302 545 302 520 302 520 303 545 303 546 303 520 304 546 304 547 304 523 305 513 305 544 305 544 306 548 306 523 306 523 307 548 307 549 307 523 308 549 308 522 308 522 309 549 309 550 309 522 310 550 310 545 310 520 311 547 311 519 311 519 311 547 311 551 311 551 311 552 311 519 311 519 311 552 311 553 311 519 311 553 311 554 311 555 312 515 312 556 312 556 313 515 313 516 313 556 314 516 314 557 314 557 315 516 315 558 315 558 316 516 316 518 316 558 317 518 317 559 317 559 318 518 318 560 318 560 319 518 319 519 319 560 320 519 320 554 320 515 2 555 2 529 2 529 2 555 2 561 2 533 321 526 321 562 321 562 322 526 322 527 322 562 323 527 323 563 323 563 324 527 324 564 324 564 325 527 325 528 325 564 326 528 326 565 326 565 327 528 327 566 327 566 328 528 328 529 328 566 329 529 329 561 329 491 13 567 13 492 13 492 13 567 13 568 13 569 330 500 330 570 330 570 331 500 331 502 331 570 332 502 332 571 332 571 333 502 333 572 333 572 334 502 334 503 334 572 335 503 335 573 335 573 336 503 336 574 336 574 337 503 337 492 337 574 338 492 338 568 338 500 311 569 311 575 311 576 311 504 311 577 311 577 311 504 311 500 311 577 311 500 311 578 311 578 311 500 311 575 311 579 339 508 339 580 339 580 340 508 340 507 340 580 341 507 341 581 341 581 342 507 342 582 342 582 343 507 343 505 343 582 344 505 344 583 344 583 345 505 345 584 345 584 346 505 346 504 346 584 347 504 347 576 347 508 2 579 2 498 2 498 2 579 2 585 2 497 348 586 348 496 348 496 349 586 349 587 349 496 350 587 350 588 350 499 351 498 351 585 351 585 352 589 352 499 352 499 353 589 353 590 353 499 354 590 354 497 354 497 355 590 355 591 355 497 356 591 356 586 356 496 0 588 0 494 0 494 0 588 0 592 0 592 0 593 0 494 0 494 0 593 0 594 0 494 0 594 0 595 0 567 357 491 357 596 357 596 358 491 358 493 358 596 359 493 359 597 359 597 360 493 360 598 360 598 361 493 361 495 361 598 362 495 362 599 362 599 363 495 363 600 363 600 364 495 364 494 364 600 365 494 365 595 365 601 366 602 366 603 366 604 367 605 367 606 367 607 368 608 368 609 368 610 369 611 369 612 369 613 370 614 370 615 370 616 371 617 371 618 371 619 372 620 372 621 372 622 373 623 373 624 373 625 374 626 374 627 374 628 375 629 375 630 375 629 376 631 376 632 376 631 377 633 377 634 377 633 378 635 378 636 378 637 379 628 379 638 379 638 380 628 380 639 380 638 381 639 381 640 381 641 382 642 382 639 382 639 383 642 383 643 383 639 384 643 384 640 384 644 385 645 385 646 385 646 386 647 386 644 386 644 387 647 387 648 387 644 388 648 388 641 388 641 389 648 389 649 389 641 390 649 390 642 390 650 391 651 391 652 391 652 392 651 392 653 392 652 393 653 393 645 393 645 394 653 394 654 394 645 395 654 395 646 395 655 396 656 396 657 396 657 397 656 397 658 397 657 398 658 398 650 398 650 399 658 399 659 399 650 400 659 400 651 400 655 401 657 401 660 401 660 402 657 402 661 402 660 403 661 403 662 403 627 404 663 404 662 404 662 405 663 405 664 405 664 406 665 406 662 406 662 407 665 407 666 407 662 408 666 408 660 408 667 409 668 409 626 409 626 410 668 410 669 410 626 411 669 411 627 411 627 412 669 412 670 412 627 413 670 413 663 413 633 414 636 414 634 414 634 415 636 415 671 415 634 416 671 416 672 416 672 417 671 417 673 417 672 418 673 418 674 418 674 419 673 419 675 419 674 420 675 420 676 420 676 421 675 421 677 421 676 422 677 422 678 422 678 423 677 423 679 423 678 424 679 424 680 424 680 425 679 425 681 425 680 425 681 425 682 425 682 426 681 426 683 426 682 427 683 427 684 427 631 428 634 428 632 428 632 429 634 429 672 429 632 430 672 430 685 430 685 431 672 431 674 431 685 432 674 432 686 432 686 433 674 433 676 433 686 434 676 434 687 434 687 435 676 435 678 435 687 436 678 436 688 436 688 437 678 437 680 437 688 438 680 438 689 438 689 439 680 439 682 439 689 439 682 439 690 439 690 440 682 440 684 440 690 441 684 441 691 441 629 442 632 442 630 442 630 443 632 443 685 443 630 444 685 444 692 444 692 445 685 445 686 445 692 446 686 446 693 446 693 447 686 447 687 447 693 448 687 448 694 448 694 449 687 449 688 449 694 450 688 450 695 450 695 451 688 451 689 451 695 451 689 451 696 451 696 452 689 452 690 452 696 452 690 452 697 452 697 453 690 453 691 453 697 454 691 454 698 454 628 455 630 455 639 455 639 456 630 456 692 456 639 457 692 457 641 457 641 458 692 458 693 458 641 459 693 459 644 459 644 460 693 460 694 460 644 461 694 461 645 461 645 462 694 462 695 462 645 463 695 463 652 463 652 464 695 464 696 464 652 465 696 465 650 465 650 466 696 466 697 466 650 466 697 466 657 466 657 467 697 467 698 467 657 468 698 468 661 468 699 469 700 469 701 469 701 470 700 470 702 470 701 471 702 471 703 471 703 472 702 472 704 472 703 473 704 473 705 473 705 474 704 474 706 474 705 475 706 475 707 475 707 476 706 476 708 476 707 477 708 477 709 477 709 478 708 478 710 478 709 479 710 479 711 479 711 480 710 480 621 480 712 481 713 481 714 481 714 482 713 482 715 482 714 483 715 483 716 483 716 484 715 484 717 484 716 485 717 485 718 485 718 486 717 486 719 486 718 487 719 487 720 487 720 488 719 488 721 488 720 489 721 489 722 489 722 490 721 490 723 490 722 491 723 491 724 491 724 492 723 492 618 492 623 493 625 493 624 493 624 494 625 494 627 494 624 495 627 495 725 495 725 496 627 496 662 496 725 497 662 497 726 497 726 498 662 498 661 498 726 499 661 499 727 499 727 500 661 500 698 500 727 501 698 501 728 501 728 502 698 502 691 502 728 503 691 503 729 503 729 504 691 504 684 504 729 505 684 505 730 505 730 506 684 506 683 506 731 507 622 507 732 507 732 508 622 508 624 508 732 509 624 509 733 509 733 510 624 510 725 510 733 511 725 511 734 511 734 512 725 512 726 512 734 513 726 513 735 513 735 514 726 514 727 514 735 515 727 515 736 515 736 516 727 516 728 516 736 517 728 517 737 517 737 518 728 518 729 518 737 519 729 519 738 519 738 520 729 520 730 520 738 521 739 521 737 521 737 522 739 522 740 522 737 523 740 523 736 523 736 524 740 524 741 524 736 525 741 525 735 525 735 525 741 525 742 525 735 526 742 526 734 526 734 527 742 527 743 527 734 528 743 528 733 528 733 529 743 529 744 529 733 530 744 530 732 530 732 531 744 531 745 531 732 532 745 532 731 532 731 533 745 533 746 533 739 534 699 534 740 534 740 535 699 535 701 535 740 536 701 536 741 536 741 537 701 537 703 537 741 538 703 538 742 538 742 539 703 539 705 539 742 540 705 540 743 540 743 541 705 541 707 541 743 542 707 542 744 542 744 543 707 543 709 543 744 544 709 544 745 544 745 545 709 545 711 545 745 546 711 546 746 546 746 547 711 547 747 547 621 548 620 548 711 548 711 549 620 549 748 549 711 550 748 550 747 550 749 551 619 551 750 551 750 552 619 552 621 552 750 553 621 553 751 553 751 554 621 554 710 554 751 555 710 555 752 555 752 556 710 556 708 556 752 557 708 557 753 557 753 558 708 558 706 558 753 559 706 559 754 559 754 560 706 560 704 560 754 561 704 561 755 561 755 562 704 562 702 562 755 563 702 563 756 563 756 564 702 564 700 564 756 565 757 565 755 565 755 566 757 566 758 566 755 567 758 567 754 567 754 568 758 568 759 568 754 569 759 569 753 569 753 570 759 570 760 570 753 571 760 571 752 571 752 572 760 572 761 572 752 573 761 573 751 573 751 574 761 574 762 574 751 575 762 575 750 575 750 576 762 576 763 576 750 577 763 577 749 577 749 578 763 578 764 578 757 579 712 579 758 579 758 580 712 580 714 580 758 581 714 581 759 581 759 582 714 582 716 582 759 583 716 583 760 583 760 584 716 584 718 584 760 585 718 585 761 585 761 586 718 586 720 586 761 587 720 587 762 587 762 588 720 588 722 588 762 589 722 589 763 589 763 590 722 590 724 590 763 591 724 591 764 591 764 592 724 592 765 592 618 593 617 593 724 593 724 594 617 594 766 594 724 595 766 595 765 595 767 596 616 596 768 596 768 597 616 597 618 597 768 598 618 598 769 598 769 599 618 599 723 599 769 600 723 600 770 600 770 601 723 601 721 601 770 602 721 602 771 602 771 603 721 603 719 603 771 604 719 604 772 604 772 605 719 605 717 605 772 606 717 606 773 606 773 607 717 607 715 607 773 608 715 608 774 608 774 609 715 609 713 609 774 610 775 610 773 610 773 611 775 611 776 611 773 612 776 612 772 612 772 613 776 613 777 613 772 614 777 614 771 614 771 614 777 614 778 614 771 615 778 615 770 615 770 616 778 616 779 616 770 617 779 617 769 617 769 618 779 618 780 618 769 619 780 619 768 619 768 620 780 620 615 620 768 621 615 621 767 621 767 622 615 622 614 622 611 623 613 623 612 623 612 624 613 624 615 624 612 625 615 625 781 625 781 625 615 625 780 625 781 626 780 626 782 626 782 626 780 626 779 626 782 627 779 627 783 627 783 627 779 627 778 627 783 628 778 628 784 628 784 628 778 628 777 628 784 629 777 629 785 629 785 629 777 629 776 629 785 630 776 630 786 630 786 630 776 630 775 630 608 631 610 631 609 631 609 632 610 632 612 632 609 633 612 633 787 633 787 634 612 634 781 634 787 635 781 635 788 635 788 636 781 636 782 636 788 637 782 637 789 637 789 638 782 638 783 638 789 639 783 639 790 639 790 640 783 640 784 640 790 641 784 641 791 641 791 642 784 642 785 642 791 643 785 643 792 643 792 644 785 644 786 644 793 645 607 645 794 645 794 646 607 646 609 646 794 647 609 647 795 647 795 648 609 648 787 648 795 649 787 649 796 649 796 650 787 650 788 650 796 651 788 651 797 651 797 652 788 652 789 652 797 653 789 653 798 653 798 654 789 654 790 654 798 655 790 655 799 655 799 656 790 656 791 656 799 657 791 657 800 657 800 658 791 658 792 658 800 659 801 659 799 659 799 660 801 660 802 660 799 661 802 661 798 661 798 662 802 662 803 662 798 663 803 663 797 663 797 664 803 664 804 664 797 665 804 665 796 665 796 666 804 666 805 666 796 667 805 667 795 667 795 668 805 668 806 668 795 669 806 669 794 669 794 670 806 670 606 670 794 671 606 671 793 671 793 672 606 672 605 672 602 673 604 673 603 673 603 674 604 674 606 674 603 675 606 675 807 675 807 676 606 676 806 676 807 677 806 677 808 677 808 678 806 678 805 678 808 679 805 679 809 679 809 680 805 680 804 680 809 681 804 681 810 681 810 681 804 681 803 681 810 682 803 682 811 682 811 683 803 683 802 683 811 684 802 684 812 684 812 685 802 685 801 685 813 686 601 686 814 686 814 687 601 687 603 687 814 688 603 688 815 688 815 689 603 689 807 689 815 690 807 690 816 690 816 691 807 691 808 691 816 692 808 692 817 692 817 693 808 693 809 693 817 694 809 694 818 694 818 695 809 695 810 695 818 696 810 696 819 696 819 697 810 697 811 697 819 698 811 698 820 698 820 699 811 699 812 699 820 700 821 700 819 700 819 701 821 701 822 701 819 702 822 702 818 702 818 703 822 703 823 703 818 704 823 704 817 704 817 705 823 705 824 705 817 706 824 706 816 706 816 707 824 707 825 707 816 708 825 708 815 708 815 709 825 709 826 709 815 710 826 710 814 710 814 711 826 711 827 711 814 712 827 712 813 712 813 713 827 713 828 713 829 714 549 714 830 714 830 715 549 715 548 715 830 716 548 716 831 716 831 717 548 717 832 717 832 718 548 718 544 718 832 719 544 719 833 719 834 720 835 720 539 720 539 721 835 721 836 721 539 722 836 722 538 722 538 723 836 723 837 723 538 724 837 724 544 724 544 725 837 725 838 725 544 726 838 726 833 726 834 727 539 727 839 727 839 728 539 728 540 728 839 729 540 729 840 729 841 730 842 730 540 730 540 731 842 731 843 731 540 732 843 732 840 732 540 733 541 733 841 733 841 734 541 734 542 734 841 735 542 735 844 735 844 736 542 736 543 736 844 737 543 737 845 737 845 738 543 738 535 738 845 739 535 739 846 739 846 740 535 740 536 740 846 741 536 741 847 741 848 742 849 742 537 742 537 743 849 743 850 743 537 744 850 744 536 744 536 745 850 745 851 745 536 746 851 746 847 746 534 747 852 747 537 747 537 748 852 748 853 748 537 749 853 749 848 749 555 750 556 750 854 750 564 751 855 751 563 751 563 752 855 752 856 752 563 753 856 753 562 753 562 754 856 754 857 754 562 755 857 755 533 755 533 756 857 756 858 756 533 757 858 757 534 757 534 758 858 758 859 758 534 759 859 759 852 759 564 760 565 760 855 760 855 761 565 761 566 761 855 762 566 762 561 762 556 763 557 763 854 763 854 764 557 764 558 764 854 765 558 765 860 765 860 766 558 766 861 766 558 767 559 767 861 767 861 768 559 768 560 768 861 769 560 769 862 769 862 770 560 770 554 770 862 771 554 771 863 771 863 772 554 772 553 772 863 773 553 773 864 773 865 774 866 774 867 774 867 775 866 775 855 775 867 776 855 776 854 776 854 777 855 777 561 777 854 777 561 777 555 777 575 778 569 778 868 778 868 779 569 779 869 779 569 780 570 780 869 780 869 781 570 781 571 781 869 782 571 782 870 782 870 783 571 783 572 783 870 784 572 784 871 784 871 785 572 785 573 785 871 786 573 786 574 786 568 787 567 787 872 787 574 788 568 788 871 788 871 787 568 787 872 787 871 789 872 789 865 789 865 790 872 790 873 790 865 791 873 791 866 791 567 792 596 792 872 792 872 793 596 793 597 793 872 794 597 794 874 794 874 795 597 795 598 795 874 796 598 796 875 796 594 797 876 797 595 797 595 798 876 798 877 798 595 799 877 799 600 799 600 800 877 800 875 800 600 801 875 801 599 801 599 802 875 802 598 802 878 803 879 803 593 803 593 804 879 804 880 804 593 805 880 805 594 805 594 806 880 806 881 806 594 807 881 807 876 807 587 808 882 808 588 808 588 809 882 809 883 809 588 810 883 810 592 810 592 811 883 811 884 811 592 812 884 812 593 812 593 813 884 813 885 813 593 814 885 814 878 814 587 815 586 815 882 815 882 816 586 816 591 816 882 817 591 817 886 817 886 818 591 818 590 818 886 819 590 819 887 819 887 820 590 820 888 820 888 821 590 821 889 821 889 822 590 822 589 822 889 823 589 823 890 823 890 824 589 824 891 824 891 825 589 825 585 825 891 826 585 826 892 826 893 827 894 827 580 827 580 828 894 828 895 828 580 829 895 829 579 829 579 830 895 830 896 830 579 831 896 831 585 831 585 832 896 832 897 832 585 833 897 833 892 833 893 834 580 834 898 834 898 835 580 835 581 835 898 836 581 836 899 836 900 837 901 837 581 837 581 838 901 838 902 838 581 839 902 839 899 839 581 840 582 840 900 840 900 841 582 841 583 841 900 842 583 842 903 842 903 843 583 843 584 843 903 844 584 844 904 844 904 845 584 845 576 845 904 846 576 846 905 846 905 847 576 847 577 847 905 848 577 848 906 848 907 849 908 849 578 849 578 850 908 850 909 850 578 851 909 851 577 851 577 852 909 852 910 852 577 853 910 853 906 853 868 854 911 854 575 854 575 855 911 855 912 855 575 856 912 856 578 856 578 857 912 857 913 857 578 858 913 858 907 858 864 859 553 859 914 859 914 860 553 860 552 860 914 861 552 861 915 861 551 862 916 862 552 862 552 863 916 863 917 863 552 864 917 864 915 864 829 865 918 865 549 865 549 866 918 866 919 866 549 867 919 867 550 867 550 868 919 868 920 868 550 869 920 869 545 869 545 870 920 870 546 870 546 871 920 871 547 871 547 872 920 872 921 872 547 873 921 873 551 873 551 874 921 874 922 874 551 875 922 875 916 875 923 876 919 876 924 876 924 877 919 877 918 877 924 878 918 878 925 878 925 879 918 879 926 879 926 880 918 880 927 880 927 881 918 881 928 881 927 882 928 882 929 882 929 883 928 883 830 883 929 884 830 884 930 884 930 885 830 885 931 885 931 886 830 886 831 886 931 887 831 887 932 887 932 888 831 888 832 888 932 889 832 889 933 889 933 890 832 890 833 890 933 891 833 891 934 891 934 892 833 892 838 892 934 893 838 893 935 893 935 894 838 894 936 894 936 895 838 895 837 895 936 896 837 896 937 896 937 897 837 897 938 897 842 898 939 898 940 898 842 899 940 899 941 899 940 900 942 900 941 900 941 901 942 901 943 901 941 902 943 902 840 902 943 903 944 903 840 903 840 904 944 904 945 904 840 905 945 905 946 905 946 906 945 906 947 906 946 907 947 907 834 907 834 908 947 908 948 908 834 909 948 909 835 909 948 910 949 910 835 910 835 911 949 911 950 911 835 912 950 912 836 912 950 913 951 913 836 913 836 914 951 914 938 914 836 915 938 915 837 915 886 916 952 916 882 916 882 917 952 917 953 917 882 918 953 918 883 918 883 919 953 919 954 919 883 920 954 920 955 920 956 921 880 921 957 921 957 922 880 922 879 922 957 923 879 923 958 923 958 924 879 924 878 924 958 925 878 925 959 925 959 926 878 926 885 926 959 927 885 927 955 927 955 928 885 928 884 928 955 929 884 929 883 929 960 930 866 930 961 930 961 931 866 931 873 931 961 932 873 932 962 932 873 933 872 933 962 933 962 934 872 934 874 934 962 935 874 935 963 935 963 936 874 936 875 936 963 937 875 937 964 937 964 938 875 938 877 938 964 939 877 939 965 939 965 940 877 940 876 940 965 941 876 941 956 941 956 942 876 942 881 942 956 943 881 943 880 943 852 944 859 944 966 944 966 945 859 945 858 945 966 946 858 946 967 946 967 947 858 947 857 947 967 948 857 948 968 948 968 949 857 949 856 949 968 950 856 950 960 950 960 951 856 951 855 951 960 952 855 952 866 952 969 953 970 953 851 953 969 954 851 954 971 954 971 955 851 955 850 955 971 956 850 956 972 956 966 957 973 957 852 957 852 958 973 958 974 958 852 959 974 959 853 959 853 960 974 960 975 960 853 961 975 961 848 961 848 962 975 962 972 962 848 963 972 963 849 963 849 964 972 964 850 964 976 965 939 965 842 965 842 966 841 966 976 966 976 967 841 967 844 967 976 968 844 968 977 968 977 969 844 969 845 969 977 970 845 970 978 970 978 971 845 971 846 971 978 972 846 972 970 972 970 973 846 973 847 973 970 974 847 974 851 974 952 975 886 975 887 975 952 976 887 976 979 976 979 977 887 977 888 977 979 978 888 978 980 978 980 979 888 979 981 979 981 980 888 980 889 980 981 981 889 981 982 981 982 982 889 982 983 982 983 983 889 983 890 983 983 984 890 984 984 984 984 985 890 985 891 985 984 986 891 986 985 986 985 987 891 987 892 987 985 988 892 988 986 988 986 989 892 989 987 989 987 990 892 990 897 990 987 991 897 991 988 991 667 992 988 992 897 992 667 993 897 993 668 993 668 994 897 994 896 994 668 995 896 995 669 995 660 996 899 996 655 996 655 997 899 997 989 997 655 998 989 998 656 998 656 999 989 999 901 999 656 1000 901 1000 658 1000 666 1001 893 1001 660 1001 660 1002 893 1002 990 1002 660 1003 990 1003 899 1003 669 1004 896 1004 670 1004 670 1005 896 1005 895 1005 670 1006 895 1006 663 1006 663 1007 895 1007 894 1007 663 1008 894 1008 664 1008 664 1009 894 1009 893 1009 664 1010 893 1010 665 1010 665 1011 893 1011 666 1011 923 1012 991 1012 919 1012 919 1013 991 1013 920 1013 920 1014 991 1014 921 1014 921 1015 991 1015 992 1015 921 1016 992 1016 922 1016 922 1017 992 1017 916 1017 916 1018 992 1018 993 1018 916 1019 993 1019 917 1019 994 1020 915 1020 995 1020 995 1021 915 1021 917 1021 995 1022 917 1022 996 1022 996 1023 917 1023 993 1023 997 1024 860 1024 861 1024 997 1025 861 1025 998 1025 998 1026 861 1026 862 1026 998 1027 862 1027 999 1027 999 1028 862 1028 863 1028 999 1029 863 1029 1000 1029 1000 1030 863 1030 864 1030 1000 1031 864 1031 994 1031 994 1032 864 1032 914 1032 994 1033 914 1033 915 1033 638 1034 871 1034 637 1034 637 1035 871 1035 865 1035 637 1036 865 1036 1001 1036 1001 1037 865 1037 867 1037 1001 1038 867 1038 997 1038 997 1039 867 1039 854 1039 997 1040 854 1040 860 1040 910 1041 909 1041 647 1041 909 1042 908 1042 647 1042 647 1043 908 1043 907 1043 647 1044 907 1044 648 1044 648 1045 907 1045 913 1045 648 1046 913 1046 649 1046 649 1047 913 1047 912 1047 649 1048 912 1048 642 1048 642 1049 912 1049 911 1049 642 1050 911 1050 643 1050 643 1051 911 1051 868 1051 643 1052 868 1052 640 1052 640 1053 868 1053 869 1053 640 1054 869 1054 638 1054 638 1055 869 1055 870 1055 638 1056 870 1056 871 1056 653 1057 1002 1057 904 1057 647 1058 646 1058 910 1058 910 1059 646 1059 654 1059 910 1060 654 1060 906 1060 906 1061 654 1061 653 1061 906 1062 653 1062 905 1062 905 1063 653 1063 904 1063 1003 1064 901 1064 659 1064 659 1065 901 1065 900 1065 659 1066 900 1066 1002 1066 1002 1067 900 1067 903 1067 1002 1068 903 1068 904 1068 1004 1069 1005 1069 1006 1069 1006 1069 1005 1069 1007 1069 1006 1070 1007 1070 1008 1070 1008 1070 1007 1070 1009 1070 1008 1071 1009 1071 1010 1071 1010 1071 1009 1071 1011 1071 1010 1072 1011 1072 1012 1072 1012 1072 1011 1072 1013 1072 1012 1073 1013 1073 1014 1073 1014 1073 1013 1073 1015 1073 1014 1074 1015 1074 1016 1074 1016 1074 1015 1074 1017 1074 1018 1075 1008 1075 1010 1075 1006 1076 1008 1076 1018 1076 1004 1077 1006 1077 1018 1077 1018 1078 1014 1078 1016 1078 1012 1079 1014 1079 1018 1079 1010 1080 1012 1080 1018 1080 1019 1069 1020 1069 1021 1069 1021 1069 1020 1069 1022 1069 1021 1070 1022 1070 1023 1070 1023 1070 1022 1070 1024 1070 1023 1081 1024 1081 1025 1081 1025 1081 1024 1081 1026 1081 1025 1082 1026 1082 1027 1082 1027 1082 1026 1082 1028 1082 1027 1073 1028 1073 1029 1073 1029 1073 1028 1073 1030 1073 1029 1074 1030 1074 1031 1074 1031 1074 1030 1074 1032 1074 1033 1083 1023 1083 1025 1083 1021 1084 1023 1084 1033 1084 1019 1085 1021 1085 1033 1085 1033 1086 1029 1086 1031 1086 1027 1087 1029 1087 1033 1087 1025 1088 1027 1088 1033 1088 1034 1089 1035 1089 1036 1089 1036 1089 1035 1089 1037 1089 1036 1070 1037 1070 1038 1070 1038 1070 1037 1070 1039 1070 1038 1081 1039 1081 1040 1081 1040 1081 1039 1081 1041 1081 1040 1082 1041 1082 1042 1082 1042 1082 1041 1082 1043 1082 1042 1073 1043 1073 1044 1073 1044 1073 1043 1073 1045 1073 1044 1090 1045 1090 1046 1090 1046 1090 1045 1090 1047 1090 1048 1091 1038 1091 1040 1091 1036 1092 1038 1092 1048 1092 1034 1093 1036 1093 1048 1093 1048 1094 1044 1094 1046 1094 1042 1079 1044 1079 1048 1079 1040 1095 1042 1095 1048 1095 1049 1 1050 1 1051 1 1051 1 1050 1 1052 1 1051 2 1053 2 1049 2 1049 2 1053 2 1054 2 1050 13 1055 13 1052 13 1052 13 1055 13 1056 13 1054 311 1057 311 1049 311 1049 311 1057 311 1058 311 1049 311 1058 311 1050 311 1050 311 1058 311 1059 311 1050 311 1059 311 1055 311 1060 1089 1061 1089 1062 1089 1062 1089 1061 1089 1063 1089 1062 1070 1063 1070 1064 1070 1064 1070 1063 1070 1065 1070 1064 1071 1065 1071 1066 1071 1066 1071 1065 1071 1067 1071 1066 1072 1067 1072 1068 1072 1068 1072 1067 1072 1069 1072 1068 1073 1069 1073 1070 1073 1070 1073 1069 1073 1071 1073 1070 1090 1071 1090 1072 1090 1072 1090 1071 1090 1073 1090 1074 1096 1064 1096 1066 1096 1062 1084 1064 1084 1074 1084 1060 1097 1062 1097 1074 1097 1074 1098 1070 1098 1072 1098 1068 1099 1070 1099 1074 1099 1066 1100 1068 1100 1074 1100 1075 311 1076 311 1077 311 1077 311 1076 311 1078 311 1076 311 1079 311 1080 311 1078 311 1081 311 1077 311 1077 311 1081 311 1082 311 1077 311 1082 311 1083 311 1084 311 1078 311 1085 311 1085 311 1078 311 1076 311 1085 311 1076 311 1086 311 1086 311 1076 311 1080 311 1084 1101 1087 1101 1078 1101 1078 1101 1087 1101 1088 1101 1078 1102 1088 1102 1081 1102 1081 1102 1088 1102 1089 1102 1081 1103 1089 1103 1082 1103 1082 1103 1089 1103 1090 1103 1082 1104 1090 1104 1083 1104 1083 1104 1090 1104 1091 1104 1083 1105 1091 1105 1077 1105 1077 1105 1091 1105 1092 1105 1077 1106 1092 1106 1075 1106 1075 1106 1092 1106 1093 1106 1094 311 1095 311 1096 311 1096 311 1095 311 1097 311 1096 311 1097 311 1098 311 1098 311 1097 311 1099 311 1098 311 1099 311 1100 311 1100 311 1099 311 1101 311 1100 311 1101 311 1102 311 1102 311 1101 311 1103 311 1102 311 1103 311 1104 311 1104 311 1103 311 1105 311 1104 311 1105 311 1106 311 1106 311 1105 311 1107 311 1106 311 1107 311 1108 311 1108 311 1107 311 1109 311 1108 311 1109 311 1110 311 1110 311 1109 311 1111 311 1110 311 1111 311 1112 311 1112 311 1111 311 1113 311 1112 311 1113 311 1114 311 1114 311 1113 311 1115 311 1114 311 1115 311 1116 311 1116 311 1115 311 1117 311 1116 311 1117 311 1118 311 1118 311 1117 311 1119 311 1118 311 1119 311 1120 311 1120 311 1119 311 1121 311 1120 311 1121 311 1122 311 1122 311 1121 311 1123 311 1122 311 1123 311 1124 311 1124 311 1123 311 1125 311 1124 311 1125 311 1126 311 1126 311 1125 311 1127 311 1126 311 1127 311 1128 311 1128 311 1127 311 1129 311 1128 311 1129 311 1130 311 1129 311 1131 311 1130 311 1130 311 1131 311 1132 311 1130 311 1132 311 1133 311 1133 311 1132 311 1134 311 1133 311 1134 311 1135 311 1135 311 1134 311 1136 311 1135 311 1136 311 1137 311 1137 311 1136 311 1138 311 1137 311 1138 311 1139 311 1139 311 1138 311 1140 311 1139 311 1140 311 1141 311 1141 311 1140 311 1142 311 1141 311 1142 311 1143 311 1143 311 1142 311 1144 311 1143 311 1144 311 1145 311 1145 311 1144 311 1146 311 1145 311 1146 311 1147 311 1147 311 1146 311 1148 311 1147 311 1148 311 1149 311 1149 311 1148 311 1150 311 1149 311 1150 311 1151 311 1151 311 1150 311 1152 311 1151 311 1152 311 1153 311 1153 311 1152 311 1154 311 1153 311 1154 311 1155 311 1155 311 1154 311 1156 311 1155 311 1156 311 1157 311 1157 311 1156 311 1158 311 1157 311 1158 311 1159 311 1159 311 1158 311 1160 311 1159 311 1160 311 1161 311 1161 311 1160 311 1162 311 1161 311 1162 311 1163 311 1163 311 1162 311 1164 311 1163 311 1164 311 1165 311 1165 311 1164 311 1166 311 1165 311 1166 311 1094 311 1094 311 1166 311 1167 311 1094 311 1167 311 1095 311 982 1107 983 1107 1125 1107 1125 1108 983 1108 984 1108 1125 1109 984 1109 985 1109 986 1110 987 1110 625 1110 625 1111 987 1111 988 1111 625 1112 988 1112 626 1112 626 1113 988 1113 667 1113 952 1114 979 1114 1123 1114 1123 1115 979 1115 980 1115 1123 1116 980 1116 1125 1116 1125 1117 980 1117 981 1117 1125 1118 981 1118 982 1118 952 1119 1123 1119 953 1119 953 1120 1123 1120 1121 1120 953 1121 1121 1121 954 1121 954 1122 1121 1122 955 1122 955 1123 1121 1123 1119 1123 955 1124 1119 1124 959 1124 1117 1125 957 1125 1119 1125 1119 1126 957 1126 958 1126 1119 1127 958 1127 959 1127 963 1128 964 1128 1115 1128 1115 1129 964 1129 965 1129 1115 1130 965 1130 1117 1130 1117 1131 965 1131 956 1131 1117 1132 956 1132 957 1132 963 1133 1115 1133 962 1133 962 1134 1115 1134 1113 1134 962 1135 1113 1135 1168 1135 828 1136 1150 1136 813 1136 813 1137 1150 1137 1148 1137 813 1138 1148 1138 601 1138 601 1139 1148 1139 602 1139 602 1140 1148 1140 1146 1140 602 1141 1146 1141 604 1141 604 1142 1146 1142 605 1142 605 1143 1146 1143 1144 1143 605 1144 1144 1144 793 1144 1142 1145 608 1145 1144 1145 1144 1146 608 1146 607 1146 1144 1147 607 1147 793 1147 1140 1148 611 1148 1142 1148 1142 1149 611 1149 610 1149 1142 1150 610 1150 608 1150 616 1151 767 1151 1138 1151 1138 1152 767 1152 614 1152 1138 1153 614 1153 1140 1153 1140 1154 614 1154 613 1154 1140 1155 613 1155 611 1155 616 1156 1138 1156 617 1156 617 1157 1138 1157 1136 1157 617 1158 1136 1158 766 1158 766 1159 1136 1159 765 1159 765 1160 1136 1160 1134 1160 765 1161 1134 1161 764 1161 764 1162 1134 1162 749 1162 749 1163 1134 1163 1132 1163 749 1164 1132 1164 619 1164 619 1165 1132 1165 1169 1165 1169 1166 1132 1166 1131 1166 1169 1167 1131 1167 748 1167 748 1168 1131 1168 747 1168 747 1169 1131 1169 1129 1169 747 1170 1129 1170 746 1170 746 1171 1129 1171 731 1171 731 1172 1129 1172 1127 1172 731 1173 1127 1173 622 1173 622 1174 1127 1174 623 1174 623 1175 1127 1175 1125 1175 623 1176 1125 1176 625 1176 625 1177 1125 1177 985 1177 625 1178 985 1178 986 1178 1149 1179 1170 1179 1171 1179 1149 1179 1171 1179 1147 1179 1147 1180 1171 1180 1172 1180 1147 1180 1172 1180 1145 1180 1145 1181 1172 1181 1173 1181 1145 1181 1173 1181 1143 1181 1143 1182 1173 1182 1174 1182 1143 1182 1174 1182 1141 1182 1141 1073 1174 1073 1175 1073 1141 1073 1175 1073 1139 1073 1139 1183 1175 1183 1176 1183 1139 1183 1176 1183 1137 1183 1137 1184 1176 1184 1177 1184 1137 1184 1177 1184 1135 1184 1135 1185 1177 1185 1178 1185 1135 1185 1178 1185 1133 1185 1133 1186 1178 1186 1179 1186 1133 1186 1179 1186 1130 1186 1130 1187 1179 1187 1180 1187 1130 1187 1180 1187 1128 1187 1128 1188 1180 1188 1181 1188 1128 1188 1181 1188 1126 1188 1126 1189 1181 1189 1182 1189 1126 1189 1182 1189 1124 1189 1124 1190 1182 1190 1183 1190 1124 1190 1183 1190 1122 1190 1122 1070 1183 1070 1184 1070 1122 1070 1184 1070 1120 1070 1120 1191 1184 1191 1185 1191 1120 1191 1185 1191 1118 1191 1118 1192 1185 1192 1186 1192 1118 1192 1186 1192 1116 1192 1116 1193 1186 1193 1187 1193 1116 1193 1187 1193 1114 1193 1114 1194 1187 1194 1188 1194 1114 1194 1188 1194 1112 1194 1189 311 1053 311 1051 311 1190 311 1191 311 1035 311 1052 311 1056 311 1190 311 1035 311 1191 311 1037 311 1037 311 1191 311 1192 311 1037 311 1192 311 1039 311 1039 311 1192 311 1193 311 1039 311 1193 311 1041 311 1035 311 1194 311 1190 311 1190 311 1194 311 1195 311 1190 311 1195 311 1052 311 1052 311 1195 311 1196 311 1052 311 1196 311 1197 311 1198 311 1047 311 1199 311 1199 311 1047 311 1045 311 1197 311 1198 311 1052 311 1052 311 1198 311 1199 311 1052 311 1199 311 1051 311 1051 311 1199 311 1200 311 1051 311 1200 311 1189 311 1193 311 1201 311 1041 311 1041 311 1201 311 1202 311 1041 311 1202 311 1043 311 1043 311 1202 311 1203 311 1043 311 1203 311 1045 311 1045 311 1203 311 1204 311 1045 311 1204 311 1199 311 1205 311 1032 311 1200 311 1200 311 1032 311 1030 311 1030 311 1028 311 1200 311 1200 311 1028 311 1026 311 1200 311 1026 311 1189 311 1189 311 1026 311 1024 311 1189 311 1024 311 1206 311 1206 311 1024 311 1022 311 1206 311 1022 311 1207 311 1207 311 1022 311 1020 311 1207 311 1020 311 1208 311 1208 311 1020 311 1209 311 1208 311 1209 311 1210 311 1210 311 1209 311 1211 311 1210 311 1211 311 1212 311 1212 311 1211 311 1213 311 1212 311 1213 311 1214 311 1214 311 1213 311 1215 311 1200 311 1216 311 1205 311 1205 311 1216 311 1217 311 1205 311 1217 311 1215 311 1215 311 1217 311 1218 311 1215 311 1218 311 1214 311 1011 311 1009 311 1200 311 1009 311 1007 311 1200 311 1200 311 1007 311 1005 311 1200 311 1005 311 1216 311 1216 311 1005 311 1219 311 1220 311 1221 311 1222 311 1222 311 1221 311 1223 311 1222 311 1223 311 1219 311 1219 311 1223 311 1224 311 1219 311 1224 311 1216 311 1013 311 1225 311 1015 311 1015 311 1225 311 1226 311 1015 311 1226 311 1017 311 1017 311 1226 311 1227 311 1017 311 1227 311 1228 311 1228 311 1227 311 1229 311 1228 311 1229 311 1230 311 1230 311 1229 311 1231 311 1230 311 1231 311 1220 311 1220 311 1231 311 1232 311 1220 311 1232 311 1221 311 1233 311 1234 311 1200 311 1235 311 1236 311 1200 311 1200 311 1236 311 1225 311 1200 311 1225 311 1011 311 1011 311 1225 311 1013 311 1233 311 1200 311 1061 311 1061 311 1200 311 1199 311 1061 311 1199 311 1063 311 1063 311 1199 311 1237 311 1063 311 1237 311 1065 311 1236 311 1238 311 1225 311 1225 311 1238 311 1239 311 1225 311 1239 311 1240 311 1240 311 1239 311 1241 311 1240 311 1241 311 1242 311 1242 311 1241 311 1093 311 1242 311 1093 311 1243 311 1243 311 1093 311 1092 311 1243 311 1092 311 1244 311 1237 311 1245 311 1065 311 1065 311 1245 311 1246 311 1065 311 1246 311 1067 311 1067 311 1246 311 1247 311 1067 311 1247 311 1069 311 1069 311 1247 311 1248 311 1069 311 1248 311 1071 311 1071 311 1248 311 1249 311 1071 311 1249 311 1073 311 1073 311 1249 311 1250 311 1073 311 1250 311 1251 311 1251 311 1250 311 1244 311 1251 311 1244 311 1252 311 1252 311 1244 311 1092 311 1092 311 1091 311 1252 311 1252 311 1091 311 1090 311 1252 311 1090 311 1253 311 1253 311 1090 311 1089 311 1253 311 1089 311 1234 311 1234 311 1089 311 1088 311 1234 311 1088 311 1200 311 1200 311 1088 311 1087 311 1200 311 1087 311 1235 311 1254 0 1255 0 1256 0 1256 0 1255 0 1257 0 1256 0 1257 0 1258 0 1258 0 1257 0 1259 0 1258 0 1259 0 1260 0 1260 0 1259 0 1261 0 1260 0 1261 0 1262 0 1262 0 1261 0 1263 0 1262 0 1263 0 1264 0 1264 0 1263 0 1265 0 1264 0 1265 0 1266 0 1266 0 1265 0 1267 0 1266 0 1267 0 1268 0 1268 0 1267 0 1269 0 1268 0 1269 0 1270 0 1270 0 1269 0 1271 0 1270 0 1271 0 1170 0 1170 0 1271 0 1272 0 1170 0 1272 0 1171 0 1171 0 1272 0 1273 0 1171 0 1273 0 1172 0 1172 0 1273 0 1274 0 1172 0 1274 0 1173 0 1173 0 1274 0 1275 0 1173 0 1275 0 1174 0 1174 0 1275 0 1276 0 1174 0 1276 0 1175 0 1175 0 1276 0 1277 0 1175 0 1277 0 1176 0 1176 0 1277 0 1278 0 1176 0 1278 0 1177 0 1177 0 1278 0 1279 0 1177 0 1279 0 1178 0 1178 0 1279 0 1280 0 1178 0 1280 0 1179 0 1280 0 1281 0 1179 0 1179 0 1281 0 1282 0 1179 0 1282 0 1180 0 1180 0 1282 0 1283 0 1180 0 1283 0 1181 0 1181 0 1283 0 1284 0 1181 0 1284 0 1182 0 1182 0 1284 0 1285 0 1182 0 1285 0 1183 0 1183 0 1285 0 1286 0 1183 0 1286 0 1184 0 1184 0 1286 0 1287 0 1184 0 1287 0 1185 0 1185 0 1287 0 1288 0 1185 0 1288 0 1186 0 1186 0 1288 0 1289 0 1186 0 1289 0 1187 0 1187 0 1289 0 1290 0 1187 0 1290 0 1188 0 1188 0 1290 0 1291 0 1188 0 1291 0 1292 0 1292 0 1291 0 1293 0 1292 0 1293 0 1294 0 1294 0 1293 0 1295 0 1294 0 1295 0 1296 0 1296 0 1295 0 1297 0 1296 0 1297 0 1298 0 1298 0 1297 0 1299 0 1298 0 1299 0 1300 0 1300 0 1299 0 1301 0 1300 0 1301 0 1302 0 1302 0 1301 0 1303 0 1302 0 1303 0 1304 0 1304 0 1303 0 1305 0 1304 0 1305 0 1306 0 1306 0 1305 0 1307 0 1306 0 1307 0 1254 0 1254 0 1307 0 1308 0 1254 0 1308 0 1255 0 1272 1195 1058 1195 1057 1195 1053 1196 1189 1196 1054 1196 1054 1197 1189 1197 1274 1197 1054 1198 1274 1198 1057 1198 1057 1199 1274 1199 1273 1199 1057 1195 1273 1195 1272 1195 1189 1200 1206 1200 1274 1200 1274 1201 1206 1201 1207 1201 1274 1201 1207 1201 1275 1201 1275 1202 1207 1202 1208 1202 1275 1202 1208 1202 1276 1202 1276 1203 1208 1203 1210 1203 1276 1203 1210 1203 1277 1203 1277 1204 1210 1204 1212 1204 1277 1204 1212 1204 1278 1204 1278 1205 1212 1205 1214 1205 1278 1205 1214 1205 1279 1205 1279 1206 1214 1206 1218 1206 1279 1206 1218 1206 1280 1206 1280 1207 1218 1207 1217 1207 1280 1207 1217 1207 1281 1207 1281 1208 1217 1208 1216 1208 1281 1209 1216 1209 1282 1209 1216 1210 1224 1210 1282 1210 1282 1211 1224 1211 1223 1211 1282 1211 1223 1211 1283 1211 1283 1212 1223 1212 1221 1212 1283 1212 1221 1212 1284 1212 1284 1213 1221 1213 1232 1213 1284 1213 1232 1213 1285 1213 1285 1214 1232 1214 1231 1214 1285 1214 1231 1214 1286 1214 1286 1215 1231 1215 1229 1215 1286 1215 1229 1215 1287 1215 1287 1216 1229 1216 1227 1216 1287 1216 1227 1216 1288 1216 1288 1217 1227 1217 1226 1217 1288 1217 1226 1217 1289 1217 1289 1218 1226 1218 1225 1218 1289 1219 1225 1219 1290 1219 1225 1220 1240 1220 1290 1220 1290 1221 1240 1221 1242 1221 1290 1221 1242 1221 1291 1221 334 0 333 0 757 0 1309 0 321 0 1310 0 1310 0 321 0 319 0 1311 0 328 0 1312 0 1312 0 328 0 327 0 326 0 1313 0 327 0 327 0 1313 0 1314 0 327 0 1314 0 1312 0 322 0 1315 0 323 0 323 0 1315 0 1316 0 323 0 1316 0 324 0 1309 0 1317 0 321 0 321 0 1317 0 1318 0 321 0 1318 0 322 0 322 0 1318 0 1319 0 322 0 1319 0 1315 0 336 0 738 0 337 0 337 0 738 0 730 0 337 0 730 0 338 0 338 0 730 0 683 0 338 0 683 0 681 0 757 0 333 0 712 0 712 0 333 0 332 0 712 0 332 0 713 0 681 0 679 0 338 0 338 0 679 0 677 0 338 0 677 0 320 0 320 0 677 0 675 0 320 0 675 0 673 0 320 0 1320 0 1321 0 757 0 756 0 334 0 334 0 756 0 1322 0 334 0 1322 0 335 0 335 0 1322 0 699 0 335 0 699 0 336 0 336 0 699 0 739 0 336 0 739 0 738 0 1316 0 1323 0 324 0 324 0 1323 0 1324 0 324 0 1324 0 325 0 325 0 1324 0 1325 0 325 0 1325 0 326 0 326 0 1325 0 1326 0 326 0 1326 0 1313 0 673 0 671 0 320 0 320 0 671 0 636 0 320 0 636 0 1320 0 1321 0 1327 0 320 0 320 0 1327 0 1328 0 320 0 1328 0 319 0 319 0 1328 0 1329 0 319 0 1329 0 1310 0 713 0 332 0 774 0 774 0 332 0 331 0 774 0 331 0 775 0 330 0 792 0 331 0 331 0 792 0 786 0 331 0 786 0 775 0 1330 0 1331 0 330 0 1311 0 1332 0 328 0 328 0 1332 0 1333 0 328 0 1333 0 329 0 329 0 1333 0 1334 0 329 0 1334 0 330 0 330 0 1334 0 1335 0 330 0 1335 0 1330 0 1331 0 821 0 330 0 330 0 821 0 820 0 330 0 820 0 812 0 812 0 801 0 330 0 330 0 801 0 800 0 330 0 800 0 792 0 1291 1222 1242 1222 1243 1222 1058 1223 1272 1223 1271 1223 1190 1224 1056 1224 1055 1224 1291 1222 1243 1222 1293 1222 1293 1225 1243 1225 1244 1225 1293 1225 1244 1225 1295 1225 1295 1226 1244 1226 1250 1226 1295 1226 1250 1226 1297 1226 1297 1227 1250 1227 1249 1227 1297 1227 1249 1227 1299 1227 1299 1228 1249 1228 1248 1228 1299 1228 1248 1228 1301 1228 1301 1229 1248 1229 1247 1229 1301 1229 1247 1229 1303 1229 1303 1230 1247 1230 1246 1230 1303 1230 1246 1230 1305 1230 1305 1231 1246 1231 1245 1231 1305 1231 1245 1231 1307 1231 1307 1232 1245 1232 1237 1232 1307 1232 1237 1232 1308 1232 1308 1233 1237 1233 1199 1233 1308 1234 1199 1234 1255 1234 1199 1235 1204 1235 1255 1235 1255 1236 1204 1236 1203 1236 1255 1236 1203 1236 1257 1236 1257 1237 1203 1237 1202 1237 1257 1237 1202 1237 1259 1237 1259 1238 1202 1238 1201 1238 1259 1238 1201 1238 1261 1238 1261 1239 1201 1239 1193 1239 1261 1239 1193 1239 1263 1239 1263 1240 1193 1240 1192 1240 1263 1240 1192 1240 1265 1240 1265 1241 1192 1241 1191 1241 1265 1241 1191 1241 1267 1241 1267 1242 1191 1242 1190 1242 1267 1242 1190 1242 1269 1242 1269 1224 1190 1224 1055 1224 1269 1243 1055 1243 1271 1243 1271 1244 1055 1244 1059 1244 1271 1223 1059 1223 1058 1223 1112 1245 1188 1245 1292 1245 1112 1245 1292 1245 1110 1245 1110 1246 1292 1246 1294 1246 1110 1246 1294 1246 1108 1246 1108 1247 1294 1247 1296 1247 1108 1247 1296 1247 1106 1247 1106 1248 1296 1248 1298 1248 1106 1248 1298 1248 1104 1248 1104 1249 1298 1249 1300 1249 1104 1249 1300 1249 1102 1249 1102 1250 1300 1250 1302 1250 1102 1250 1302 1250 1100 1250 1100 1251 1302 1251 1304 1251 1100 1251 1304 1251 1098 1251 1098 1252 1304 1252 1306 1252 1098 1252 1306 1252 1096 1252 1096 1253 1306 1253 1254 1253 1096 1253 1254 1253 1094 1253 1094 1254 1254 1254 1256 1254 1094 1254 1256 1254 1165 1254 1165 1255 1256 1255 1258 1255 1165 1255 1258 1255 1163 1255 1163 1256 1258 1256 1260 1256 1163 1256 1260 1256 1161 1256 1161 1257 1260 1257 1262 1257 1161 1257 1262 1257 1159 1257 1159 1258 1262 1258 1264 1258 1159 1258 1264 1258 1157 1258 1157 1259 1264 1259 1266 1259 1157 1259 1266 1259 1155 1259 1155 1260 1266 1260 1268 1260 1155 1260 1268 1260 1153 1260 1153 1261 1268 1261 1270 1261 1153 1261 1270 1261 1151 1261 1151 1262 1270 1262 1170 1262 1151 1262 1170 1262 1149 1262 960 1263 961 1263 1336 1263 942 1264 940 1264 1103 1264 1103 1265 940 1265 939 1265 1103 1266 939 1266 1105 1266 1105 1267 939 1267 976 1267 937 1268 938 1268 1337 1268 1337 1269 938 1269 1338 1269 951 1270 950 1270 1101 1270 950 1271 949 1271 1101 1271 1101 1272 949 1272 948 1272 1101 1273 948 1273 947 1273 947 1274 945 1274 1101 1274 1101 1275 945 1275 944 1275 1101 1276 944 1276 1103 1276 1103 1277 944 1277 943 1277 1103 1278 943 1278 942 1278 960 1279 1336 1279 968 1279 968 1280 1336 1280 1111 1280 968 1281 1111 1281 967 1281 1109 1282 973 1282 1111 1282 1111 1283 973 1283 966 1283 1111 1284 966 1284 967 1284 972 1285 975 1285 1109 1285 1109 1286 975 1286 974 1286 1109 1287 974 1287 973 1287 972 1288 1109 1288 971 1288 971 1289 1109 1289 1107 1289 971 1290 1107 1290 969 1290 976 1291 977 1291 1105 1291 1105 1292 977 1292 978 1292 1105 1293 978 1293 1107 1293 1107 1294 978 1294 970 1294 1107 1295 970 1295 969 1295 938 1296 951 1296 1338 1296 1338 1297 951 1297 1101 1297 1338 1298 1101 1298 1339 1298 1339 1299 1101 1299 1099 1299 1339 1300 1099 1300 1340 1300 1340 1301 1099 1301 1341 1301 1341 1302 1099 1302 1097 1302 1341 1303 1097 1303 1342 1303 1342 1304 1097 1304 1343 1304 1343 1305 1097 1305 1095 1305 1343 1306 1095 1306 1344 1306 1344 1307 1095 1307 1345 1307 1345 1308 1095 1308 1167 1308 1345 1309 1167 1309 1346 1309 1346 1310 1167 1310 1347 1310 1347 1311 1167 1311 1166 1311 1347 1312 1166 1312 1348 1312 1348 1313 1166 1313 1349 1313 1349 1314 1166 1314 1164 1314 1349 1315 1164 1315 1350 1315 1350 1316 1164 1316 1351 1316 1351 1317 1164 1317 1162 1317 1351 1318 1162 1318 1352 1318 1352 1319 1162 1319 1353 1319 1353 1320 1162 1320 1160 1320 1353 1321 1160 1321 1354 1321 1158 1322 1355 1322 1160 1322 1160 1323 1355 1323 1356 1323 1160 1324 1356 1324 1354 1324 1156 1325 1357 1325 1158 1325 1158 1326 1357 1326 1358 1326 1158 1327 1358 1327 1355 1327 1359 1328 1360 1328 1154 1328 1154 1329 1360 1329 1361 1329 1154 1330 1361 1330 1156 1330 1156 1331 1361 1331 1362 1331 1156 1332 1362 1332 1357 1332 1359 1333 1154 1333 1363 1333 1363 1334 1154 1334 1152 1334 1363 1335 1152 1335 1364 1335 1364 1336 1152 1336 1365 1336 1365 1337 1152 1337 1150 1337 1365 1338 1150 1338 828 1338 1075 1339 1093 1339 1076 1339 1076 1339 1093 1339 1241 1339 1076 1340 1241 1340 1079 1340 1079 1340 1241 1340 1239 1340 1079 1341 1239 1341 1080 1341 1080 1341 1239 1341 1238 1341 1080 1342 1238 1342 1086 1342 1086 1342 1238 1342 1236 1342 1086 1343 1236 1343 1085 1343 1085 1343 1236 1343 1235 1343 1085 1344 1235 1344 1084 1344 1084 1344 1235 1344 1087 1344 1074 1345 1366 1345 1367 1345 1368 1346 1366 1346 1074 1346 1072 1347 1368 1347 1074 1347 1074 1348 1369 1348 1060 1348 1370 1349 1369 1349 1074 1349 1367 1350 1370 1350 1074 1350 1072 1351 1073 1351 1368 1351 1368 1351 1073 1351 1251 1351 1368 1258 1251 1258 1366 1258 1366 1258 1251 1258 1252 1258 1366 1352 1252 1352 1367 1352 1367 1352 1252 1352 1253 1352 1367 1353 1253 1353 1370 1353 1370 1353 1253 1353 1234 1353 1370 1249 1234 1249 1369 1249 1369 1249 1234 1249 1233 1249 1369 1354 1233 1354 1060 1354 1060 1354 1233 1354 1061 1354 1048 1355 1371 1355 1372 1355 1373 1356 1371 1356 1048 1356 1046 1357 1373 1357 1048 1357 1048 1358 1374 1358 1034 1358 1375 1359 1374 1359 1048 1359 1372 1360 1375 1360 1048 1360 1046 1351 1047 1351 1373 1351 1373 1351 1047 1351 1198 1351 1373 1258 1198 1258 1371 1258 1371 1258 1198 1258 1197 1258 1371 1361 1197 1361 1372 1361 1372 1361 1197 1361 1196 1361 1372 1362 1196 1362 1375 1362 1375 1362 1196 1362 1195 1362 1375 1249 1195 1249 1374 1249 1374 1249 1195 1249 1194 1249 1374 1354 1194 1354 1034 1354 1034 1354 1194 1354 1035 1354 1033 1363 1376 1363 1377 1363 1378 1346 1376 1346 1033 1346 1031 1364 1378 1364 1033 1364 1033 1365 1379 1365 1019 1365 1380 1366 1379 1366 1033 1366 1377 1367 1380 1367 1033 1367 1031 1368 1032 1368 1378 1368 1378 1368 1032 1368 1205 1368 1378 1258 1205 1258 1376 1258 1376 1258 1205 1258 1215 1258 1376 1361 1215 1361 1377 1361 1377 1361 1215 1361 1213 1361 1377 1362 1213 1362 1380 1362 1380 1362 1213 1362 1211 1362 1380 1249 1211 1249 1379 1249 1379 1249 1211 1249 1209 1249 1379 1369 1209 1369 1019 1369 1019 1369 1209 1369 1020 1369 1018 1370 1381 1370 1382 1370 1383 1371 1381 1371 1018 1371 1016 1372 1383 1372 1018 1372 1018 1373 1384 1373 1004 1373 1385 1359 1384 1359 1018 1359 1382 1374 1385 1374 1018 1374 1016 1368 1017 1368 1383 1368 1383 1368 1017 1368 1228 1368 1383 1258 1228 1258 1381 1258 1381 1258 1228 1258 1230 1258 1381 1352 1230 1352 1382 1352 1382 1352 1230 1352 1220 1352 1382 1353 1220 1353 1385 1353 1385 1353 1220 1353 1222 1353 1385 1249 1222 1249 1384 1249 1384 1249 1222 1249 1219 1249 1384 1369 1219 1369 1004 1369 1004 1369 1219 1369 1005 1369 1338 1375 1339 1375 1386 1375 1344 1376 1345 1376 1387 1376 1350 1377 1351 1377 1388 1377 1352 1378 1353 1378 1389 1378 1356 1379 1355 1379 1390 1379 1362 1380 1361 1380 1391 1380 1359 1381 1363 1381 1392 1381 1393 1382 1394 1382 1395 1382 1394 1383 1396 1383 1397 1383 1396 1384 1398 1384 1399 1384 1398 1385 1318 1385 1317 1385 937 1386 1337 1386 1400 1386 1400 1387 1337 1387 1401 1387 1400 1388 1401 1388 935 1388 935 1389 1401 1389 934 1389 930 1390 931 1390 1402 1390 1402 1391 931 1391 932 1391 1402 1392 932 1392 1401 1392 1401 1393 932 1393 933 1393 1401 1394 933 1394 934 1394 930 1395 1402 1395 929 1395 929 1396 1402 1396 1393 1396 929 1397 1393 1397 1403 1397 991 1398 923 1398 1403 1398 1403 1399 923 1399 924 1399 1403 1400 924 1400 925 1400 925 1401 926 1401 1403 1401 1403 1402 926 1402 927 1402 1403 1403 927 1403 929 1403 1403 1404 1404 1404 991 1404 991 1405 1404 1405 1405 1405 991 1406 1405 1406 992 1406 992 1407 1405 1407 993 1407 993 1408 1405 1408 1406 1408 993 1409 1406 1409 996 1409 998 1410 999 1410 1407 1410 1407 1411 999 1411 1000 1411 1407 1412 1000 1412 1408 1412 1408 1413 1000 1413 994 1413 1408 1414 994 1414 1406 1414 1406 1415 994 1415 995 1415 1406 1416 995 1416 996 1416 998 1417 1407 1417 997 1417 997 1418 1407 1418 1409 1418 997 1419 1409 1419 1001 1419 1001 1420 1409 1420 1410 1420 1001 1421 1410 1421 637 1421 1398 1422 1317 1422 1399 1422 1399 1423 1317 1423 1309 1423 1399 1423 1309 1423 1411 1423 1411 1424 1309 1424 1310 1424 1411 1425 1310 1425 1412 1425 1412 1426 1310 1426 1329 1426 1412 1427 1329 1427 1413 1427 1413 1428 1329 1428 1328 1428 1413 1429 1328 1429 1414 1429 1414 1430 1328 1430 1327 1430 1414 1431 1327 1431 1415 1431 1415 1432 1327 1432 1321 1432 1415 1433 1321 1433 1416 1433 1416 1434 1321 1434 1320 1434 1416 1435 1320 1435 1417 1435 1396 1436 1399 1436 1397 1436 1397 1437 1399 1437 1411 1437 1397 1437 1411 1437 1418 1437 1418 1438 1411 1438 1412 1438 1418 1439 1412 1439 1419 1439 1419 1440 1412 1440 1413 1440 1419 1441 1413 1441 1420 1441 1420 1442 1413 1442 1414 1442 1420 1443 1414 1443 1421 1443 1421 1444 1414 1444 1415 1444 1421 1445 1415 1445 1422 1445 1422 1446 1415 1446 1416 1446 1422 1447 1416 1447 1423 1447 1423 1448 1416 1448 1417 1448 1423 1449 1417 1449 1424 1449 1394 1383 1397 1383 1395 1383 1395 1450 1397 1450 1418 1450 1395 1450 1418 1450 1425 1450 1425 1451 1418 1451 1419 1451 1425 1452 1419 1452 1426 1452 1426 1453 1419 1453 1420 1453 1426 1454 1420 1454 1427 1454 1427 1455 1420 1455 1421 1455 1427 1456 1421 1456 1428 1456 1428 1457 1421 1457 1422 1457 1428 1457 1422 1457 1429 1457 1429 1458 1422 1458 1423 1458 1429 1459 1423 1459 1430 1459 1430 1460 1423 1460 1424 1460 1430 1461 1424 1461 1431 1461 1393 1462 1395 1462 1403 1462 1403 1463 1395 1463 1425 1463 1403 1463 1425 1463 1404 1463 1404 1464 1425 1464 1426 1464 1404 1465 1426 1465 1405 1465 1405 1466 1426 1466 1427 1466 1405 1467 1427 1467 1406 1467 1406 1468 1427 1468 1428 1468 1406 1469 1428 1469 1408 1469 1408 1470 1428 1470 1429 1470 1408 1471 1429 1471 1407 1471 1407 1472 1429 1472 1430 1472 1407 1473 1430 1473 1409 1473 1409 1474 1430 1474 1431 1474 1409 1475 1431 1475 1410 1475 1331 1476 1330 1476 1432 1476 1432 1477 1330 1477 1433 1477 1432 1478 1433 1478 1434 1478 1434 1479 1433 1479 1435 1479 1434 1480 1435 1480 1436 1480 1436 1481 1435 1481 1437 1481 1436 1482 1437 1482 1438 1482 1438 1483 1437 1483 1439 1483 1438 1484 1439 1484 1440 1484 1440 1485 1439 1485 1441 1485 1440 1486 1441 1486 1442 1486 1442 1487 1441 1487 1392 1487 1333 1488 1332 1488 1443 1488 1443 1489 1332 1489 1444 1489 1443 1490 1444 1490 1445 1490 1445 1491 1444 1491 1446 1491 1445 1492 1446 1492 1447 1492 1447 1492 1446 1492 1448 1492 1447 1493 1448 1493 1449 1493 1449 1494 1448 1494 1450 1494 1449 1495 1450 1495 1451 1495 1451 1496 1450 1496 1452 1496 1451 1497 1452 1497 1453 1497 1453 1498 1452 1498 1390 1498 1325 1499 1324 1499 1454 1499 1454 1500 1324 1500 1455 1500 1454 1501 1455 1501 1456 1501 1456 1502 1455 1502 1457 1502 1456 1503 1457 1503 1458 1503 1458 1504 1457 1504 1459 1504 1458 1505 1459 1505 1460 1505 1460 1506 1459 1506 1461 1506 1460 1507 1461 1507 1462 1507 1462 1508 1461 1508 1463 1508 1462 1509 1463 1509 1464 1509 1464 1510 1463 1510 1387 1510 1315 1511 1319 1511 1465 1511 1465 1512 1319 1512 1466 1512 1465 1513 1466 1513 1467 1513 1467 1514 1466 1514 1468 1514 1467 1515 1468 1515 1469 1515 1469 1516 1468 1516 1470 1516 1469 1517 1470 1517 1471 1517 1471 1518 1470 1518 1472 1518 1471 1519 1472 1519 1473 1519 1473 1520 1472 1520 1474 1520 1473 1521 1474 1521 1475 1521 1475 1522 1474 1522 1386 1522 821 1523 1331 1523 822 1523 822 1524 1331 1524 1432 1524 822 1525 1432 1525 823 1525 823 1526 1432 1526 1434 1526 823 1527 1434 1527 824 1527 824 1528 1434 1528 1436 1528 824 1529 1436 1529 1476 1529 1476 1530 1436 1530 1438 1530 1476 1531 1438 1531 826 1531 826 1532 1438 1532 1440 1532 826 1533 1440 1533 827 1533 827 1534 1440 1534 1442 1534 827 1535 1442 1535 828 1535 828 1536 1442 1536 1365 1536 1392 1537 1363 1537 1442 1537 1442 1538 1363 1538 1364 1538 1442 1539 1364 1539 1365 1539 1360 1540 1359 1540 1477 1540 1477 1541 1359 1541 1392 1541 1477 1542 1392 1542 1478 1542 1478 1543 1392 1543 1441 1543 1478 1544 1441 1544 1479 1544 1479 1545 1441 1545 1439 1545 1479 1546 1439 1546 1480 1546 1480 1547 1439 1547 1437 1547 1480 1548 1437 1548 1481 1548 1481 1549 1437 1549 1435 1549 1481 1550 1435 1550 1482 1550 1482 1551 1435 1551 1433 1551 1482 1552 1433 1552 1335 1552 1335 1553 1433 1553 1330 1553 1335 1554 1334 1554 1482 1554 1482 1555 1334 1555 1483 1555 1482 1556 1483 1556 1481 1556 1481 1557 1483 1557 1484 1557 1481 1558 1484 1558 1480 1558 1480 1559 1484 1559 1485 1559 1480 1560 1485 1560 1479 1560 1479 1561 1485 1561 1486 1561 1479 1562 1486 1562 1478 1562 1478 1563 1486 1563 1487 1563 1478 1564 1487 1564 1477 1564 1477 1565 1487 1565 1391 1565 1477 1566 1391 1566 1360 1566 1360 1567 1391 1567 1361 1567 1357 1568 1362 1568 1453 1568 1453 1569 1362 1569 1391 1569 1453 1570 1391 1570 1451 1570 1451 1571 1391 1571 1487 1571 1451 1572 1487 1572 1449 1572 1449 1573 1487 1573 1486 1573 1449 1574 1486 1574 1447 1574 1447 1575 1486 1575 1485 1575 1447 1576 1485 1576 1445 1576 1445 1577 1485 1577 1484 1577 1445 1578 1484 1578 1443 1578 1443 1579 1484 1579 1483 1579 1443 1580 1483 1580 1333 1580 1333 1581 1483 1581 1334 1581 1390 1582 1355 1582 1453 1582 1453 1583 1355 1583 1358 1583 1453 1584 1358 1584 1357 1584 1354 1585 1356 1585 1488 1585 1488 1586 1356 1586 1390 1586 1488 1587 1390 1587 1489 1587 1489 1587 1390 1587 1452 1587 1489 1588 1452 1588 1490 1588 1490 1588 1452 1588 1450 1588 1490 1589 1450 1589 1491 1589 1491 1589 1450 1589 1448 1589 1491 1590 1448 1590 1492 1590 1492 1590 1448 1590 1446 1590 1492 1591 1446 1591 1493 1591 1493 1591 1446 1591 1444 1591 1493 1592 1444 1592 1311 1592 1311 1592 1444 1592 1332 1592 1311 1593 1312 1593 1493 1593 1493 1594 1312 1594 1494 1594 1493 1595 1494 1595 1492 1595 1492 1596 1494 1596 1495 1596 1492 1597 1495 1597 1491 1597 1491 1598 1495 1598 1496 1598 1491 1599 1496 1599 1490 1599 1490 1600 1496 1600 1497 1600 1490 1601 1497 1601 1489 1601 1489 1602 1497 1602 1498 1602 1489 1603 1498 1603 1488 1603 1488 1604 1498 1604 1389 1604 1488 1605 1389 1605 1354 1605 1354 1606 1389 1606 1353 1606 1351 1607 1352 1607 1388 1607 1388 1608 1352 1608 1389 1608 1388 1609 1389 1609 1499 1609 1499 1610 1389 1610 1498 1610 1499 1611 1498 1611 1500 1611 1500 1612 1498 1612 1497 1612 1500 1613 1497 1613 1501 1613 1501 1614 1497 1614 1496 1614 1501 1615 1496 1615 1502 1615 1502 1616 1496 1616 1495 1616 1502 1617 1495 1617 1503 1617 1503 1618 1495 1618 1494 1618 1503 1619 1494 1619 1314 1619 1314 1620 1494 1620 1312 1620 1349 1621 1350 1621 1504 1621 1504 1622 1350 1622 1388 1622 1504 1623 1388 1623 1505 1623 1505 1624 1388 1624 1499 1624 1505 1625 1499 1625 1506 1625 1506 1626 1499 1626 1500 1626 1506 1627 1500 1627 1507 1627 1507 1628 1500 1628 1501 1628 1507 1629 1501 1629 1508 1629 1508 1630 1501 1630 1502 1630 1508 1631 1502 1631 1509 1631 1509 1632 1502 1632 1503 1632 1509 1633 1503 1633 1313 1633 1313 1634 1503 1634 1314 1634 1313 1635 1326 1635 1509 1635 1509 1636 1326 1636 1510 1636 1509 1637 1510 1637 1508 1637 1508 1638 1510 1638 1511 1638 1508 1639 1511 1639 1507 1639 1507 1639 1511 1639 1512 1639 1507 1640 1512 1640 1506 1640 1506 1641 1512 1641 1513 1641 1506 1642 1513 1642 1505 1642 1505 1643 1513 1643 1514 1643 1505 1644 1514 1644 1504 1644 1504 1645 1514 1645 1515 1645 1504 1646 1515 1646 1349 1646 1349 1647 1515 1647 1348 1647 1326 1648 1325 1648 1510 1648 1510 1649 1325 1649 1454 1649 1510 1650 1454 1650 1511 1650 1511 1651 1454 1651 1456 1651 1511 1652 1456 1652 1512 1652 1512 1653 1456 1653 1458 1653 1512 1654 1458 1654 1513 1654 1513 1655 1458 1655 1460 1655 1513 1656 1460 1656 1514 1656 1514 1657 1460 1657 1462 1657 1514 1658 1462 1658 1515 1658 1515 1659 1462 1659 1464 1659 1515 1660 1464 1660 1348 1660 1348 1661 1464 1661 1347 1661 1387 1662 1345 1662 1464 1662 1464 1663 1345 1663 1346 1663 1464 1664 1346 1664 1347 1664 1343 1665 1344 1665 1516 1665 1516 1666 1344 1666 1387 1666 1516 1667 1387 1667 1517 1667 1517 1668 1387 1668 1463 1668 1517 1669 1463 1669 1518 1669 1518 1670 1463 1670 1461 1670 1518 1671 1461 1671 1519 1671 1519 1672 1461 1672 1459 1672 1519 1673 1459 1673 1520 1673 1520 1674 1459 1674 1457 1674 1520 1675 1457 1675 1521 1675 1521 1676 1457 1676 1455 1676 1521 1677 1455 1677 1323 1677 1323 1678 1455 1678 1324 1678 1323 1679 1316 1679 1521 1679 1521 1680 1316 1680 1522 1680 1521 1681 1522 1681 1520 1681 1520 1682 1522 1682 1523 1682 1520 1683 1523 1683 1519 1683 1519 1684 1523 1684 1524 1684 1519 1685 1524 1685 1518 1685 1518 1686 1524 1686 1525 1686 1518 1687 1525 1687 1517 1687 1517 1688 1525 1688 1526 1688 1517 1689 1526 1689 1516 1689 1516 1690 1526 1690 1527 1690 1516 1691 1527 1691 1343 1691 1343 1692 1527 1692 1342 1692 1316 1693 1315 1693 1522 1693 1522 1694 1315 1694 1465 1694 1522 1695 1465 1695 1523 1695 1523 1696 1465 1696 1467 1696 1523 1697 1467 1697 1524 1697 1524 1698 1467 1698 1469 1698 1524 1699 1469 1699 1525 1699 1525 1700 1469 1700 1471 1700 1525 1701 1471 1701 1526 1701 1526 1702 1471 1702 1473 1702 1526 1703 1473 1703 1527 1703 1527 1704 1473 1704 1475 1704 1527 1705 1475 1705 1342 1705 1342 1706 1475 1706 1341 1706 1386 1707 1339 1707 1475 1707 1475 1708 1339 1708 1340 1708 1475 1709 1340 1709 1341 1709 1337 1710 1338 1710 1401 1710 1401 1711 1338 1711 1386 1711 1401 1712 1386 1712 1402 1712 1402 1713 1386 1713 1474 1713 1402 1714 1474 1714 1393 1714 1393 1715 1474 1715 1472 1715 1393 1716 1472 1716 1394 1716 1394 1717 1472 1717 1470 1717 1394 1718 1470 1718 1396 1718 1396 1719 1470 1719 1468 1719 1396 1720 1468 1720 1398 1720 1398 1721 1468 1721 1466 1721 1398 1722 1466 1722 1318 1722 1318 1723 1466 1723 1319 1723 339 1724 490 1724 1528 1724 1528 1725 490 1725 501 1725 1528 1726 501 1726 1529 1726 1529 1727 501 1727 1530 1727 1530 1728 501 1728 511 1728 1530 1729 511 1729 1531 1729 1531 1730 511 1730 1532 1730 1532 1731 511 1731 510 1731 1532 1732 510 1732 1533 1732 1533 1733 510 1733 1534 1733 1534 1734 510 1734 509 1734 1534 1735 509 1735 1535 1735 1535 1736 509 1736 1536 1736 1536 1737 509 1737 506 1737 1536 1738 506 1738 1537 1738 1537 1739 506 1739 1538 1739 1538 1740 506 1740 484 1740 1538 1741 484 1741 390 1741 391 1742 472 1742 1539 1742 1539 1743 472 1743 521 1743 1539 1726 521 1726 1540 1726 1540 1744 521 1744 1541 1744 1541 1745 521 1745 532 1745 1541 1746 532 1746 1542 1746 1542 1747 532 1747 1543 1747 1543 1748 532 1748 531 1748 1543 1732 531 1732 1544 1732 1544 1749 531 1749 1545 1749 1545 1750 531 1750 530 1750 1545 1735 530 1735 1546 1735 1546 1751 530 1751 1547 1751 1547 1752 530 1752 517 1752 1547 1753 517 1753 1548 1753 1548 1739 517 1739 1549 1739 1549 1754 517 1754 466 1754 1549 1755 466 1755 442 1755 454 1756 418 1756 416 1756 454 1757 416 1757 443 1757 416 1758 414 1758 443 1758 443 1759 414 1759 412 1759 443 1760 412 1760 444 1760 412 1761 410 1761 444 1761 444 1762 410 1762 408 1762 444 1763 408 1763 445 1763 408 1764 406 1764 445 1764 445 1765 406 1765 404 1765 445 1766 404 1766 449 1766 404 1767 402 1767 449 1767 449 1768 402 1768 400 1768 449 1769 400 1769 450 1769 396 1770 451 1770 397 1770 397 1771 451 1771 450 1771 397 1772 450 1772 398 1772 398 1773 450 1773 400 1773 442 1774 430 1774 1550 1774 430 1775 419 1775 1551 1775 419 1776 418 1776 464 1776 419 1777 464 1777 1551 1777 1551 1778 464 1778 465 1778 1551 1779 465 1779 1552 1779 1552 1780 465 1780 463 1780 1552 1781 463 1781 1553 1781 1553 1782 463 1782 462 1782 1553 1783 462 1783 1554 1783 1554 1784 462 1784 461 1784 1554 1785 461 1785 1555 1785 1555 1786 461 1786 460 1786 1555 1787 460 1787 1556 1787 1556 1788 460 1788 459 1788 1556 1789 459 1789 1557 1789 1557 1790 459 1790 458 1790 1557 1791 458 1791 1558 1791 1558 1792 458 1792 457 1792 1558 1793 457 1793 1559 1793 1559 1794 457 1794 456 1794 1559 1795 456 1795 1560 1795 1560 1796 456 1796 455 1796 1560 1797 455 1797 1561 1797 1561 1798 455 1798 396 1798 1561 1799 396 1799 394 1799 430 1800 1551 1800 1550 1800 1550 1801 1551 1801 1552 1801 1550 1802 1552 1802 1562 1802 1562 1803 1552 1803 1553 1803 1562 1804 1553 1804 1563 1804 1563 1805 1553 1805 1554 1805 1563 1806 1554 1806 1564 1806 1564 1807 1554 1807 1555 1807 1564 1808 1555 1808 1565 1808 1565 1809 1555 1809 1556 1809 1565 1810 1556 1810 1566 1810 1566 1811 1556 1811 1557 1811 1566 1812 1557 1812 1567 1812 1567 1813 1557 1813 1558 1813 1567 1814 1558 1814 1568 1814 1568 1815 1558 1815 1559 1815 1568 1816 1559 1816 1569 1816 1569 1817 1559 1817 1560 1817 1569 1818 1560 1818 1570 1818 1570 1819 1560 1819 1561 1819 1570 1820 1561 1820 1571 1820 1571 1821 1561 1821 394 1821 1571 1822 394 1822 392 1822 442 1823 1550 1823 1549 1823 1549 1824 1550 1824 1562 1824 1549 1825 1562 1825 1548 1825 1548 1826 1562 1826 1563 1826 1548 1827 1563 1827 1547 1827 1547 1828 1563 1828 1564 1828 1547 1829 1564 1829 1546 1829 1546 1830 1564 1830 1565 1830 1546 1831 1565 1831 1545 1831 1545 1832 1565 1832 1566 1832 1545 1833 1566 1833 1544 1833 1544 1834 1566 1834 1567 1834 1544 1835 1567 1835 1543 1835 1543 1836 1567 1836 1568 1836 1543 1837 1568 1837 1542 1837 1542 1838 1568 1838 1569 1838 1542 1839 1569 1839 1541 1839 1541 1840 1569 1840 1570 1840 1541 1841 1570 1841 1540 1841 1540 1842 1570 1842 1571 1842 1540 1843 1571 1843 1539 1843 1539 1844 1571 1844 392 1844 1539 1845 392 1845 391 1845 390 1846 378 1846 1572 1846 378 1847 367 1847 1573 1847 367 1848 366 1848 483 1848 367 1849 483 1849 1573 1849 1573 1850 483 1850 477 1850 1573 1851 477 1851 1574 1851 1574 1852 477 1852 476 1852 1574 1853 476 1853 1575 1853 1575 1854 476 1854 482 1854 1575 1855 482 1855 1576 1855 1576 1856 482 1856 481 1856 1576 1857 481 1857 1577 1857 1577 1858 481 1858 475 1858 1577 1859 475 1859 1578 1859 1578 1860 475 1860 474 1860 1578 1861 474 1861 1579 1861 1579 1862 474 1862 473 1862 1579 1863 473 1863 1580 1863 1580 1864 473 1864 480 1864 1580 1865 480 1865 1581 1865 1581 1866 480 1866 479 1866 1581 1867 479 1867 1582 1867 1582 1868 479 1868 478 1868 1582 1869 478 1869 1583 1869 1583 1870 478 1870 344 1870 1583 1871 344 1871 342 1871 378 1872 1573 1872 1572 1872 1572 1873 1573 1873 1574 1873 1572 1874 1574 1874 1584 1874 1584 1875 1574 1875 1575 1875 1584 1876 1575 1876 1585 1876 1585 1877 1575 1877 1576 1877 1585 1878 1576 1878 1586 1878 1586 1879 1576 1879 1577 1879 1586 1880 1577 1880 1587 1880 1587 1881 1577 1881 1578 1881 1587 1882 1578 1882 1588 1882 1588 1883 1578 1883 1579 1883 1588 1884 1579 1884 1589 1884 1589 1885 1579 1885 1580 1885 1589 1886 1580 1886 1590 1886 1590 1887 1580 1887 1581 1887 1590 1888 1581 1888 1591 1888 1591 1889 1581 1889 1582 1889 1591 1890 1582 1890 1592 1890 1592 1891 1582 1891 1583 1891 1592 1892 1583 1892 1593 1892 1593 1893 1583 1893 342 1893 1593 1894 342 1894 340 1894 390 1895 1572 1895 1538 1895 1538 1896 1572 1896 1584 1896 1538 1897 1584 1897 1537 1897 1537 1898 1584 1898 1585 1898 1537 1899 1585 1899 1536 1899 1536 1900 1585 1900 1586 1900 1536 1901 1586 1901 1535 1901 1535 1902 1586 1902 1587 1902 1535 1903 1587 1903 1534 1903 1534 1904 1587 1904 1588 1904 1534 1905 1588 1905 1533 1905 1533 1906 1588 1906 1589 1906 1533 1907 1589 1907 1532 1907 1532 1908 1589 1908 1590 1908 1532 1909 1590 1909 1531 1909 1531 1910 1590 1910 1591 1910 1531 1911 1591 1911 1530 1911 1530 1912 1591 1912 1592 1912 1530 1913 1592 1913 1529 1913 1529 1914 1592 1914 1593 1914 1529 1915 1593 1915 1528 1915 1528 1916 1593 1916 340 1916 1528 1917 340 1917 339 1917</p>
        </triangles>
      </mesh>
    </geometry>
  </library_geometries>
  <library_visual_scenes>
    <visual_scene id="DefaultScene">
      <node id="node_9ce20e04_ec75_4ae9_951e_29ac5d450e43" type="NODE">
        <matrix>1 0 0 0 0 1 0 0 0 0 1 0 0 0 0 1</matrix>
        <node id="node_d214599d_9c77_45cd_a0b9_5ea07ce0fbae" type="NODE">
          <matrix>1 0 0 0 0 1 0 0 0 0 1 0 0 0 0 1</matrix>
          <node id="node_d214599d_9c77_45cd_a0b9_5ea07ce0fbae_mesh0" type="NODE">
            <matrix>1 0 0 0 0 1 0 0 0 0 1 0 0 0 0 1</matrix>
            <instance_geometry url="#geometry_b30fc8ee_0584_4d70_977f_e90c12cc075f">
              <bind_material>
                <technique_common>
                  <instance_material symbol="mat_0" target="#mat_0"/>
                </technique_common>
              </bind_material>
            </instance_geometry>
          </node>
        </node>
      </node>
    </visual_scene>
  </library_visual_scenes>
  <scene>
    <instance_visual_scene url="#DefaultScene"/>
  </scene>
</COLLADA>
