<?xml version="1.0" encoding="UTF-8"?>
<COLLADA xmlns="http://www.collada.org/2005/11/COLLADASchema" version="1.4.1">
<!--
# File generated by ImageToStl.com - Free Image and 3D model conversion tools
-->
  <asset>
    <contributor>
      <author>ImageToStl.com</author>
      <authoring_tool>ImageToStl.com</authoring_tool>
    </contributor>
    <created>2025-05-28T09:54:37</created>
    <modified>2025-05-28T09:54:37</modified>
    <up_axis>Z_UP</up_axis>
  </asset>
  <library_effects>
    <effect id="effect_0">
        <profile_COMMON>
          <technique sid="common">
            <phong>
              <diffuse>
                <color>0.85 0.85 0.85 1</color>
              </diffuse>
              <specular>
                <color>0.05 0.05 0.05 1</color>
              </specular>
              <shininess>
                <float>64</float>
              </shininess>
            </phong>
          </technique>
        </profile_COMMON>
    </effect>
  </library_effects>
  <library_materials>
    <material id="mat_0">
      <instance_effect url="#effect_0"/>
    </material>
  </library_materials>
  <library_geometries>
    <geometry id="geometry_b4d413b2_19a0_48b3_81db_ea5cd22c68d0">
      <mesh>
        <source id="pos_0">
          <float_array id="pos_0-array" count="7308">0.025 0.007 -0.06278034 0.015 0.017 -0.06278034 0.025 0.007 -0.05778033 0.015 0.017 -0.05778033 -0.015 0.017 -0.06278034 -0.025 0.007 -0.06278034 -0.015 0.017 -0.05778033 -0.025 0.007 -0.05778033 0.015 0.017 -0.13025354 0.025 0.007 -0.13025354 0.015 0.017 -0.13525353 0.025 0.007 -0.13525353 -0.025 0.007 -0.13025354 -0.015 0.017 -0.13025354 -0.025 0.007 -0.13525353 -0.015 0.017 -0.13525353 -0.00494949 -0.041 -0.10146693 0.00494949 -0.041 -0.10146693 -0.00494949 -0.036 -0.10146693 0.00494949 -0.036 -0.10146693 -0.00606206 -0.041 -0.10001714 -0.00606206 -0.036 -0.10001714 -0.00676145 -0.041 -0.09832878 -0.00676145 -0.036 -0.09832878 -0.007 -0.041 -0.09651694 -0.007 -0.036 -0.09651694 0.00494949 -0.041 -0.09156694 -0.00494949 -0.041 -0.09156694 0.00494949 -0.036 -0.09156694 -0.00494949 -0.036 -0.09156694 0.00623695 -0.041 -0.09333881 0.00623695 -0.036 -0.09333881 0.00691381 -0.041 -0.09542182 0.00691381 -0.036 -0.09542182 0.00691381 -0.041 -0.09761205 0.00691381 -0.036 -0.09761205 0.00623695 -0.041 -0.09969506 0.00623695 -0.036 -0.09969506 -0 0.011 -0.06278034 -0 0.011 -0.05778033 -0.00309906 0.01055442 -0.06278034 -0.00309906 0.01055442 -0.05778033 -0.00594705 0.00925379 -0.06278034 -0.00594705 0.00925379 -0.05778033 -0.00831325 0.00720347 -0.06278034 -0.00831325 0.00720347 -0.05778033 -0.01000595 0.00456957 -0.06278034 -0.01000595 0.00456957 -0.05778033 -0.01088804 0.00156546 -0.06278034 -0.01088804 0.00156546 -0.05778033 -0.01088804 -0.00156546 -0.06278034 -0.01088804 -0.00156546 -0.05778033 -0.01000595 -0.00456957 -0.06278034 -0.01000595 -0.00456957 -0.05778033 -0.00831325 -0.00720347 -0.06278034 -0.00831325 -0.00720347 -0.05778033 -0.00594705 -0.00925379 -0.06278034 -0.00594705 -0.00925379 -0.05778033 -0.00309906 -0.01055442 -0.06278034 -0.00309906 -0.01055442 -0.05778033 -0 -0.011 -0.06278034 -0 -0.011 -0.05778033 -0 0.011 -0.13525353 -0 0.011 -0.13025354 -0.00309906 0.01055442 -0.13525353 -0.00309906 0.01055442 -0.13025354 -0.00594705 0.00925379 -0.13525353 -0.00594705 0.00925379 -0.13025354 -0.00831325 0.00720347 -0.13525353 -0.00831325 0.00720347 -0.13025354 -0.01000595 0.00456957 -0.13525353 -0.01000595 0.00456957 -0.13025354 -0.01088804 0.00156546 -0.13525353 -0.01088804 0.00156546 -0.13025354 -0.01088804 -0.00156546 -0.13525353 -0.01088804 -0.00156546 -0.13025354 -0.01000595 -0.00456957 -0.13525353 -0.01000595 -0.00456957 -0.13025354 -0.00831325 -0.00720347 -0.13525353 -0.00831325 -0.00720347 -0.13025354 -0.00594705 -0.00925379 -0.13525353 -0.00594705 -0.00925379 -0.13025354 -0.00309906 -0.01055442 -0.13525353 -0.00309906 -0.01055442 -0.13025354 -0 -0.011 -0.13525353 -0 -0.011 -0.13025354 0.01000595 0.00456957 -0.13025354 0.00831325 0.00720347 -0.13025354 0.00594705 0.00925379 -0.13025354 -0.025 -0.0352634 -0.13025354 0.00309906 0.01055442 -0.13025354 0.00831325 -0.00720347 -0.13025354 0.00594705 -0.00925379 -0.13025354 0.025 -0.0352634 -0.13025354 0.00309906 -0.01055442 -0.13025354 0.01088804 0.00156546 -0.13025354 0.01088804 -0.00156546 -0.13025354 0.01000595 -0.00456957 -0.13025354 0.00309906 0.01055442 -0.13525353 0.00594705 0.00925379 -0.13525353 -0.025 -0.0352634 -0.13525353 0.025 -0.0352634 -0.13525353 0.00309906 -0.01055442 -0.13525353 0.00594705 -0.00925379 -0.13525353 0.01088804 -0.00156546 -0.13525353 0.01000595 -0.00456957 -0.13525353 0.00831325 -0.00720347 -0.13525353 0.01088804 0.00156546 -0.13525353 0.01000595 0.00456957 -0.13525353 0.00831325 0.00720347 -0.13525353 0.025 -0.0356317 -0.13015485 -0.025 -0.0356317 -0.13015485 0.025 -0.03590132 -0.12988524 -0.025 -0.03590132 -0.12988524 0.025 -0.036 -0.12951693 -0.025 -0.036 -0.12951693 0.025 -0.041 -0.12951693 -0.025 -0.041 -0.12951693 -0.025 -0.04056333 -0.13171224 0.025 -0.04056333 -0.13171224 -0.025 -0.03931979 -0.13357332 0.025 -0.03931979 -0.13357332 -0.025 -0.0374587 -0.13481686 0.025 -0.0374587 -0.13481686 -0.025 -0.0352634 -0.06278034 0.025 -0.0352634 -0.06278034 0.00309906 -0.01055442 -0.06278034 0.00594705 -0.00925379 -0.06278034 0.01088804 0.00156546 -0.06278034 0.01000595 0.00456957 -0.06278034 0.00831325 0.00720347 -0.06278034 0.00594705 0.00925379 -0.06278034 0.00831325 -0.00720347 -0.06278034 0.01000595 -0.00456957 -0.06278034 0.01088804 -0.00156546 -0.06278034 0.00309906 0.01055442 -0.06278034 -0.025 -0.0352634 -0.05778033 0.00309906 0.01055442 -0.05778033 0.00594705 0.00925379 -0.05778033 0.00831325 0.00720347 -0.05778033 0.01000595 0.00456957 -0.05778033 0.00831325 -0.00720347 -0.05778033 0.00594705 -0.00925379 -0.05778033 0.025 -0.0352634 -0.05778033 0.00309906 -0.01055442 -0.05778033 0.01088804 0.00156546 -0.05778033 0.01088804 -0.00156546 -0.05778033 0.01000595 -0.00456957 -0.05778033 -0.025 -0.0356317 -0.06287902 0.025 -0.0356317 -0.06287902 -0.025 -0.03590132 -0.06314863 0.025 -0.03590132 -0.06314863 -0.025 -0.036 -0.06351694 0.025 -0.036 -0.06351694 -0.025 -0.041 -0.06351694 0.025 -0.041 -0.06351694 0.025 -0.04056333 -0.06132163 -0.025 -0.04056333 -0.06132163 0.025 -0.03931979 -0.05946054 -0.025 -0.03931979 -0.05946054 0.025 -0.0374587 -0.05821701 -0.025 -0.0374587 -0.05821701 -0.00676145 -0.036 -0.09470508 -0.00606206 -0.036 -0.09301673 -0.00676145 -0.041 -0.09470508 -0.00606206 -0.041 -0.09301673 -0.018 -0.011 -0.08078194 -0.018 -0.011 -0.06278194 -0.018 -0.021 -0.08917293 -0.018 -0.036 -0.06278194 -0.018 -0.021 -0.10386094 -0.018 -0.036 -0.13025193 -0.018 -0.011 -0.11225194 -0.018 -0.011 -0.13025193 -0.023 -0.011 -0.11225194 -0.023 -0.011 -0.13025193 -0.023 -0.021 -0.10386094 -0.023 -0.036 -0.13025193 -0.023 -0.021 -0.08917293 -0.023 -0.036 -0.06278194 -0.023 -0.011 -0.08078194 -0.023 -0.011 -0.06278194 0.00198248 0.00680352 -0.01000033 0.00198248 0.00680352 -0.01500033 0.00198248 0.00458857 -0.01000033 0.00198248 0.00458857 -0.01500033 -0.00201751 0.00679321 -0.01000033 -0.00201751 0.00679321 -0.01500033 -0.00201751 0.00457328 -0.01000033 -0.00201751 0.00457328 -0.01500033 -0.00360537 0.00346268 -0.01500033 -0.00360537 0.00346268 -0.01000033 -0.00465174 0.00183177 -0.01500033 -0.00465174 0.00183177 -0.01000033 -0.00499947 -7.449E-05 -0.01500033 -0.00499947 -7.449E-05 -0.01000033 -0.00459633 -0.00196981 -0.01500033 -0.00459633 -0.00196981 -0.01000033 -0.00350286 -0.00356952 -0.01500033 -0.00350286 -0.00356952 -0.01000033 -0.0018833 -0.00463337 -0.01500033 -0.0018833 -0.00463337 -0.01000033 1.911E-05 -0.00500158 -0.01500033 1.911E-05 -0.00500158 -0.01000033 0.00191865 -0.00461884 -0.01500033 0.00191865 -0.00461884 -0.01000033 0.00353003 -0.00354264 -0.01500033 0.00353003 -0.00354264 -0.01000033 0.00461124 -0.00193461 -0.01500033 0.00461124 -0.00193461 -0.01000033 0.00499988 -3.627E-05 -0.01500033 0.00499988 -3.627E-05 -0.01000033 0.00463759 0.00186728 -0.01500033 0.00463759 0.00186728 -0.01000033 0.00357878 0.00349014 -0.01500033 0.00357878 0.00349014 -0.01000033 0.025 0.0069966 -0.01500033 0.015 0.0169966 -0.01500033 0.025 0.0069966 -0.01000033 0.015 0.0169966 -0.01000033 -0.015 0.0169966 -0.01500033 -0.025 0.0069966 -0.01500033 -0.015 0.0169966 -0.01000033 -0.025 0.0069966 -0.01000033 0.025 -0.0295268 -0.01500033 -0.025 -0.0295268 -0.01500033 -0.025 -0.0295268 -0.01000033 0.025 -0.0295268 -0.01000033 -0.025 -0.0298951 -0.01509902 0.025 -0.0298951 -0.01509902 -0.025 -0.03016471 -0.01536863 0.025 -0.03016471 -0.01536863 -0.025 -0.0302634 -0.01573694 0.025 -0.0302634 -0.01573694 -0.025 -0.0352634 -0.01573694 0.025 -0.0352634 -0.01573694 0.025 -0.03498263 -0.01396423 -0.025 -0.03498263 -0.01396423 0.025 -0.03416781 -0.01236505 -0.025 -0.03416781 -0.01236505 0.025 -0.03289869 -0.01109593 -0.025 -0.03289869 -0.01109593 0.025 -0.03129951 -0.0102811 -0.025 -0.03129951 -0.0102811 0.025 -0.0302634 -0.05778033 -0.025 -0.0302634 -0.05778033 0.02591179 0.00128936 -0.00025292 0.02591179 0.00128936 -0.00974708 0.02593794 0.00131027 -0.0097398 0.02593935 0.00131188 -0.0002606 0.02595247 0.00133155 -0.00973562 0.02595727 0.00134263 -0.00026582 0.0259633 0.00137707 -0.00973209 0.0259633 0.00137707 -0.00026791 0.02554567 0.00452678 -0.00025292 0.02554567 0.00452678 -0.00974708 0.02557596 0.0045626 -0.0002626 0.02555505 0.00453458 -0.00974424 0.02556271 0.00454262 -0.00974184 0.02557584 0.00456237 -0.00973745 0.0255866 0.00460773 -0.00973246 0.0255866 0.00460773 -0.00026754 0.02477667 0.0076928 -0.00025292 0.02477667 0.0076928 -0.00974708 0.02479995 0.00772624 -0.00026154 0.02478233 0.0076986 -0.00974517 0.02479034 0.00770877 -0.00974231 0.02479977 0.00772582 -0.00973854 0.02480795 0.0077657 -0.00973326 0.02480795 0.0077657 -0.00026674 0.02361693 0.01073746 -0.00025292 0.02361693 0.01073746 -0.00974708 0.02362855 0.01075512 -0.00974229 0.02363392 0.01076754 -0.0002604 0.02363965 0.01080119 -0.00973446 0.02363965 0.01080119 -0.00026554 0.02208474 0.01361277 -0.00025292 0.02208474 0.01361277 -0.00974708 0.02209621 0.01363835 -0.00974086 0.02209621 0.01363835 -0.00025914 0.02210012 0.01366631 -0.00973604 0.02210012 0.01366631 -0.00026396 0.02021128 0.01629407 -0.00974213 0.02021363 0.01631588 -0.00973797 0.02021363 0.01631588 -0.00026203 0.02020427 0.01627337 -0.00974708 0.02021127 0.01629403 -0.00025786 0.02020427 0.01627337 -0.00025292 0.01800876 0.01869253 -0.00974347 0.01800993 0.01870812 -0.00974024 0.01800993 0.01870812 -0.00025976 0.01800515 0.0186773 -0.00974708 0.01800875 0.01869248 -0.00025652 0.01800515 0.0186773 -0.00025292 0.01552338 0.02079593 -0.00974488 0.01552379 0.0208053 -0.0097428 0.01552379 0.0208053 -0.0002572 0.01552209 0.02078666 -0.00974708 0.01552338 0.02079592 -0.00025512 0.01552209 0.02078666 -0.00025292 0.01279437 0.02257125 -0.00025366 0.01279423 0.02256817 -0.00025292 0.01279423 0.02256817 -0.00974708 0.01279441 0.02257434 -0.00025439 0.01279437 0.02257125 -0.00974634 0.01279441 0.02257434 -0.00974561 0.01286002 -0.02259852 -0.00026795 0.01286002 -0.02259852 -0.00973205 0.01288695 -0.02257613 -0.00973369 0.01288695 -0.02257613 -0.00026631 0.01290451 -0.02254584 -0.0097384 0.01290451 -0.02254584 -0.0002616 0.01291056 -0.02251135 -0.00974561 0.01291056 -0.02251135 -0.00025439 0.01559076 -0.02080855 -0.00026795 0.01559076 -0.02080855 -0.00973205 0.01561902 -0.0207756 -0.00973457 0.01562028 -0.02077315 -0.00026511 0.01563079 -0.02072826 -0.0097428 0.01563079 -0.02072826 -0.0002572 0.01807562 -0.01869044 -0.00026795 0.01807562 -0.01869044 -0.00973205 0.01809821 -0.01865748 -0.00973418 0.01809821 -0.01865748 -0.00026582 0.0181061 -0.0186183 -0.00974024 0.0181061 -0.0186183 -0.00025976 0.02027542 -0.01627759 -0.00026795 0.02027542 -0.01627759 -0.00973205 0.02029181 -0.01624805 -0.00973357 0.02029181 -0.01624805 -0.00026643 0.02029743 -0.01621474 -0.00973797 0.02029743 -0.01621474 -0.00026203 0.02215546 -0.01360807 -0.00026795 0.02215546 -0.01360807 -0.00973205 0.02216652 -0.01358281 -0.00973307 0.02216652 -0.01358281 -0.00026693 0.02217025 -0.01355548 -0.00973604 0.02217025 -0.01355548 -0.00026397 0.0236861 -0.01072397 -0.00973205 0.023695 -0.01068247 -0.00973446 0.0236861 -0.01072397 -0.00026795 0.023695 -0.01068247 -0.00026554 0.02484655 -0.00765599 -0.00973236 0.02484764 -0.00764101 -0.00973326 0.02484764 -0.00764101 -0.00026674 0.02484319 -0.00767076 -0.00973205 0.02484655 -0.00765604 -0.00026764 0.02484319 -0.00767076 -0.00026795 0.02560964 -0.00448785 -0.00973216 0.02561001 -0.00447906 -0.00973246 0.02561001 -0.00447906 -0.00026754 0.0256085 -0.00449661 -0.00973205 0.02560964 -0.00448787 -0.00026785 0.0256085 -0.00449661 -0.00026795 0.02597003 -0.00124904 -0.00973206 0.02597005 -0.00124651 -0.00973209 0.02597005 -0.00124651 -0.00026791 0.02596994 -0.00125157 -0.00973205 0.02597003 -0.00124904 -0.00026794 0.02596994 -0.00125157 -0.00026795 0.02374993 5.957E-05 0 0.02375 -8.76E-06 0 0.02374993 5.957E-05 -0.01 0.02375 -8.76E-06 -0.01 0.00988296 0.02346201 -0.00987673 0.00988296 0.02346201 -0.00012327 0.00987993 0.02321482 -0.00993804 0.00987993 0.02321482 -6.196E-05 0.00986956 0.02296776 -0.01 0.00986956 0.02296776 -0 0.00691487 0.02396884 -0 0.00691023 0.02387926 -0 0.00691487 0.02396884 -0.01 0.00691023 0.02387926 -0.01 -0.00698672 0.02306505 -0.01 -0.00698672 0.02306505 -0 -0.00698674 0.02306845 -0.01 -0.00698674 0.02306845 -0 -0.00981854 0.02194484 -0.01 -0.00981854 0.02194484 -0 -0.00982309 0.02201087 -0.01 -0.00982309 0.02201087 -0 -0.01248763 0.02047854 -0.01 -0.01248763 0.02047854 -0 -0.01250453 0.02060613 -0.01 -0.01250453 0.02060613 -0 -0.0149519 0.01868927 -0.01 -0.0149519 0.01868927 -0 -0.01498876 0.0188764 -0.01 -0.01498876 0.0188764 -0 -0.01717249 0.01660526 -0.01 -0.01717249 0.01660526 -0 -0.01723661 0.01684895 -0.01 -0.01723661 0.01684895 -0 -0.01911437 0.01425937 -0.01 -0.01911437 0.01425937 -0 -0.01913977 0.01441543 -0.01 -0.01913977 0.01441543 -0 -0.01921263 0.01455576 -0.01 -0.01921263 0.01455576 -0 -0.02074692 0.0116886 -0.01 -0.02074692 0.0116886 -0 -0.02078314 0.01187415 -0.01 -0.02078314 0.01187415 -0 -0.02088566 0.01203299 -0.01 -0.02088566 0.01203299 -0 -0.02204439 0.00893348 -0.01 -0.02204439 0.00893348 -0 -0.02209325 0.00914779 -0.01 -0.02209325 0.00914779 -0 -0.0222293 0.00932042 -0.01 -0.0222293 0.00932042 -0 -0.02298632 0.00603748 -0.01 -0.02298632 0.00603748 -0 -0.02304962 0.00627968 -0.01 -0.02304962 0.00627968 -0 -0.02322238 0.00646085 -0.01 -0.02322238 0.00646085 -0 -0.02355786 0.00304625 -0.01 -0.02355786 0.00304625 -0 -0.02359387 0.00323127 -0.01 -0.02359387 0.00323127 -0 -0.02369582 0.00338982 -0.01 -0.02369582 0.00338982 -0 -0.02384922 0.00349935 -0.01 -0.02384922 0.00349935 -0 -0.02374999 5.54E-06 -0.01 -0.02374999 5.54E-06 0 -0.02379421 0.00021127 -0.01 -0.02379421 0.00021127 0 -0.02391808 0.00037963 -0.01 -0.02391808 0.00037963 0 -0.02409995 0.00048265 -0.01 -0.02409995 0.00048265 0 -0.02354185 -0.00317081 -0.01 -0.02354185 -0.00317081 0 -0.02354614 -0.00310673 -0.01 -0.02354614 -0.00310673 0 -0.0229549 -0.00615905 -0.01 -0.0229549 -0.00615905 0 -0.02297129 -0.00603336 -0.01 -0.02297129 -0.00603336 0 -0.02199806 -0.00905017 -0.01 -0.02199806 -0.00905017 0 -0.02203418 -0.00886486 -0.01 -0.02203418 -0.00886486 0 -0.02068641 -0.01179856 -0.01 -0.02068641 -0.01179856 0 -0.02074957 -0.01155659 -0.01 -0.02074957 -0.01155659 0 -0.01904064 -0.01436089 -0.01 -0.01904064 -0.01436089 0 -0.01906573 -0.01420576 -0.01 -0.01906573 -0.01420576 0 -0.01913774 -0.01406609 -0.01 -0.01913774 -0.01406609 0 -0.0170867 -0.01669675 -0.01 -0.0170867 -0.01669675 0 -0.01712255 -0.01651211 -0.01 -0.01712255 -0.01651211 0 -0.01722408 -0.01635378 -0.01 -0.01722408 -0.01635378 0 -0.0148554 -0.01876929 -0.01 -0.0148554 -0.01876929 0 -0.01490385 -0.01855587 -0.01 -0.01490385 -0.01855587 0 -0.01503879 -0.01838359 -0.01 -0.01503879 -0.01838359 0 -0.01238195 -0.02054583 -0.01 -0.01238195 -0.02054583 0 -0.01244476 -0.02030449 -0.01 -0.01244476 -0.02030449 0 -0.01261634 -0.0201235 -0.01 -0.01261634 -0.0201235 0 -0.00970533 -0.02199836 -0.01 -0.00970533 -0.02199836 0 -0.0097411 -0.02181394 -0.01 -0.0097411 -0.02181394 0 -0.00984239 -0.02165574 -0.01 -0.00984239 -0.02165574 0 -0.00999491 -0.02154608 -0.01 -0.00999491 -0.02154608 0 -0.00686778 -0.02310397 -0.01 -0.00686778 -0.02310397 0 -0.00691172 -0.02290027 -0.01 -0.00691172 -0.02290027 0 -0.00703488 -0.02273218 -0.01 -0.00703488 -0.02273218 0 -0.00721586 -0.02262889 -0.01 -0.00721586 -0.02262889 0 0.00703828 -0.02393612 0 0.00703661 -0.02399091 0 0.00703828 -0.02393612 -0.01 0.00703661 -0.02399091 -0.01 0.01000372 -0.023414 -0.00987673 0.01000372 -0.023414 -0.00012327 0.01000016 -0.02367982 -0.00018845 0.0099881 -0.02394582 -0.00025292 0.0099881 -0.02394582 -0.00974708 0.01000016 -0.02367982 -0.00981155 -0.00499998 -1.449E-05 -0.0097 -0.00499998 -1.449E-05 -0.0003 -0.00469404 -0.00172381 -0.0097 -0.00469404 -0.00172381 -0.0003 -0.00382193 -0.00322541 -0.0097 -0.00382193 -0.00322541 -0.0003 -0.00248883 -0.00433817 -0.0097 -0.00248883 -0.00433817 -0.0003 -0.00085555 -0.00492787 -0.0097 -0.00085555 -0.00492787 -0.0003 0.00088093 -0.0049234 -0.0097 0.00088093 -0.0049234 -0.0003 0.00251115 -0.00432528 -0.0097 0.00251115 -0.00432528 -0.0003 0.00383849 -0.00320567 -0.0097 0.00383849 -0.00320567 -0.0003 0.00470286 -0.0016996 -0.0097 0.00470286 -0.0016996 -0.0003 0.00499999 1.127E-05 -0.0097 0.00499999 1.127E-05 -0.0003 0.00198819 0.0045861 -0.0003 0.00198819 0.0045861 -0.0097 0.0031245 0.00390192 -0.0003 0.0031245 0.00390192 -0.0097 0.00321635 0.00382659 -0.0003 0.00321635 0.00382659 -0.0097 0.00413217 0.00281357 -0.0003 0.00413217 0.00281357 -0.0097 0.00417624 0.00274777 -0.0003 0.00417624 0.00274777 -0.0097 0.00477622 0.0014775 -0.0003 0.00477622 0.0014775 -0.0097 0.00478778 0.00143962 -0.0003 0.00478778 0.00143962 -0.0097 -0.00529998 -1.527E-05 0 -0.00497568 -0.00182714 0 -0.00405124 -0.00341883 0 -0.00263816 -0.00459836 0 -0.00090688 -0.00522345 0 0.00093378 -0.00521871 0 0.00266182 -0.0045847 0 0.0040688 -0.00339792 0 0.00498503 -0.00180148 0 0.00529999 1.204E-05 0 0.00198777 0.00474908 -0.00015021 0.00331197 0.00413613 -0 0.00198735 0.00491168 -0 0.0043801 0.00298248 -0 0.00506279 0.00156624 -0 0.00529999 1.204E-05 -0.01 0.00498503 -0.00180148 -0.01 0.0040688 -0.00339792 -0.01 0.00266182 -0.0045847 -0.01 0.00093378 -0.00521871 -0.01 -0.00090688 -0.00522345 -0.01 -0.00263816 -0.00459836 -0.01 -0.00405124 -0.00341883 -0.01 -0.00497568 -0.00182714 -0.01 -0.00529998 -1.527E-05 -0.01 -0.00201221 0.00473878 -0.00984979 -0.00201179 0.0045758 -0.0097 -0.00314456 0.00388577 -0.0097 -0.00333324 0.00411901 -0.01 -0.00201263 0.00490138 -0.01 -0.00323602 0.00380997 -0.0097 -0.0043954 0.00295987 -0.01 -0.00414661 0.00279224 -0.0097 -0.00419034 0.00272621 -0.0097 -0.0050708 0.00154014 -0.01 -0.00479514 0.00141494 -0.0097 -0.00478377 0.00145287 -0.0097 0.00198735 0.00491168 -0.01 0.00331197 0.00413613 -0.01 0.00198777 0.00474908 -0.00984979 0.00506279 0.00156624 -0.01 0.0043801 0.00298248 -0.01 -0.00201263 0.00490138 -0 -0.00333324 0.00411901 -0 -0.00201221 0.00473878 -0.00015021 -0.00314456 0.00388577 -0.0003 -0.00201179 0.0045758 -0.0003 -0.0050708 0.00154014 -0 -0.00479514 0.00141494 -0.0003 -0.00478377 0.00145287 -0.0003 -0.0043954 0.00295987 -0 -0.00419034 0.00272621 -0.0003 -0.00414661 0.00279224 -0.0003 -0.00323602 0.00380997 -0.0003 0.02594563 -0.00118128 -0.00973944 0.02596371 -0.0012117 -0.00973422 0.02591809 -0.00115906 -0.00974708 0.02498961 -0.00072251 -0.01 0.02593186 -0.00188282 -0.00973205 0.02592238 -0.00191863 -0.00973388 0.02590052 -0.00194854 -0.00973913 0.02489503 -0.00229019 -0.01 0.02586927 -0.00196843 -0.00974708 0.02559901 -0.00443374 -0.00973745 0.02556866 -0.00439833 -0.00974708 0.02470221 -0.00384885 -0.01 0.0254916 -0.00511811 -0.00973205 0.02547771 -0.00515245 -0.00973388 0.02545227 -0.00517938 -0.00973913 0.02441189 -0.00539232 -0.01 0.02541877 -0.0051952 -0.00974708 0.02464932 -0.00827271 -0.00973205 0.02463124 -0.00830504 -0.00973388 0.02460262 -0.00832857 -0.00973913 0.02483934 -0.00760136 -0.0097385 0.02481599 -0.00756826 -0.00974708 0.02402524 -0.00691452 -0.01 0.02354376 -0.00840944 -0.01 0.02456741 -0.00834006 -0.00974708 0.02296937 -0.00987117 -0.01 0.02367195 -0.01061886 -0.00974708 0.02230433 -0.01129395 -0.01 0.02368902 -0.01064866 -0.00973964 0.02341831 -0.01129687 -0.00973205 0.02339632 -0.01132668 -0.00973388 0.02336498 -0.01134643 -0.00973913 0.0233286 -0.01135342 -0.00974708 0.0221546 -0.01350203 -0.00974708 0.02216619 -0.01352755 -0.00974086 0.02181798 -0.0141429 -0.00973205 0.02179242 -0.01416971 -0.00973388 0.02175886 -0.01418538 -0.00973913 0.02172189 -0.01418776 -0.00974708 0.02071315 -0.01400038 -0.01 0.02155127 -0.01267217 -0.01 0.01979329 -0.01527335 -0.01 0.02028785 -0.01617228 -0.00974708 0.01879531 -0.01648604 -0.01 0.02029496 -0.0161929 -0.00974214 0.01987357 -0.0167659 -0.00973205 0.01984485 -0.01678931 -0.00973388 0.01980959 -0.01680065 -0.00973913 0.01977261 -0.01679837 -0.00974708 0.01772316 -0.01763368 -0.01 0.01810115 -0.01858751 -0.00974708 0.01658106 -0.01871173 -0.01 0.01810483 -0.01860267 -0.00974348 0.01761574 -0.01912453 -0.00973205 0.01758431 -0.01914415 -0.00973388 0.0175479 -0.01915098 -0.00973913 0.01751151 -0.01914409 -0.00974708 0.01537352 -0.01971595 -0.01 0.01562899 -0.02070963 -0.00974708 0.01410531 -0.02064236 -0.01 0.01563033 -0.02071889 -0.00974488 0.01508009 -0.02118158 -0.00973205 0.01504646 -0.0211971 -0.00973388 0.01500948 -0.02119932 -0.00973913 0.01497423 -0.02118792 -0.00974708 0.01140711 -0.02224746 -0.01 0.01278143 -0.02148731 -0.01 0.01291035 -0.02250517 -0.00974708 0.0129105 -0.02250826 -0.00974634 0.01230663 -0.0229046 -0.00973205 0.01227131 -0.02291579 -0.00973388 0.01223435 -0.02291335 -0.00973913 0.01220081 -0.02289763 -0.00974708 0.00998778 -0.02291982 -0.01 0.00999941 -0.02316683 -0.00993804 0.00852902 -0.02350174 -0.01 0.00997903 -0.02398174 -0.00973913 0.00933908 -0.02426643 -0.00973205 0.00930264 -0.02427311 -0.00973388 0.00926628 -0.02426606 -0.00973913 0.00923497 -0.02424625 -0.00974708 0.00992647 -0.02403212 -0.00973205 0.0099575 -0.02401188 -0.00973388 0.00689483 -0.02504335 -0.00973913 0.00686969 -0.02507056 -0.00973388 0.00690834 -0.02500885 -0.00974708 0.00683637 -0.02508675 -0.00973205 0.00622425 -0.0252456 -0.00973205 0.00618771 -0.02524771 -0.00973384 0.00615226 -0.02523621 -0.00973909 0.00612349 -0.02521252 -0.00974708 0.00551642 -0.0243854 -0.01 0.0037019 -0.02571004 -0.00973913 0.00367355 -0.02573388 -0.00973388 0.00371963 -0.02567751 -0.00974708 0.00363847 -0.02574577 -0.00973205 0.00301126 -0.02582665 -0.00973205 0.00297431 -0.02582405 -0.00973388 0.00294084 -0.02580817 -0.00973913 0.00291544 -0.0257812 -0.00974708 0.00241682 -0.02488452 -0.01 0.00397446 -0.02468367 -0.01 0.00045059 -0.02597129 -0.00973913 0.00041948 -0.02599139 -0.00973388 0.00047225 -0.02594124 -0.00974708 0.00038318 -0.02599879 -0.00973205 -0.00024922 -0.02600042 -0.00973205 -0.00028514 -0.02599337 -0.00973384 -0.00031661 -0.02597342 -0.00973909 -0.00033859 -0.02594333 -0.00974708 -0.00072089 -0.02499122 -0.01 0.00084964 -0.02498717 -0.01 -0.00280782 -0.02582298 -0.00973913 -0.00284121 -0.02583903 -0.00973388 -0.00278257 -0.02579588 -0.00974708 -0.00287815 -0.02584182 -0.00973205 -0.00350577 -0.02576417 -0.00973205 -0.00354052 -0.02575268 -0.00973384 -0.00356924 -0.02572894 -0.00973909 -0.00358728 -0.02569633 -0.00974708 -0.00384723 -0.02470382 -0.01 -0.00228858 -0.02489664 -0.01 -0.00602196 -0.02526746 -0.00973913 -0.0060571 -0.02527919 -0.00973388 -0.00599351 -0.02524374 -0.00974708 -0.00609409 -0.02527733 -0.00973205 -0.00670703 -0.02512164 -0.00973205 -0.00674043 -0.02510562 -0.00973388 -0.00676571 -0.02507854 -0.00973913 -0.00677939 -0.02504412 -0.00974708 -0.0069129 -0.02402684 -0.01 -0.00539071 -0.0244135 -0.01 -0.00914113 -0.02431348 -0.00973913 -0.00917746 -0.02432072 -0.00973388 -0.00910992 -0.02429351 -0.00974708 -0.00921393 -0.02431423 -0.00973205 -0.00980252 -0.02408295 -0.00973205 -0.00983365 -0.02406286 -0.00973388 -0.00985533 -0.02403283 -0.00973913 -0.00986459 -0.02399696 -0.00974708 -0.00986955 -0.02297098 -0.01 -0.00840782 -0.02354537 -0.01 -0.01211613 -0.02297609 -0.00973913 -0.01215308 -0.02297871 -0.00973388 -0.01208267 -0.02296019 -0.00974708 -0.01218845 -0.02296771 -0.00973205 -0.01274341 -0.02266447 -0.00973205 -0.01277178 -0.02264065 -0.00973388 -0.01278953 -0.02260814 -0.00973913 -0.01279422 -0.02257139 -0.00974708 -0.01267055 -0.02155288 -0.01 -0.01129234 -0.02230594 -0.01 -0.01490006 -0.02127637 -0.00973913 -0.01493704 -0.02127434 -0.00973388 -0.01486487 -0.02126479 -0.00974708 -0.01497076 -0.02125899 -0.00973205 -0.01548334 -0.0208886 -0.00973205 -0.01550849 -0.02086141 -0.00973388 -0.01552203 -0.02082692 -0.00973913 -0.01552208 -0.02078988 -0.00974708 -0.01527173 -0.0197949 -0.01 -0.01399877 -0.02071476 -0.01 -0.017449 -0.01924114 -0.00973913 -0.01748544 -0.0192345 -0.00973388 -0.01741264 -0.01923406 -0.00974708 -0.01751697 -0.01921504 -0.00973205 -0.01797908 -0.01878332 -0.00973205 -0.01800063 -0.01875319 -0.00973388 -0.01800974 -0.01871728 -0.00973913 -0.01800515 -0.01868052 -0.00974708 -0.01763207 -0.01772477 -0.01 -0.01648443 -0.01879692 -0.01 -0.01972276 -0.01690249 -0.00973913 -0.01975808 -0.01689133 -0.00973388 -0.0196858 -0.01690003 -0.00974708 -0.01978692 -0.01686808 -0.00973205 -0.02019128 -0.01638184 -0.00973205 -0.02020889 -0.01634925 -0.00973388 -0.02021342 -0.01631249 -0.00973913 -0.02020426 -0.01627659 -0.00974708 -0.01971433 -0.01537513 -0.01 -0.01871012 -0.01658267 -0.01 -0.02168548 -0.0142973 -0.00973913 -0.02171913 -0.01428181 -0.00973388 -0.0216485 -0.01429949 -0.00974708 -0.02174482 -0.01425512 -0.00973205 -0.02208505 -0.01372204 -0.00973205 -0.02209844 -0.0136875 -0.00973388 -0.02209833 -0.01365046 -0.00973913 -0.02208474 -0.01361599 -0.00974708 -0.02148569 -0.01278304 -0.01 -0.02064074 -0.01410692 -0.01 -0.02330621 -0.01146667 -0.00973913 -0.02333765 -0.01144707 -0.00973388 -0.0232698 -0.01147347 -0.00974708 -0.0233598 -0.01141738 -0.00973205 -0.02363053 -0.01084586 -0.00973205 -0.02363948 -0.01080991 -0.00973388 -0.02363473 -0.01077318 -0.00973913 -0.02361693 -0.01074069 -0.00974708 -0.02291821 -0.00998938 -0.01 -0.02224585 -0.01140872 -0.01 -0.02455939 -0.00845522 -0.00973913 -0.02458812 -0.00843184 -0.00973388 -0.02452411 -0.00846653 -0.00974708 -0.02460637 -0.0083996 -0.00973205 -0.02480334 -0.00779866 -0.00973205 -0.02480771 -0.00776187 -0.00973388 -0.0247984 -0.00772602 -0.00973913 -0.02477666 -0.00769602 -0.00974708 -0.02398929 -0.00703821 -0.01 -0.02350012 -0.00853063 -0.01 -0.02542525 -0.00531045 -0.00973913 -0.02545082 -0.00528365 -0.00973388 -0.02539167 -0.0053261 -0.00974708 -0.02546489 -0.00524938 -0.00973205 -0.02558499 -0.00462849 -0.00973205 -0.02558472 -0.00459145 -0.00973388 -0.02557098 -0.00455705 -0.00973913 -0.02554566 -0.00453001 -0.00974708 -0.02468205 -0.00397607 -0.01 -0.02438379 -0.00551803 -0.01 -0.02589013 -0.00208196 -0.00973913 -0.02591215 -0.00205217 -0.00973388 -0.02585878 -0.00210169 -0.00974708 -0.02592181 -0.00201641 -0.00973205 -0.02596315 -0.00138536 -0.00973205 -0.02595823 -0.00134864 -0.00973388 -0.02594029 -0.00131623 -0.00973913 -0.02591178 -0.00129258 -0.00974708 -0.02498555 -0.00085125 -0.01 -0.0248829 -0.00241843 -0.01 -0.02594672 0.00117934 -0.00973913 -0.02596483 0.00121165 -0.00973388 -0.02591809 0.00115583 -0.00974708 -0.02596993 0.00124835 -0.00973205 -0.02593185 0.0018796 -0.00973205 -0.02592237 0.00191541 -0.00973388 -0.02590051 0.00194531 -0.00973913 -0.02586926 0.00196521 -0.00974708 -0.02489502 0.00228697 -0.01 -0.0249896 0.00071928 -0.01 -0.02559411 0.00442201 -0.00973913 -0.02560803 0.00445634 -0.00973388 -0.02556865 0.0043951 -0.00974708 -0.02560849 0.00449339 -0.00973205 -0.02549159 0.00511489 -0.00973205 -0.0254777 0.00514923 -0.00973388 -0.02545226 0.00517616 -0.00973913 -0.02541876 0.00519198 -0.00974708 -0.02441188 0.0053891 -0.01 -0.0247022 0.00384563 -0.01 -0.02483786 0.00759492 -0.00973913 -0.02484737 0.00763073 -0.00973388 -0.02481598 0.00756504 -0.00974708 -0.02484319 0.00766754 -0.00973205 -0.02464931 0.00826949 -0.00973205 -0.02463123 0.00830182 -0.00973388 -0.02460261 0.00832534 -0.00973913 -0.0245674 0.00833684 -0.00974708 -0.02354375 0.00840621 -0.01 -0.02402523 0.0069113 -0.01 -0.02368991 0.01064803 -0.00973913 -0.02369485 0.01068475 -0.00973388 -0.02367194 0.01061564 -0.00974708 -0.02368609 0.01072074 -0.00973205 -0.02341831 0.01129364 -0.00973205 -0.02339631 0.01132345 -0.00973388 -0.02336497 0.01134321 -0.00973913 -0.02332859 0.0113502 -0.00974708 -0.02230432 0.01129073 -0.01 -0.02296936 0.00986794 -0.01 -0.02216836 0.01353319 -0.00973913 -0.02216866 0.01357024 -0.00973388 -0.02215459 0.0134988 -0.00974708 -0.02215545 0.01360485 -0.00973205 -0.02181797 0.01413967 -0.00973205 -0.02179242 0.01416649 -0.00973388 -0.02175885 0.01418216 -0.00973913 -0.02172188 0.01418454 -0.00974708 -0.02071314 0.01399716 -0.01 -0.02155126 0.01266895 -0.01 -0.02029719 0.0162049 -0.00973913 -0.02029285 0.01624169 -0.00973388 -0.02028784 0.01616905 -0.00974708 -0.02027541 0.01627437 -0.00973205 -0.01987356 0.01676268 -0.00973205 -0.01984484 0.01678608 -0.00973388 -0.01980958 0.01679742 -0.00973913 -0.0197726 0.01679515 -0.00974708 -0.0187953 0.01648282 -0.01 -0.01979328 0.01527012 -0.01 -0.01810593 0.01862102 -0.00973913 -0.01809701 0.01865697 -0.00973388 -0.01810115 0.01858428 -0.00974708 -0.01807561 0.01868721 -0.00973205 -0.01761573 0.01912131 -0.00973205 -0.01758431 0.01914092 -0.00973388 -0.01754789 0.01914776 -0.00973913 -0.0175115 0.01914087 -0.00974708 -0.01658105 0.01870851 -0.01 -0.01772315 0.01763046 -0.01 -0.01562912 0.02074345 -0.00973913 -0.01561577 0.020778 -0.00973388 -0.01562898 0.0207064 -0.00974708 -0.01559075 0.02080532 -0.00973205 -0.01508009 0.02117835 -0.00973205 -0.01504645 0.02119388 -0.00973388 -0.01500947 0.02119609 -0.00973913 -0.01497422 0.0211847 -0.00974708 -0.0141053 0.02063913 -0.01 -0.01537351 0.01971272 -0.01 -0.01290584 0.02253872 -0.00973913 -0.01288825 0.02257132 -0.00973388 -0.01291034 0.02250195 -0.00974708 -0.01286001 0.02259529 -0.00973205 -0.01230662 0.02290138 -0.00973205 -0.01227131 0.02291257 -0.00973388 -0.01223434 0.02291013 -0.00973913 -0.0122008 0.0228944 -0.00974708 -0.01140711 0.02224424 -0.01 -0.01278142 0.02148408 -0.01 -0.00997902 0.02397851 -0.00973913 -0.00995749 0.02400865 -0.00973388 -0.00998809 0.0239426 -0.00974708 -0.00992646 0.0240289 -0.00973205 -0.00933907 0.02426321 -0.00973205 -0.00930263 0.02426988 -0.00973388 -0.00926627 0.02426283 -0.00973913 -0.00923496 0.02424303 -0.00974708 -0.00852901 0.02349851 -0.01 -0.00998777 0.0229166 -0.01 -0.00689482 0.02504012 -0.00973913 -0.00686969 0.02506733 -0.00973388 -0.00690833 0.02500563 -0.00974708 -0.00683637 0.02508352 -0.00973205 -0.00622424 0.02524237 -0.00973205 -0.00618726 0.02524443 -0.00973388 -0.00615206 0.02523287 -0.00973913 -0.00612348 0.0252093 -0.00974708 -0.00551641 0.02438218 -0.01 -0.0070366 0.02398768 -0.01 -0.00370189 0.02570681 -0.00973913 -0.00367354 0.02573065 -0.00973388 -0.00371962 0.02567428 -0.00974708 -0.00363846 0.02574254 -0.00973205 -0.00301125 0.02582342 -0.00973205 -0.0029743 0.02582082 -0.00973388 -0.00294083 0.02580495 -0.00973913 -0.00291543 0.02577798 -0.00974708 -0.00241681 0.02488129 -0.01 -0.00397446 0.02468044 -0.01 -0.00045058 0.02596806 -0.00973913 -0.00041947 0.02598817 -0.00973388 -0.00047224 0.02593801 -0.00974708 -0.00038317 0.02599556 -0.00973205 0.00024923 0.02599719 -0.00973205 0.00028556 0.02598998 -0.00973388 0.00031678 0.02597004 -0.00973913 0.0003386 0.0259401 -0.00974708 0.0007209 0.02498799 -0.01 -0.00084963 0.02498395 -0.01 0.00280783 0.02581976 -0.00973913 0.00284122 0.0258358 -0.00973388 0.00278258 0.02579266 -0.00974708 0.00287816 0.02583859 -0.00973205 0.00350578 0.02576095 -0.00973205 0.00354092 0.02574924 -0.00973388 0.00356939 0.02572554 -0.00973913 0.00358729 0.02569311 -0.00974708 0.00384724 0.02470059 -0.01 0.00228859 0.02489341 -0.01 0.00602197 0.02526424 -0.00973913 0.00605711 0.02527597 -0.00973388 0.00599351 0.02524051 -0.00974708 0.0060941 0.02527411 -0.00973205 0.00670704 0.02511841 -0.00973205 0.00674044 0.02510239 -0.00973388 0.00676572 0.02507531 -0.00973913 0.0067794 0.02504089 -0.00974708 0.00691291 0.02402362 -0.01 0.00539071 0.02441028 -0.01 0.00840783 0.02354215 -0.01 0.0098646 0.02399374 -0.00974708 0.00987803 0.02372781 -0.00981155 0.00914113 0.02431025 -0.00973913 0.00917746 0.02431749 -0.00973388 0.00910993 0.02429029 -0.00974708 0.00921394 0.02431101 -0.00973205 0.00980252 0.02407972 -0.00973205 0.00983366 0.02405964 -0.00973388 0.00985534 0.02402961 -0.00973913 0.01211614 0.02297286 -0.00973913 0.01215309 0.02297549 -0.00973388 0.01208268 0.02295696 -0.00974708 0.01218846 0.02296448 -0.00973205 0.01129234 0.02230272 -0.01 0.01274342 0.02266125 -0.00973205 0.01277047 0.02263901 -0.00973369 0.01278819 0.02260881 -0.0097384 0.01267056 0.02154965 -0.01 0.01490006 0.02127315 -0.00973913 0.01493705 0.02127112 -0.00973388 0.01486488 0.02126157 -0.00974708 0.01497077 0.02125577 -0.00973205 0.01399877 0.02071154 -0.01 0.01548334 0.02088537 -0.00973205 0.01551305 0.02085013 -0.00973489 0.01527174 0.01979167 -0.01 0.01763207 0.01772154 -0.01 0.01648444 0.01879369 -0.01 0.01744901 0.01923792 -0.00973913 0.01748545 0.01923127 -0.00973388 0.01741264 0.01923084 -0.00974708 0.01751697 0.01921181 -0.00973205 0.01797909 0.0187801 -0.00973205 0.01800185 0.01874725 -0.00973418 0.01971434 0.0153719 -0.01 0.01871013 0.01657944 -0.01 0.01972277 0.01689927 -0.00973913 0.01975809 0.0168881 -0.00973388 0.01968581 0.0168968 -0.00974708 0.01978693 0.01686485 -0.00973205 0.02019129 0.01637862 -0.00973205 0.02020784 0.01634916 -0.00973357 0.0214857 0.01277982 -0.01 0.02208506 0.01371882 -0.00973205 0.02168549 0.01429408 -0.00973913 0.02171914 0.01427858 -0.00973388 0.02164851 0.01429627 -0.00974708 0.02174483 0.0142519 -0.00973205 0.02064075 0.01410369 -0.01 0.02209625 0.01369361 -0.00973307 0.02291822 0.00998616 -0.01 0.02224585 0.0114055 -0.01 0.02330622 0.01146344 -0.00973913 0.02333766 0.01144385 -0.00973388 0.0232698 0.01147025 -0.00974708 0.02335981 0.01141415 -0.00973205 0.02363054 0.01084264 -0.00973205 0.0239893 0.00703499 -0.01 0.02480335 0.00779543 -0.00973205 0.02455939 0.00845199 -0.00973913 0.02458813 0.00842861 -0.00973388 0.02452412 0.00846331 -0.00974708 0.02460638 0.00839638 -0.00973205 0.02350013 0.0085274 -0.01 0.02480678 0.00778073 -0.00973236 0.02542525 0.00530723 -0.00973913 0.02545083 0.00528043 -0.00973388 0.02539168 0.00532287 -0.00974708 0.0254649 0.00524616 -0.00973205 0.02438379 0.0055148 -0.01 0.02468206 0.00397285 -0.01 0.02558618 0.00461653 -0.00973216 0.025585 0.00462527 -0.00973205 0.02589014 0.00207874 -0.00973913 0.02591216 0.00204894 -0.00973388 0.02585879 0.00209847 -0.00974708 0.02592182 0.00201318 -0.00973205 0.02488291 0.00241521 -0.01 0.02498556 0.00084803 -0.01 0.02596316 0.00138213 -0.00973205 0.02596326 0.0013796 -0.00973206 -0.01523839 0.01821525 -0.01 -0.01513331 0.01830263 -0.01 -0.02349139 0.0054018 -0.01 -0.02328947 0.0054576 -0.01 0.00715107 -0.0226964 -0.01 0.00702871 -0.02286643 -0.01 -0.02301695 -0.00640158 -0.01 -0.0134256 0.02001827 -0.01 -0.0132402 0.01992073 -0.01 -0.00201751 0.00679321 -0.01 -0.01303112 0.0199077 -0.01 -0.0237928 -0.00033708 -0.01 -0.02374964 -0.00013257 -0.01 -0.01499925 0.01847561 -0.01 -0.00466676 -0.02333426 -0.01 -0.00485591 -0.02342431 -0.01 0.00198248 0.00680352 -0.01 -0.01399578 0.02054505 -0.01 -0.01531719 0.01957977 -0.01 -0.01563273 0.0181042 -0.01 -0.01542366 0.01811748 -0.01 0.01313739 0.01998868 -0.01 0.01332228 0.02008718 -0.01 0.01388974 0.02061689 -0.01 -0.02120014 0.01107795 -0.01 0.00457747 -0.02330632 -0.01 0.00444329 -0.02333227 -0.01 -0.00445733 -0.02332959 -0.01 0.0234914 -0.00540502 -0.01 0.02328948 -0.00546083 -0.01 0.02368139 -0.00337722 -0.01 0.00445733 0.02332637 -0.01 0.00466677 0.02333103 -0.01 0.00972654 0.02185239 -0.01 0.00686779 0.02310414 -0.01 0.00691081 0.02289912 -0.01 0.00499157 0.02358073 -0.01 0.00485592 0.02342109 -0.01 -0.02207955 0.00874799 -0.01 -0.01777872 0.01600213 -0.01 -0.01757297 0.01604151 -0.01 0.00162052 -0.02369626 -0.01 0.00148414 -0.0237052 -0.01 -0.01069943 -0.02160172 -0.01 -0.01052834 -0.02148083 -0.01 -0.01032274 -0.02144064 -0.01 -0.01273192 -0.02005057 -0.01 0.01521611 0.01965843 -0.01 0.0148913 0.01895338 -0.01 0.02409715 0.00060681 -0.01 0.02391545 0.00050254 -0.01 0.02377687 0.00261815 -0.01 0.02379242 0.00033298 -0.01 0.02300208 -0.00591492 -0.01 0.02379383 -0.00021362 -0.01 0.02391773 -0.00038254 -0.01 0.02357963 -0.0031941 -0.01 0.02303572 -0.00578246 -0.01 0.02312815 -0.00559446 -0.01 0.02212955 -0.00862402 -0.01 0.02207956 -0.00875122 -0.01 0.01271985 -0.02005823 -0.01 0.01257037 -0.020205 -0.01 0.00733236 -0.02259141 -0.01 0.01249414 -0.02040013 -0.01 -0.00128244 0.02375857 -0.01 -0.00112163 0.02389284 -0.01 0.00775327 0.02262778 -0.01 0.00790786 0.02276917 -0.01 0.01238887 0.020461 -0.01 0.01052835 0.0214776 -0.01 0.01069944 0.0215985 -0.01 -0.02364674 0.00264841 -0.01 -0.02379005 0.00249561 -0.01 -0.02356182 0.00298215 -0.01 -0.02242161 0.0083335 -0.01 -0.0222448 0.00844586 -0.01 -0.02212954 0.00862079 -0.01 -0.01798255 0.0160505 -0.01 0.00497653 -0.02339898 -0.01 0.00478693 -0.0233099 -0.01 -0.00499156 -0.02358395 -0.01 -0.00755432 -0.02256537 -0.01 -0.00775326 -0.02263101 -0.01 -0.01292837 -0.0199778 -0.01 -0.01313738 -0.01999191 -0.01 -0.01332227 -0.0200904 -0.01 0.02363278 0.00277021 -0.01 0.02398339 -0.00241816 -0.01 0.02379006 -0.00249884 -0.01 0.02087437 -0.01132959 -0.01 0.02080884 -0.01144953 -0.01 0.01500341 -0.01847021 -0.01 0.01495223 -0.01867335 -0.01 0.01010579 -0.0214943 -0.01 0.00993909 -0.02162118 -0.01 0.00982757 0.02166887 -0.01 0.00999492 0.02154286 -0.01 0.01011873 0.02148499 -0.01 0.01261634 0.02012028 -0.01 0.01273193 0.02004734 -0.01 0.01292837 0.01997458 -0.01 -0.0235786 0.00284651 -0.01 -0.02312814 0.00559124 -0.01 -0.02303571 0.00577924 -0.01 -0.02300207 0.0059117 -0.01 -0.02390152 0.00683684 -0.01 -0.02339985 0.00839447 -0.01 -0.02262893 0.00830344 -0.01 -0.01765061 0.01750562 -0.01 -0.0164606 0.0186289 -0.01 -0.01582889 0.01817773 -0.01 0.005113 -0.02355792 -0.01 0.00698674 -0.02307168 -0.01 0.00544922 -0.02425761 -0.01 0.00425027 -0.02341371 -0.01 0.00410756 -0.02356707 -0.01 0.00182788 -0.02372607 -0.01 -0.01514432 -0.01829674 -0.01 -0.01789961 -0.01614616 -0.01 -0.01906523 -0.01451708 -0.01 -0.01769603 -0.01609674 -0.01 -0.01978191 -0.01377544 -0.01 -0.02072167 -0.0119843 -0.01 -0.01957374 -0.01375192 -0.01 -0.01937422 -0.01381576 -0.01 0.01533011 0.01819671 -0.01 0.02095282 0.01127537 -0.01 0.02114278 0.01118703 -0.01 0.02356362 0.00296796 -0.01 0.02383088 0.00362218 -0.01 0.02366368 0.00349596 -0.01 0.02326104 0.00557753 -0.01 0.02299358 -0.00612424 -0.01 0.02307158 -0.00631867 -0.01 0.0222448 -0.00844909 -0.01 0.00149842 0.02370107 -0.01 0.00170562 0.02373195 -0.01 0.00188198 0.023845 -0.01 0.00703405 0.02272971 -0.01 0.00721587 0.02262567 -0.01 0.00734596 0.02258377 -0.01 0.00755433 0.02256215 -0.01 0.00532417 0.02428214 -0.01 0.01246611 0.02026627 -0.01 0.01032275 0.02143742 -0.01 -0.02457014 0.00378726 -0.01 -0.02426764 0.00539549 -0.01 -0.02285596 0.00977857 -0.01 -0.02216302 0.01126105 -0.01 -0.02140959 0.01107411 -0.01 -0.02101064 0.01116726 -0.01 -0.02087436 0.01132637 -0.01 -0.02080883 0.0114463 -0.01 -0.00136199 -0.02371253 -0.01 -0.00149841 -0.0237043 -0.01 -0.00170561 -0.02373517 -0.01 -0.00188198 -0.02384822 -0.01 -0.02081572 -0.011437 -0.01 -0.02204582 -0.00926472 -0.01 -0.02346324 -0.00552598 -0.01 -0.02367803 -0.00351509 -0.01 -0.02326103 -0.00558075 -0.01 -0.0235769 -0.00335602 -0.01 -0.02377687 -0.00262138 -0.01 -0.0239158 -0.00050608 -0.01 -0.02397061 -0.0025417 -0.01 0.02397062 0.00253847 -0.01 0.02474048 0.00243889 -0.01 0.02484744 0.00080596 -0.01 0.02384923 -0.00350258 -0.01 0.02457014 -0.00379049 -0.01 0.02426765 -0.00539871 -0.01 0.0220449 -0.00895782 -0.01 0.02209792 -0.00916049 -0.01 0.02101065 -0.01117049 -0.01 0.00746223 -0.02254885 -0.01 0.009839 -0.02180521 -0.01 0.00767048 -0.02252615 -0.01 -0.00444328 0.02332905 -0.01 -0.00425026 0.02341048 -0.01 -0.00410755 0.02356384 -0.01 -0.02144996 0.01256607 -0.01 -0.02057668 0.01395 -0.01 -0.01985262 0.01367011 -0.01 -0.01964433 0.01364767 -0.01 -0.01944513 0.01371252 -0.01 -0.0174014 0.01616172 -0.01 -0.0173081 0.01626159 -0.01 -0.01720739 0.01642044 -0.01 0.00703318 -0.02384656 -0.01 -0.00734595 -0.02258699 -0.01 -0.00790785 -0.02277239 -0.01 -0.01119602 -0.02219838 -0.01 -0.01263206 -0.02141372 -0.01 -0.01239818 -0.02067351 -0.01 -0.01636439 -0.01871669 -0.01 -0.01756017 -0.01759955 -0.01 -0.01573501 -0.01826227 -0.01 -0.01714956 -0.01694076 -0.01 -0.01553924 -0.01818773 -0.01 -0.0153301 -0.01819993 -0.01 -0.01731789 -0.01625439 -0.01 -0.01749007 -0.01613506 -0.01 -0.0221047 -0.01137831 -0.01 -0.02280527 -0.00989943 -0.01 -0.02135224 -0.0111875 -0.01 -0.02218098 -0.00943806 -0.01 -0.02114277 -0.01119026 -0.01 -0.02095282 -0.01127859 -0.01 -0.02335628 -0.00851815 -0.01 -0.02386597 -0.00696312 -0.01 -0.02258584 -0.00842315 -0.01 -0.02318878 -0.00658364 -0.01 -0.02237836 -0.00845214 -0.01 -0.02220098 -0.00856359 -0.01 -0.02208482 -0.00873792 -0.01 0.02309902 0.00571033 -0.01 0.02354615 0.0031035 -0.01 0.02356287 0.00331233 -0.01 0.02374965 0.00012791 -0.01 0.00832575 0.02342336 -0.01 0.00984881 0.02282487 -0.01 0.00970955 0.02206119 -0.01 0.01119603 0.02219515 -0.01 0.01263207 0.02141049 -0.01 0.01239819 0.02067029 -0.01 -0.02485126 0.00067793 -0.01 -0.02475272 0.00231139 -0.01 -0.02398338 0.00241494 -0.01 0.00398916 -0.02454003 -0.01 0.00236617 -0.02474931 -0.01 0.00404021 -0.02376543 -0.01 0.0021203 -0.024013 -0.01 0.00200482 -0.02383821 -0.01 0.00128244 -0.0237618 -0.01 0.00112164 -0.02389606 -0.01 -0.00116 -0.02376809 -0.01 -0.01011872 -0.02148821 -0.01 -0.01388973 -0.02062012 -0.01 -0.0152161 -0.01966166 -0.01 -0.01489129 -0.0189566 -0.01 0.01485583 0.01874691 -0.01 0.01490805 0.01854404 -0.01 0.0150388 0.01838036 -0.01 0.01514433 0.01829352 -0.01 0.02220099 0.00856036 -0.01 0.02237837 0.00844892 -0.01 -0.02356362 -0.00297118 -0.01 -0.02363277 -0.00277344 -0.01 0.02409996 -0.00048587 -0.01 0.02485127 -0.00068116 -0.01 0.02475273 -0.00231461 -0.01 0.02364675 -0.00265164 -0.01 0.02357861 -0.00284974 -0.01 0.02356183 -0.00298537 -0.01 0.02390153 -0.00684007 -0.01 0.02339985 -0.0083977 -0.01 0.02322239 -0.00646407 -0.01 0.02262894 -0.00830667 -0.01 0.02242161 -0.00833673 -0.01 0.02077575 -0.01185787 -0.01 0.01944514 -0.01371575 -0.01 0.01929 -0.01385652 -0.01 0.02074856 -0.01165016 -0.01 0.01283506 -0.0199847 -0.01 0.01303113 -0.01991093 -0.01 -0.01081058 0.02154308 -0.01 -0.01063887 0.02142307 -0.01 -0.0125492 0.02023687 -0.01 -0.00212029 0.02400978 -0.01 -0.00200482 0.02383499 -0.01 0.00136199 0.0237093 -0.01 0.00116001 0.02376486 -0.01 -0.01970567 0.01515536 -0.01 -0.01866582 0.01641893 -0.01 -0.00432301 -0.02335486 -0.01 -0.00412958 -0.02343529 -0.01 -0.00532417 -0.02428536 -0.01 -0.00691023 -0.02388248 -0.01 -0.00686778 -0.02310737 -0.01 -0.01858097 -0.01651811 -0.01 -0.01962731 -0.01525991 -0.01 -0.01913737 -0.01465778 -0.01 -0.01921835 -0.01395573 -0.01 -0.02050452 -0.01405906 -0.01 -0.02138492 -0.01267964 -0.01 -0.02082337 -0.01214366 -0.01 0.01553924 0.0181845 -0.01 0.01711488 0.01652933 -0.01 0.01722409 0.01635055 -0.01 0.0173179 0.01625117 -0.01 0.01913774 0.01406286 -0.01 0.01921836 0.0139525 -0.01 0.02218099 0.00943483 -0.01 0.02205043 0.009271 -0.01 0.02318878 0.00658041 -0.01 0.02303872 0.00643423 -0.01 0.02346325 0.00552276 -0.01 0.02423952 0.00552045 -0.01 0.0245503 0.00391381 -0.01 -0.02423951 -0.00552368 -0.01 -0.02455029 -0.00391703 -0.01 -0.02383087 -0.00362541 -0.01 -0.02300562 -0.00590107 -0.01 -0.02309902 -0.00571355 -0.01 0.02285597 -0.0097818 -0.01 0.02216303 -0.01126427 -0.01 0.02222931 -0.00932365 -0.01 0.0214096 -0.01107734 -0.01 0.02120015 -0.01108117 -0.01 0.0102293 -0.02143579 -0.01 0.01043307 -0.02138717 -0.01 -0.01928999 0.0138533 -0.01 -0.01920995 0.01396407 -0.01 -0.01913866 0.01410412 -0.01 -0.02474047 -0.00244212 -0.01 -0.02484743 -0.00080919 -0.01 -0.02409714 -0.00061003 -0.01 0.01970568 -0.01515858 -0.01 0.01866583 -0.01642216 -0.01 0.01921264 -0.01455898 -0.01 0.01798256 -0.01605372 -0.01 0.01912595 -0.01436827 -0.01 0.01777873 -0.01600535 -0.01 0.019125 -0.01415879 -0.01 0.02144996 -0.01256929 -0.01 0.02057668 -0.01395323 -0.01 0.02088566 -0.01203621 -0.01 0.01985263 -0.01367333 -0.01 0.01964434 -0.01365089 -0.01 0.01920995 -0.0139673 -0.01 0.01757297 -0.01604473 -0.01 0.01274222 -0.02134835 -0.01 0.01131024 -0.02214039 -0.01 0.01250453 -0.02060936 -0.01 0.01081059 -0.0215463 -0.01 0.01063888 -0.0214263 -0.01 -0.00182787 0.02372285 -0.01 -0.00162051 0.02369304 -0.01 -0.00148413 0.02370197 -0.01 0.00432302 0.02335163 -0.01 0.00412959 0.02343207 -0.01 0.00088223 -0.02484651 -0.01 -0.0007542 -0.02485073 -0.01 0.00102995 -0.02408442 -0.01 -0.00090585 -0.02408941 -0.01 -0.0009985 -0.02390152 -0.01 0.0163644 0.01871346 -0.01 0.01756018 0.01759633 -0.01 0.01573502 0.01825905 -0.01 0.01714957 0.01693754 -0.01 0.0170885 0.01673715 -0.01 0.01749008 0.01613184 -0.01 0.01769604 0.01609351 -0.01 0.0190518 0.01425391 -0.01 0.01937423 0.01381253 -0.01 0.01957375 0.0137487 -0.01 0.02199846 0.00906806 -0.01 0.02203419 0.00886164 -0.01 0.02208483 0.0087347 -0.01 0.01730811 -0.01626482 -0.01 0.01563274 -0.01810742 -0.01 0.01542367 -0.0181207 -0.01 0.01523839 -0.01821847 -0.01 0.01513331 -0.01830586 -0.01 0.0153172 -0.019583 -0.01 0.01399579 -0.02054828 -0.01 0.01498877 -0.01887963 -0.01 0.01342561 -0.02002149 -0.01 0.01324021 -0.01992395 -0.01 0.00996629 -0.02277705 -0.01 0.00844633 -0.02338337 -0.01 0.0098231 -0.02201409 -0.01 0.00802507 -0.02273135 -0.01 0.00786976 -0.02259076 -0.01 -0.01043306 0.02138394 -0.01 -0.0102293 0.02143257 -0.01 -0.01010578 0.02149107 -0.01 -0.00995383 0.02160152 -0.01 -0.00786975 0.02258754 -0.01 -0.00985335 0.02176024 -0.01 -0.00802507 0.02272812 -0.01 -0.00767048 0.02252292 -0.01 -0.00746222 0.02254562 -0.01 -0.00478692 0.02330668 -0.01 -0.00457746 0.02330309 -0.01 -0.00088222 0.02484328 -0.01 0.00075421 0.0248475 -0.01 -0.00102994 0.0240812 -0.01 0.00090585 0.02408618 -0.01 0.00099851 0.0238983 -0.01 0.00223863 0.02475795 -0.01 0.00386268 0.02455703 -0.01 0.00199656 0.02402038 -0.01 0.00391771 0.02378271 -0.01 0.00398609 0.02358469 -0.01 -0.00223862 -0.02476117 -0.01 -0.00386267 -0.02456026 -0.01 -0.00199655 -0.02402361 -0.01 -0.0039177 -0.02378594 -0.01 -0.00398608 -0.02358792 -0.01 -0.00832574 -0.02342658 -0.01 -0.0098488 -0.02282809 -0.01 -0.00970954 -0.02206441 -0.01 -0.01274221 0.02134512 -0.01 -0.01131024 0.02213717 -0.01 -0.01283505 0.01998148 -0.01 -0.01271984 0.02005501 -0.01 -0.0040402 0.02376221 -0.01 -0.00398915 0.02453681 -0.01 -0.00236616 0.02474608 -0.01 0.02135225 0.01118427 -0.01 0.02210471 0.01137509 -0.01 0.02280528 0.0098962 -0.01 0.02258585 0.00841992 -0.01 0.02335628 0.00851493 -0.01 0.02386598 0.0069599 -0.01 0.02296173 0.0062394 -0.01 0.0229713 0.00603013 -0.01 0.02300563 0.00589785 -0.01 0.01740141 -0.01616495 -0.01 -0.00733235 0.02258819 -0.01 -0.00497653 0.02339576 -0.01 0.01858098 0.01651489 -0.01 0.01962732 0.01525669 -0.01 0.01789961 0.01614294 -0.01 0.01913738 0.01465456 -0.01 0.01905167 0.0144634 -0.01 0.02050453 0.01405583 -0.01 0.02138493 0.01267642 -0.01 0.01978192 0.01377221 -0.01 0.02082338 0.01214044 -0.01 0.02071439 0.01196153 -0.01 0.02068826 0.01175368 -0.01 0.02074958 0.01155336 -0.01 0.02081573 0.01143377 -0.01 0.01765062 -0.01750884 -0.01 0.0164606 -0.01863212 -0.01 0.01723662 -0.01685218 -0.01 0.0158289 -0.01818096 -0.01 0.01717452 -0.01665211 -0.01 0.01719983 -0.01644415 -0.01 -0.00996628 0.02277382 -0.01 -0.00844633 0.02338015 -0.01 -0.00703318 0.02384334 -0.01 -0.0071519 0.02269241 -0.01 -0.00702961 0.02286113 -0.01 -0.005113 0.0235547 -0.01 -0.00544921 0.02425438 -0.01 0.02586927 -0.00196843 -0.00025292 0.02489503 -0.00229019 -0 0.02475273 -0.00231461 0 0.02398339 -0.00241816 0 0.02379006 -0.00249884 0 0.02364675 -0.00265164 0 0.02357861 -0.00284974 0 0.02356183 -0.00298537 0 0.02357963 -0.0031941 0 0.02368139 -0.00337722 0 0.02384923 -0.00350258 0 0.02457014 -0.00379049 0 0.02470221 -0.00384885 -0 0.02556866 -0.00439833 -0.00025292 0.02541877 -0.0051952 -0.00025292 0.02441189 -0.00539232 0 0.02426765 -0.00539871 0 0.0234914 -0.00540502 0 0.02328948 -0.00546083 0 0.02312815 -0.00559446 0 0.02303572 -0.00578246 0 0.02300208 -0.00591492 0 0.02299358 -0.00612424 0 0.02307158 -0.00631867 0 0.02322239 -0.00646407 0 0.02390153 -0.00684007 0 0.02402524 -0.00691452 0 0.02481599 -0.00756826 -0.00025292 0.02456741 -0.00834006 -0.00025292 0.02354376 -0.00840944 0 0.02339985 -0.0083977 -0 0.02262894 -0.00830667 0 0.02242161 -0.00833673 0 0.0222448 -0.00844909 0 0.02212955 -0.00862402 0 0.02207956 -0.00875122 0 0.0220449 -0.00895782 0 0.02209792 -0.00916049 0 0.02222931 -0.00932365 0 0.02285597 -0.0097818 0 0.02296937 -0.00987117 0 0.02367195 -0.01061886 -0.00025292 0.0233286 -0.01135342 -0.00025292 0.02230433 -0.01129395 0 0.02216303 -0.01126427 -0 0.0214096 -0.01107734 0 0.02120015 -0.01108117 0 0.02101065 -0.01117049 0 0.02087437 -0.01132959 0 0.02080884 -0.01144953 0 0.02074856 -0.01165016 0 0.02077575 -0.01185787 0 0.02088566 -0.01203621 0 0.02144996 -0.01256929 0 0.02155127 -0.01267217 0 0.0221546 -0.01350203 -0.00025293 0.02172189 -0.01418776 -0.00025292 0.02071315 -0.01400038 -0 0.02057668 -0.01395323 -0 0.01985263 -0.01367333 0 0.01964434 -0.01365089 0 0.01944514 -0.01371575 0 0.01929 -0.01385652 0 0.01920995 -0.0139673 0 0.019125 -0.01415879 0 0.01912595 -0.01436827 0 0.01921264 -0.01455898 0 0.01970568 -0.01515858 0 0.01979329 -0.01527335 0 0.02028785 -0.01617228 -0.00025292 0.01977261 -0.01679837 -0.00025292 0.01879531 -0.01648604 -0 0.01866583 -0.01642216 0 0.01798256 -0.01605372 0 0.01777873 -0.01600535 0 0.01757297 -0.01604473 0 0.01740141 -0.01616495 0 0.01730811 -0.01626482 0 0.01719983 -0.01644415 0 0.01717452 -0.01665211 0 0.01723662 -0.01685218 0 0.01765062 -0.01750884 0 0.01772316 -0.01763368 -0 0.01810115 -0.01858751 -0.00025292 0.01751151 -0.01914409 -0.00025292 0.01658106 -0.01871173 -0 0.0164606 -0.01863212 -0 0.0158289 -0.01818096 0 0.01563274 -0.01810742 0 0.01542367 -0.0181207 0 0.01523839 -0.01821847 0 0.01513331 -0.01830586 0 0.01500341 -0.01847021 0 0.01495223 -0.01867335 0 0.01498877 -0.01887963 0 0.0153172 -0.019583 0 0.01537352 -0.01971595 -0 0.01562899 -0.02070963 -0.00025292 0.01497423 -0.02118792 -0.00025292 0.01410531 -0.02064236 -0 0.01399579 -0.02054828 0 0.01342561 -0.02002149 0 0.01324021 -0.01992395 0 0.01303113 -0.01991093 0 0.01283506 -0.0199847 0 0.01271985 -0.02005823 0 0.01257037 -0.020205 0 0.01249414 -0.02040013 0 0.01250453 -0.02060936 0 0.01274222 -0.02134835 0 0.01278143 -0.02148731 -0 0.01291035 -0.02250517 -0.00025292 0.01220081 -0.02289763 -0.00025292 0.01140711 -0.02224746 -0 0.01131024 -0.02214039 0 0.01081059 -0.0215463 0 0.01063888 -0.0214263 0 0.01043307 -0.02138717 0 0.0102293 -0.02143579 0 0.01010579 -0.0214943 0 0.00993909 -0.02162118 0 0.009839 -0.02180521 0 0.0098231 -0.02201409 0 0.00996629 -0.02277705 0 0.00998778 -0.02291982 0 0.00999941 -0.02316683 -6.196E-05 0.00923497 -0.02424625 -0.00025292 0.00852902 -0.02350174 -0 0.00844633 -0.02338337 -0 0.00802507 -0.02273135 0 0.00786976 -0.02259076 0 0.00767048 -0.02252615 0 0.00746223 -0.02254885 0 0.00733236 -0.02259141 0 0.00715107 -0.0226964 0 0.00702871 -0.02286643 0 0.00698674 -0.02307168 0 0.00703318 -0.02384656 0 0.00690834 -0.02500885 -0.00025292 0.00612349 -0.02521252 -0.00025292 0.00551642 -0.0243854 -0 0.00544922 -0.02425761 -0 0.005113 -0.02355792 0 0.00497653 -0.02339898 0 0.00478693 -0.0233099 0 0.00457747 -0.02330632 0 0.00444329 -0.02333227 0 0.00425027 -0.02341371 0 0.00410756 -0.02356707 0 0.00404021 -0.02376543 0 0.00398916 -0.02454003 0 0.00397446 -0.02468367 0 0.00371963 -0.02567751 -0.00025292 0.00291544 -0.0257812 -0.00025292 0.00241682 -0.02488452 -0 0.00236617 -0.02474931 0 0.0021203 -0.024013 0 0.00200482 -0.02383821 0 0.00182788 -0.02372607 0 0.00162052 -0.02369626 0 0.00148414 -0.0237052 0 0.00128244 -0.0237618 0 0.00112164 -0.02389606 0 0.00102995 -0.02408442 0 0.00088223 -0.02484651 0 0.00084964 -0.02498717 -0 0.00047225 -0.02594124 -0.00025292 -0.00033859 -0.02594333 -0.00025292 -0.00072089 -0.02499122 0 -0.0007542 -0.02485073 -0 -0.00090585 -0.02408941 0 -0.0009985 -0.02390152 0 -0.00116 -0.02376809 0 -0.00136199 -0.02371253 0 -0.00149841 -0.0237043 0 -0.00170561 -0.02373517 0 -0.00188198 -0.02384822 0 -0.00199655 -0.02402361 0 -0.00223862 -0.02476117 0 -0.00228858 -0.02489664 -0 -0.00278257 -0.02579588 -0.00025292 -0.00358728 -0.02569633 -0.00025292 -0.00384723 -0.02470382 0 -0.00386267 -0.02456026 0 -0.0039177 -0.02378594 0 -0.00398608 -0.02358792 0 -0.00412958 -0.02343529 0 -0.00432301 -0.02335486 0 -0.00445733 -0.02332959 0 -0.00466676 -0.02333426 0 -0.00485591 -0.02342431 0 -0.00499156 -0.02358395 0 -0.00532417 -0.02428536 0 -0.00539071 -0.0244135 0 -0.00599351 -0.02524374 -0.00025292 -0.00677939 -0.02504412 -0.00025292 -0.0069129 -0.02402684 -0 -0.00691023 -0.02388248 0 -0.00686778 -0.02310737 0 -0.00734595 -0.02258699 0 -0.00755432 -0.02256537 0 -0.00775326 -0.02263101 0 -0.00790785 -0.02277239 0 -0.00832574 -0.02342658 0 -0.00840782 -0.02354537 -0 -0.00910992 -0.02429351 -0.00025292 -0.00986459 -0.02399696 -0.00025292 -0.00986955 -0.02297098 -0 -0.0098488 -0.02282809 0 -0.00970954 -0.02206441 0 -0.01011872 -0.02148821 0 -0.01032274 -0.02144064 0 -0.01052834 -0.02148083 0 -0.01069943 -0.02160172 0 -0.01119602 -0.02219838 0 -0.01129234 -0.02230594 -0 -0.01208267 -0.02296019 -0.00025292 -0.01279422 -0.02257139 -0.00025292 -0.01267055 -0.02155288 -0 -0.01263206 -0.02141372 0 -0.01239818 -0.02067351 0 -0.01273192 -0.02005057 0 -0.01292837 -0.0199778 0 -0.01313738 -0.01999191 0 -0.01332227 -0.0200904 0 -0.01388973 -0.02062012 0 -0.01399877 -0.02071476 0 -0.01486487 -0.02126479 -0.00025292 -0.01552208 -0.02078988 -0.00025292 -0.01527173 -0.0197949 0 -0.0152161 -0.01966166 0 -0.01489129 -0.0189566 0 -0.01514432 -0.01829674 0 -0.0153301 -0.01819993 0 -0.01553924 -0.01818773 0 -0.01573501 -0.01826227 0 -0.01636439 -0.01871669 0 -0.01648443 -0.01879692 -0 -0.01741264 -0.01923406 -0.00025292 -0.01800515 -0.01868052 -0.00025292 -0.01763207 -0.01772477 0 -0.01756017 -0.01759955 -0 -0.01714956 -0.01694076 0 -0.01731789 -0.01625439 0 -0.01749007 -0.01613506 0 -0.01769603 -0.01609674 0 -0.01789961 -0.01614616 0 -0.01858097 -0.01651811 0 -0.01871012 -0.01658267 -0 -0.0196858 -0.01690003 -0.00025292 -0.02020426 -0.01627659 -0.00025292 -0.01971433 -0.01537513 -0 -0.01962731 -0.01525991 0 -0.01913737 -0.01465778 0 -0.01906523 -0.01451708 0 -0.01921835 -0.01395573 0 -0.01937422 -0.01381576 0 -0.01957374 -0.01375192 0 -0.01978191 -0.01377544 0 -0.02050452 -0.01405906 0 -0.02064074 -0.01410692 0 -0.0216485 -0.01429949 -0.00025292 -0.02208474 -0.01361599 -0.00025292 -0.02148569 -0.01278304 0 -0.02138492 -0.01267964 0 -0.02082337 -0.01214366 0 -0.02072167 -0.0119843 0 -0.02081572 -0.011437 0 -0.02095282 -0.01127859 0 -0.02114277 -0.01119026 0 -0.02135224 -0.0111875 0 -0.0221047 -0.01137831 0 -0.02224585 -0.01140872 -0 -0.0232698 -0.01147347 -0.00025292 -0.02361693 -0.01074069 -0.00025292 -0.02291821 -0.00998938 -0 -0.02280527 -0.00989943 -0 -0.02218098 -0.00943806 0 -0.02204582 -0.00926472 0 -0.02208482 -0.00873792 0 -0.02220098 -0.00856359 0 -0.02237836 -0.00845214 0 -0.02258584 -0.00842315 0 -0.02335628 -0.00851815 0 -0.02350012 -0.00853063 -0 -0.02452411 -0.00846653 -0.00025292 -0.02477666 -0.00769602 -0.00025292 -0.02398929 -0.00703821 -0 -0.02386597 -0.00696312 0 -0.02318878 -0.00658364 0 -0.02301695 -0.00640158 0 -0.02300562 -0.00590107 0 -0.02309902 -0.00571355 0 -0.02326103 -0.00558075 0 -0.02346324 -0.00552598 0 -0.02423951 -0.00552368 0 -0.02438379 -0.00551803 -0 -0.02539167 -0.0053261 -0.00025292 -0.02554566 -0.00453001 -0.00025292 -0.02468205 -0.00397607 -0 -0.02455029 -0.00391703 0 -0.02383087 -0.00362541 0 -0.02367803 -0.00351509 0 -0.0235769 -0.00335602 0 -0.02356362 -0.00297118 0 -0.02363277 -0.00277344 0 -0.02377687 -0.00262138 0 -0.02397061 -0.0025417 0 -0.02474047 -0.00244212 0 -0.0248829 -0.00241843 0 -0.02585878 -0.00210169 -0.00025292 -0.02591178 -0.00129258 -0.00025292 -0.02498555 -0.00085125 -0 -0.02484743 -0.00080919 -0 -0.02409714 -0.00061003 0 -0.0239158 -0.00050608 0 -0.0237928 -0.00033708 0 -0.02374964 -0.00013257 0 -0.02485126 0.00067793 0 -0.0249896 0.00071928 -0 -0.02591809 0.00115583 -0.00025292 -0.02586926 0.00196521 -0.00025292 -0.02489502 0.00228697 -0 -0.02475272 0.00231139 -0 -0.02398338 0.00241494 -0 -0.02379005 0.00249561 -0 -0.02364674 0.00264841 -0 -0.0235786 0.00284651 -0 -0.02356182 0.00298215 -0 -0.02457014 0.00378726 -0 -0.0247022 0.00384563 -0 -0.02556865 0.0043951 -0.00025292 -0.02541876 0.00519198 -0.00025292 -0.02441188 0.0053891 -0 -0.02426764 0.00539549 -0 -0.02349139 0.0054018 -0 -0.02328947 0.0054576 -0 -0.02312814 0.00559124 -0 -0.02303571 0.00577924 -0 -0.02300207 0.0059117 -0 -0.02390152 0.00683684 -0 -0.02402523 0.0069113 -0 -0.02481598 0.00756504 -0.00025292 -0.0245674 0.00833684 -0.00025292 -0.02354375 0.00840621 -0 -0.02339985 0.00839447 -0 -0.02262893 0.00830344 -0 -0.02242161 0.0083335 -0 -0.0222448 0.00844586 -0 -0.02212954 0.00862079 -0 -0.02207955 0.00874799 -0 -0.02285596 0.00977857 -0 -0.02296936 0.00986794 -0 -0.02367194 0.01061564 -0.00025292 -0.02332859 0.0113502 -0.00025292 -0.02230432 0.01129073 -0 -0.02216302 0.01126105 -0 -0.02140959 0.01107411 -0 -0.02120014 0.01107795 -0 -0.02101064 0.01116726 -0 -0.02087436 0.01132637 -0 -0.02080883 0.0114463 -0 -0.02144996 0.01256607 -0 -0.02155126 0.01266895 -0 -0.02215459 0.0134988 -0.00025292 -0.02172188 0.01418454 -0.00025292 -0.02071314 0.01399716 -0 -0.02057668 0.01395 -0 -0.01985262 0.01367011 -0 -0.01964433 0.01364767 -0 -0.01944513 0.01371252 -0 -0.01928999 0.0138533 -0 -0.01920995 0.01396407 -0 -0.01913866 0.01410412 -0 -0.01970567 0.01515536 -0 -0.01979328 0.01527012 -0 -0.02028784 0.01616905 -0.00025292 -0.0197726 0.01679515 -0.00025292 -0.0187953 0.01648282 -0 -0.01866582 0.01641893 -0 -0.01798255 0.0160505 -0 -0.01777872 0.01600213 -0 -0.01757297 0.01604151 -0 -0.0174014 0.01616172 -0 -0.0173081 0.01626159 -0 -0.01720739 0.01642044 -0 -0.01765061 0.01750562 -0 -0.01772315 0.01763046 -0 -0.01810115 0.01858428 -0.00025292 -0.0175115 0.01914087 -0.00025292 -0.01658105 0.01870851 -0 -0.0164606 0.0186289 -0 -0.01582889 0.01817773 -0 -0.01563273 0.0181042 -0 -0.01542366 0.01811748 -0 -0.01523839 0.01821525 -0 -0.01513331 0.01830263 -0 -0.01499925 0.01847561 -0 -0.01531719 0.01957977 -0 -0.01537351 0.01971272 -0 -0.01562898 0.0207064 -0.00025292 -0.01497422 0.0211847 -0.00025292 -0.0141053 0.02063913 -0 -0.01399578 0.02054505 -0 -0.0134256 0.02001827 -0 -0.0132402 0.01992073 -0 -0.01303112 0.0199077 -0 -0.01283505 0.01998148 -0 -0.01271984 0.02005501 -0 -0.0125492 0.02023687 -0 -0.01274221 0.02134512 -0 -0.01278143 0.02148408 -0 -0.01291034 0.02250195 -0.00025292 -0.0122008 0.0228944 -0.00025292 -0.01140711 0.02224424 -0 -0.01131024 0.02213717 -0 -0.01081058 0.02154308 -0 -0.01063887 0.02142307 -0 -0.01043306 0.02138394 -0 -0.0102293 0.02143257 -0 -0.01010578 0.02149107 -0 -0.00995383 0.02160152 -0 -0.00985335 0.02176024 -0 -0.00996628 0.02277382 -0 -0.00998777 0.0229166 -0 -0.00998809 0.0239426 -0.00025292 -0.00923496 0.02424303 -0.00025292 -0.00852901 0.02349851 -0 -0.00844633 0.02338015 -0 -0.00802507 0.02272812 -0 -0.00786975 0.02258754 -0 -0.00767048 0.02252292 -0 -0.00746222 0.02254562 -0 -0.00733235 0.02258819 -0 -0.0071519 0.02269241 -0 -0.00702961 0.02286113 -0 -0.00703318 0.02384334 -0 -0.0070366 0.02398768 -0 -0.00690833 0.02500563 -0.00025292 -0.00612348 0.0252093 -0.00025292 -0.00551641 0.02438218 -0 -0.00544921 0.02425438 -0 -0.005113 0.0235547 -0 -0.00497653 0.02339576 -0 -0.00478692 0.02330668 -0 -0.00457746 0.02330309 -0 -0.00444328 0.02332905 -0 -0.00425026 0.02341048 -0 -0.00410755 0.02356384 -0 -0.0040402 0.02376221 -0 -0.00398915 0.02453681 -0 -0.00397446 0.02468044 -0 -0.00371962 0.02567428 -0.00025292 -0.00291543 0.02577798 -0.00025292 -0.00241681 0.02488129 -0 -0.00236616 0.02474608 -0 -0.00212029 0.02400978 -0 -0.00200482 0.02383499 -0 -0.00182787 0.02372285 -0 -0.00162051 0.02369304 -0 -0.00148413 0.02370197 -0 -0.00128244 0.02375857 -0 -0.00112163 0.02389284 -0 -0.00102994 0.0240812 -0 -0.00088222 0.02484328 -0 -0.00084963 0.02498395 -0 -0.00047224 0.02593801 -0.00025292 0.0003386 0.0259401 -0.00025292 0.0007209 0.02498799 -0 0.00075421 0.0248475 -0 0.00090585 0.02408618 -0 0.00099851 0.0238983 -0 0.00116001 0.02376486 -0 0.00136199 0.0237093 -0 0.00149842 0.02370107 -0 0.00170562 0.02373195 -0 0.00188198 0.023845 -0 0.00199656 0.02402038 -0 0.00223863 0.02475795 -0 0.00228859 0.02489342 -0 0.00278258 0.02579266 -0.00025292 0.00358729 0.02569311 -0.00025292 0.00384724 0.02470059 -0 0.00386268 0.02455703 -0 0.00391771 0.02378271 -0 0.00398609 0.02358469 -0 0.00412959 0.02343207 -0 0.00432302 0.02335163 -0 0.00445733 0.02332637 -0 0.00466677 0.02333103 -0 0.00485592 0.02342109 -0 0.00499157 0.02358073 -0 0.00532417 0.02428214 -0 0.00539071 0.02441028 -0 0.00599351 0.02524051 -0.00025292 0.0067794 0.02504089 -0.00025292 0.00691291 0.02402362 -0 0.00686779 0.02310414 -0 0.00691081 0.02289912 -0 0.00703405 0.02272971 -0 0.00721587 0.02262567 -0 0.00734596 0.02258377 -0 0.00755433 0.02256215 -0 0.00775327 0.02262778 -0 0.00790786 0.02276917 -0 0.00832575 0.02342336 -0 0.00840783 0.02354215 -0 0.00910993 0.02429029 -0.00025292 0.0098646 0.02399374 -0.00025292 0.00987803 0.02372781 -0.00018845 0.00984881 0.02282487 -0 0.00970955 0.02206119 -0 0.00972654 0.02185239 -0 0.00982757 0.02166887 -0 0.00999492 0.02154286 -0 0.01011873 0.02148499 -0 0.01032275 0.02143742 -0 0.01052835 0.0214776 -0 0.01069944 0.0215985 -0 0.01119603 0.02219515 -0 0.01129234 0.02230272 -0 0.01208268 0.02295696 -0.00025292 0.01267056 0.02154965 -0 0.01263207 0.02141049 -0 0.01239819 0.02067029 -0 0.01238887 0.020461 -0 0.01246611 0.02026627 -0 0.01261634 0.02012028 -0 0.01273193 0.02004734 -0 0.01292837 0.01997458 -0 0.01313739 0.01998868 -0 0.01332228 0.02008718 -0 0.01388974 0.02061689 -0 0.01399877 0.02071154 -0 0.01486488 0.02126157 -0.00025292 0.01527174 0.01979167 -0 0.01521611 0.01965843 -0 0.0148913 0.01895338 -0 0.01485583 0.01874691 -0 0.01490805 0.01854404 -0 0.0150388 0.01838036 -0 0.01514433 0.01829352 -0 0.01533011 0.01819671 -0 0.01553924 0.0181845 -0 0.01573502 0.01825905 -0 0.0163644 0.01871346 -0 0.01648444 0.01879369 -0 0.01741264 0.01923084 -0.00025292 0.01763207 0.01772154 -0 0.01756018 0.01759633 -0 0.01714957 0.01693754 -0 0.0170885 0.01673715 -0 0.01711488 0.01652933 -0 0.01722409 0.01635055 -0 0.0173179 0.01625117 -0 0.01749008 0.01613184 -0 0.01769604 0.01609351 -0 0.01789961 0.01614294 -0 0.01858098 0.01651489 -0 0.01871013 0.01657944 -0 0.01968581 0.0168968 -0.00025292 0.01971434 0.0153719 -0 0.01962732 0.01525669 -0 0.01913738 0.01465456 -0 0.01905167 0.0144634 -0 0.0190518 0.01425391 -0 0.01913774 0.01406286 -0 0.01921836 0.0139525 -0 0.01937423 0.01381253 -0 0.01957375 0.0137487 -0 0.01978192 0.01377221 -0 0.02050453 0.01405583 -0 0.02064075 0.01410369 -0 0.02164851 0.01429627 -0.00025292 0.0214857 0.01277982 -0 0.02138493 0.01267642 -0 0.02082338 0.01214044 -0 0.02071439 0.01196153 -0 0.02068826 0.01175368 -0 0.02074958 0.01155336 -0 0.02081573 0.01143377 -0 0.02095282 0.01127537 -0 0.02114278 0.01118703 -0 0.02135225 0.01118427 -0 0.02210471 0.01137509 -0 0.02224585 0.0114055 -0 0.0232698 0.01147025 -0.00025292 0.02291822 0.00998616 -0 0.02280528 0.0098962 -0 0.02218099 0.00943483 -0 0.02205043 0.009271 -0 0.02199846 0.00906806 -0 0.02203419 0.00886164 -0 0.02208483 0.0087347 -0 0.02220099 0.00856036 -0 0.02237837 0.00844892 -0 0.02258585 0.00841992 -0 0.02335628 0.00851493 -0 0.02350013 0.0085274 -0 0.02452412 0.00846331 -0.00025292 0.0239893 0.00703499 -0 0.02386598 0.0069599 -0 0.02318878 0.00658041 -0 0.02303872 0.00643423 -0 0.02296173 0.0062394 -0 0.0229713 0.00603013 -0 0.02300563 0.00589785 -0 0.02309902 0.00571033 -0 0.02326104 0.00557753 -0 0.02346325 0.00552276 -0 0.02423952 0.00552045 -0 0.02438379 0.0055148 -0 0.02539168 0.00532287 -0.00025292 0.02468206 0.00397285 -0 0.0245503 0.00391381 -0 0.02383088 0.00362218 -0 0.02366368 0.00349596 -0 0.02356287 0.00331233 -0 0.02354615 0.0031035 -0 0.02356362 0.00296796 -0 0.02363278 0.00277021 -0 0.02377687 0.00261815 -0 0.02397062 0.00253847 -0 0.02474048 0.00243889 -0 0.02488291 0.00241521 -0 0.02585879 0.00209847 -0.00025292 0.02498556 0.00084803 -0 0.02484744 0.00080596 -0 0.02409715 0.00060681 0 0.02391545 0.00050254 0 0.02379242 0.00033298 0 0.02374965 0.00012791 0 0.02379383 -0.00021362 0 0.02391773 -0.00038254 0 0.02409996 -0.00048587 0 0.02485127 -0.00068116 0 0.02498961 -0.00072251 -0 0.02591809 -0.00115906 -0.00025292 0.02595899 -0.00120105 -0.00026438 0.02594436 -0.00117983 -0.0002602 0.02593186 -0.00188282 -0.00026795 0.02592238 -0.00191863 -0.00026612 0.02590052 -0.00194854 -0.00026087 0.02558579 -0.00441408 -0.00025816 0.02559902 -0.00443376 -0.00026255 0.02557808 -0.00440607 -0.00025576 0.0254916 -0.00511811 -0.00026795 0.02547771 -0.00515245 -0.00026612 0.02545227 -0.00517938 -0.00026087 0.02482973 -0.00758416 -0.00025769 0.02483925 -0.00760116 -0.00026146 0.02482168 -0.00757404 -0.00025483 0.02464932 -0.00827271 -0.00026795 0.02463124 -0.00830504 -0.00026612 0.02460262 -0.00832857 -0.00026087 0.02368365 -0.01063646 -0.00025771 0.02341831 -0.01129687 -0.00026795 0.02339632 -0.01132668 -0.00026612 0.02336498 -0.01134643 -0.00026087 0.02216619 -0.01352755 -0.00025913 0.02181798 -0.0141429 -0.00026795 0.02179242 -0.01416971 -0.00026612 0.02175886 -0.01418538 -0.00026087 0.02029497 -0.01619294 -0.00025787 0.01987357 -0.0167659 -0.00026795 0.01984485 -0.01678931 -0.00026612 0.01980959 -0.01680065 -0.00026087 0.01810483 -0.01860272 -0.00025653 0.01761574 -0.01912453 -0.00026795 0.01758431 -0.01914415 -0.00026612 0.0175479 -0.01915098 -0.00026087 0.01563033 -0.0207189 -0.00025512 0.01508009 -0.02118158 -0.00026795 0.01504646 -0.0211971 -0.00026612 0.01500948 -0.02119932 -0.00026087 0.0129105 -0.02250826 -0.00025366 0.01230663 -0.0229046 -0.00026795 0.01227131 -0.02291579 -0.00026612 0.01223435 -0.02291335 -0.00026087 0.00997903 -0.02398174 -0.00026087 0.0099575 -0.02401188 -0.00026612 0.00992647 -0.02403212 -0.00026795 0.00933908 -0.02426643 -0.00026795 0.00930264 -0.02427311 -0.00026612 0.00926628 -0.02426606 -0.00026087 0.00689483 -0.02504335 -0.00026087 0.00686969 -0.02507056 -0.00026612 0.00683637 -0.02508675 -0.00026795 0.00622425 -0.0252456 -0.00026795 0.00618771 -0.02524771 -0.00026616 0.00615226 -0.02523621 -0.00026091 0.0037019 -0.02571004 -0.00026087 0.00367355 -0.02573388 -0.00026612 0.00363847 -0.02574577 -0.00026795 0.00301126 -0.02582665 -0.00026795 0.00297431 -0.02582405 -0.00026612 0.00294084 -0.02580817 -0.00026087 0.00045059 -0.02597129 -0.00026087 0.00041948 -0.02599139 -0.00026612 0.00038318 -0.02599879 -0.00026795 -0.00024922 -0.02600042 -0.00026795 -0.00028514 -0.02599337 -0.00026616 -0.00031661 -0.02597342 -0.00026091 -0.00280782 -0.02582298 -0.00026087 -0.00284121 -0.02583903 -0.00026612 -0.00287815 -0.02584182 -0.00026795 -0.00350577 -0.02576417 -0.00026795 -0.00354052 -0.02575268 -0.00026616 -0.00356924 -0.02572894 -0.00026091 -0.00602196 -0.02526746 -0.00026087 -0.0060571 -0.02527919 -0.00026612 -0.00609409 -0.02527733 -0.00026795 -0.00670703 -0.02512164 -0.00026795 -0.00674043 -0.02510562 -0.00026612 -0.00676571 -0.02507854 -0.00026087 -0.00914113 -0.02431348 -0.00026087 -0.00917746 -0.02432072 -0.00026612 -0.00921393 -0.02431423 -0.00026795 -0.00980252 -0.02408295 -0.00026795 -0.00983365 -0.02406286 -0.00026612 -0.00985533 -0.02403283 -0.00026087 -0.01211613 -0.02297609 -0.00026087 -0.01215308 -0.02297871 -0.00026612 -0.01218845 -0.02296771 -0.00026795 -0.01274341 -0.02266447 -0.00026795 -0.01277178 -0.02264065 -0.00026612 -0.01278953 -0.02260814 -0.00026087 -0.01490006 -0.02127637 -0.00026087 -0.01493704 -0.02127434 -0.00026612 -0.01497076 -0.02125899 -0.00026795 -0.01548334 -0.0208886 -0.00026795 -0.01550849 -0.02086141 -0.00026612 -0.01552203 -0.02082692 -0.00026087 -0.017449 -0.01924114 -0.00026087 -0.01748544 -0.0192345 -0.00026612 -0.01751697 -0.01921504 -0.00026795 -0.01797908 -0.01878332 -0.00026795 -0.01800063 -0.01875319 -0.00026612 -0.01800974 -0.01871728 -0.00026087 -0.01972276 -0.01690249 -0.00026087 -0.01975808 -0.01689133 -0.00026612 -0.01978692 -0.01686808 -0.00026795 -0.02019128 -0.01638184 -0.00026795 -0.02020889 -0.01634925 -0.00026612 -0.02021342 -0.01631249 -0.00026087 -0.02168548 -0.0142973 -0.00026087 -0.02171913 -0.01428181 -0.00026612 -0.02174482 -0.01425512 -0.00026795 -0.02208505 -0.01372204 -0.00026795 -0.02209844 -0.0136875 -0.00026612 -0.02209833 -0.01365046 -0.00026087 -0.02330621 -0.01146667 -0.00026087 -0.02333765 -0.01144707 -0.00026612 -0.0233598 -0.01141738 -0.00026795 -0.02363053 -0.01084586 -0.00026795 -0.02363948 -0.01080991 -0.00026612 -0.02363473 -0.01077318 -0.00026087 -0.02455939 -0.00845522 -0.00026087 -0.02458812 -0.00843184 -0.00026612 -0.02460637 -0.0083996 -0.00026795 -0.02480334 -0.00779866 -0.00026795 -0.02480771 -0.00776187 -0.00026612 -0.0247984 -0.00772602 -0.00026087 -0.02542525 -0.00531045 -0.00026087 -0.02545082 -0.00528365 -0.00026612 -0.02546489 -0.00524938 -0.00026795 -0.02558499 -0.00462849 -0.00026795 -0.02558472 -0.00459145 -0.00026612 -0.02557098 -0.00455705 -0.00026087 -0.02589013 -0.00208196 -0.00026087 -0.02591215 -0.00205217 -0.00026612 -0.02592181 -0.00201641 -0.00026795 -0.02596315 -0.00138536 -0.00026795 -0.02595823 -0.00134864 -0.00026612 -0.02594029 -0.00131623 -0.00026087 -0.02594672 0.00117934 -0.00026087 -0.02596483 0.00121165 -0.00026612 -0.02596993 0.00124835 -0.00026795 -0.02593185 0.0018796 -0.00026795 -0.02592237 0.00191541 -0.00026612 -0.02590051 0.00194531 -0.00026087 -0.02559411 0.00442201 -0.00026087 -0.02560803 0.00445634 -0.00026612 -0.02560849 0.00449339 -0.00026795 -0.02549159 0.00511489 -0.00026795 -0.0254777 0.00514923 -0.00026612 -0.02545226 0.00517616 -0.00026087 -0.02483786 0.00759492 -0.00026087 -0.02484737 0.00763073 -0.00026612 -0.02484319 0.00766754 -0.00026795 -0.02464931 0.00826949 -0.00026795 -0.02463123 0.00830182 -0.00026612 -0.02460261 0.00832534 -0.00026087 -0.02368991 0.01064803 -0.00026087 -0.02369485 0.01068475 -0.00026612 -0.02368609 0.01072074 -0.00026795 -0.02341831 0.01129364 -0.00026795 -0.02339631 0.01132345 -0.00026612 -0.02336497 0.01134321 -0.00026087 -0.02216836 0.01353319 -0.00026087 -0.02216866 0.01357024 -0.00026612 -0.02215545 0.01360485 -0.00026795 -0.02181797 0.01413967 -0.00026795 -0.02179242 0.01416649 -0.00026612 -0.02175885 0.01418216 -0.00026087 -0.02029719 0.0162049 -0.00026087 -0.02029285 0.01624169 -0.00026612 -0.02027541 0.01627437 -0.00026795 -0.01987356 0.01676268 -0.00026795 -0.01984484 0.01678608 -0.00026612 -0.01980958 0.01679742 -0.00026087 -0.01810593 0.01862102 -0.00026087 -0.01809701 0.01865697 -0.00026612 -0.01807561 0.01868721 -0.00026795 -0.01761573 0.01912131 -0.00026795 -0.01758431 0.01914092 -0.00026612 -0.01754789 0.01914776 -0.00026087 -0.01562912 0.02074345 -0.00026087 -0.01561577 0.020778 -0.00026612 -0.01559075 0.02080532 -0.00026795 -0.01508009 0.02117835 -0.00026795 -0.01504645 0.02119388 -0.00026612 -0.01500947 0.02119609 -0.00026087 -0.01290584 0.02253872 -0.00026087 -0.01288825 0.02257132 -0.00026612 -0.01286001 0.02259529 -0.00026795 -0.01230662 0.02290138 -0.00026795 -0.01227131 0.02291257 -0.00026612 -0.01223434 0.02291013 -0.00026087 -0.00997902 0.02397851 -0.00026087 -0.00995749 0.02400865 -0.00026612 -0.00992646 0.0240289 -0.00026795 -0.00933907 0.02426321 -0.00026795 -0.00930263 0.02426988 -0.00026612 -0.00926627 0.02426283 -0.00026087 -0.00689482 0.02504012 -0.00026087 -0.00686969 0.02506733 -0.00026612 -0.00683637 0.02508352 -0.00026795 -0.00622424 0.02524237 -0.00026795 -0.00618726 0.02524443 -0.00026612 -0.00615206 0.02523287 -0.00026087 -0.00370189 0.02570681 -0.00026087 -0.00367354 0.02573065 -0.00026612 -0.00363846 0.02574254 -0.00026795 -0.00301125 0.02582342 -0.00026795 -0.0029743 0.02582082 -0.00026612 -0.00294083 0.02580495 -0.00026087 -0.00045058 0.02596806 -0.00026087 -0.00041947 0.02598817 -0.00026612 -0.00038317 0.02599556 -0.00026795 0.00024923 0.02599719 -0.00026795 0.00028556 0.02598998 -0.00026612 0.00031678 0.02597004 -0.00026087 0.00280783 0.02581976 -0.00026087 0.00284122 0.0258358 -0.00026612 0.00287816 0.02583859 -0.00026795 0.00350578 0.02576095 -0.00026795 0.00354092 0.02574924 -0.00026612 0.00356939 0.02572554 -0.00026087 0.00602197 0.02526424 -0.00026087 0.00605711 0.02527597 -0.00026612 0.0060941 0.02527411 -0.00026795 0.00670704 0.02511841 -0.00026795 0.00674044 0.02510239 -0.00026612 0.00676572 0.02507531 -0.00026087 0.00914113 0.02431025 -0.00026087 0.00917746 0.02431749 -0.00026612 0.00921394 0.02431101 -0.00026795 0.00980252 0.02407972 -0.00026795 0.00983366 0.02405964 -0.00026612 0.00985534 0.02402961 -0.00026087 0.01211614 0.02297286 -0.00026087 0.01215309 0.02297549 -0.00026612 0.01218846 0.02296448 -0.00026795 0.01274342 0.02266125 -0.00026795 0.01278819 0.02260881 -0.0002616 0.01277047 0.02263901 -0.00026631 0.01490006 0.02127315 -0.00026087 0.01493705 0.02127112 -0.00026612 0.01497077 0.02125577 -0.00026795 0.01548334 0.02088537 -0.00026795 0.01551177 0.02085257 -0.00026543 0.01744901 0.01923792 -0.00026087 0.01748545 0.01923127 -0.00026612 0.01751697 0.01921181 -0.00026795 0.01797909 0.0187801 -0.00026795 0.01800185 0.01874725 -0.00026582 0.01972277 0.01689927 -0.00026087 0.01975809 0.0168881 -0.00026612 0.01978693 0.01686485 -0.00026795 0.02019129 0.01637862 -0.00026795 0.02020784 0.01634916 -0.00026643 0.02168549 0.01429408 -0.00026087 0.02171914 0.01427858 -0.00026612 0.02174483 0.0142519 -0.00026795 0.02208506 0.01371882 -0.00026795 0.02209625 0.01369361 -0.00026693 0.02330622 0.01146344 -0.00026087 0.02333766 0.01144385 -0.00026612 0.02335981 0.01141415 -0.00026795 0.02363054 0.01084264 -0.00026795 0.02455939 0.00845199 -0.00026087 0.02458813 0.00842861 -0.00026612 0.02460638 0.00839638 -0.00026795 0.02480335 0.00779543 -0.00026795 0.02480679 0.00778069 -0.00026764 0.02542525 0.00530723 -0.00026087 0.02545083 0.00528043 -0.00026612 0.0254649 0.00524616 -0.00026795 0.025585 0.00462527 -0.00026795 0.02558619 0.00461651 -0.00026784 0.02589014 0.00207874 -0.00026087 0.02591216 0.00204894 -0.00026612 0.02592182 0.00201318 -0.00026795 0.02596316 0.00138213 -0.00026795 0.02596326 0.0013796 -0.00026794 0.00198248 0.00680352 -0 -0.00201751 0.00679321 -0 0.023 -0.011 -0.08078194 0.023 -0.011 -0.06278194 0.023 -0.021 -0.08917293 0.023 -0.036 -0.06278194 0.023 -0.021 -0.10386094 0.023 -0.036 -0.13025193 0.023 -0.011 -0.11225194 0.023 -0.011 -0.13025193 0.018 -0.011 -0.11225194 0.018 -0.011 -0.13025193 0.018 -0.021 -0.10386094 0.018 -0.036 -0.13025193 0.018 -0.021 -0.08917293 0.018 -0.036 -0.06278194 0.018 -0.011 -0.08078194 0.018 -0.011 -0.06278194</float_array>
          <technique_common>
            <accessor source="#pos_0-array" count="7308" stride="3">
              <param name="X" type="float"/>
              <param name="Y" type="float"/>
              <param name="Z" type="float"/>
            </accessor>
          </technique_common>
        </source>
        <source id="norm_0">
          <float_array id="norm_0-array" count="6828">0.70711 0.70711 0 -0.70711 0.70711 0 0 0 1 0.79333 0 0.6088 0.92387 0 0.38271 0.99144 0 0.13053 0 0 -1 -0.80899 0 -0.58782 -0.95105 0 -0.30904 -1 0 0 -0.95105 0 0.30904 -0.80899 0 0.58782 0.14231 -0.98982 0 0.41542 -0.90963 0 0.65486 -0.75575 0 0.84125 -0.54064 0 0.95949 -0.28173 0 1 0 0 0.95949 0.28173 0 0.84125 0.54064 0 0.65486 0.75575 0 0.41542 0.90963 0 0.14231 0.98982 0 0 1 0 0 0.25882 0.96593 0 0.70711 0.70711 0 0.96593 0.25882 -0 -0.98079 -0.19509 -0 -0.83147 -0.55557 -0 -0.55557 -0.83147 -0 -0.19509 -0.98079 0 0.25882 -0.96593 0 0.70711 -0.70711 0 0.96593 -0.25882 0 -0.98079 0.19509 0 -0.83147 0.55557 0 -0.55557 0.83147 0 -0.19509 0.98079 0 -1 0 -0.14231 0.98982 0 -0.41542 0.90963 0 -0.65486 0.75575 0 -0.84125 0.54064 0 -0.95949 0.28173 0 -0.95949 -0.28173 0 -0.84125 -0.54064 0 -0.65486 -0.75575 0 -0.41542 -0.90963 0 -0.14231 -0.98982 0 0.99144 0 -0.13053 0.92387 0 -0.38271 0.79333 0 -0.6088 1 0 -0 -1 -0 0 0 0 1 0 -1 0 -0 -0 -1 -0 1 -0 0 0.64279 0.76604 -0 0.64279 -0.76604 0.00258 -1 -0 0.57315 -0.81945 0 0.84166 -0.54 0 0.98377 -0.17945 0 0.97812 0.20805 0 0.82557 0.56431 0 0.54902 0.83581 0 0.19002 0.98178 0 -0.19752 0.9803 0 -0.5554 0.83159 0 -0.82986 0.55798 0 -0.97968 0.20057 0 -0.98237 -0.18697 0 -0.83751 -0.54642 0 -0.56687 -0.82381 0 0.70711 0.70711 0 -0.70711 0.70711 0 0 -0.98769 0.15643 0 -0.89101 0.45399 0 -0.70711 0.70711 0 -0.45399 0.89101 0 -0.15643 0.98769 0.62447 -0.78105 0 0.6328 -0.77431 4E-05 0.82598 -0.5637 -3E-05 0.86394 -0.50359 0.00015 0.97286 -0.23141 -0.00022 0.98505 -0.17226 0 0.76349 -0.64582 0 0.63869 -0.76946 0.00087 0.72392 -0.68989 0.00044 0.83271 -0.55371 0 0.97305 -0.23059 -1E-05 0.97336 -0.2293 0 0.82076 -0.57127 0 0.7159 -0.6982 0.0007 0.78543 -0.61895 0.00034 0.87512 -0.4839 0 0.97958 -0.20105 -1E-05 0.98004 -0.19879 0 0.83558 -0.54937 0 0.87083 -0.49158 0.00015 0.97214 -0.23438 -0.00024 0.98577 -0.16812 0 0.91256 -0.40895 0 0.91257 -0.40893 0 0.99036 -0.13853 0 0.99035 -0.13858 0 0.99425 -0.10709 0 0.94707 -0.32102 0.0005 0.99421 -0.10747 -0.0005 0.94706 -0.32105 0 0.99715 -0.07549 0 0.97314 -0.23022 0.00026 0.99713 -0.07577 -0.00026 0.97309 -0.23041 0 0.99902 -0.0443 0 0.99048 -0.13762 9E-05 0.99902 -0.0443 -9E-05 0.99048 -0.13769 0 0.99905 -0.04355 0 0.99991 -0.0131 -1E-05 0.99905 -0.04355 1E-05 0.99991 -0.01309 -0 0.63913 -0.7691 0 0.86512 -0.50157 0 0.985 -0.17257 0 0.75904 -0.65105 0 0.76794 -0.64053 6E-05 0.97043 -0.24139 -7E-05 0.97367 -0.22797 0 0.8248 -0.56542 0 0.98035 -0.19725 0 0.87434 -0.48531 0 0.98606 -0.16637 0 0.91614 -0.40086 0 0.9908 -0.1353 0 0.97777 -0.20968 0 0.99736 -0.07255 0 0.97509 -0.22182 0.00024 0.99735 -0.07279 -0.00024 0.97504 -0.22203 0 0.99914 -0.04149 0 0.99162 -0.1292 8E-05 0.99913 -0.0416 -8E-05 0.99161 -0.12928 0 0.99995 -0.00992 -0 0.99936 -0.03566 1E-05 0.99995 -0.00992 -1E-05 0.99936 -0.03566 0 1 0.00113 -0 1 0.00113 -0 0.99992 -0.01225 -0 0.99912 -0.04192 0 0.99866 -0.05169 0 -0.99998 -0.006 0 -0.99763 -0.06876 0 -0.99135 -0.13126 0 -0.98115 -0.19325 0 -0.96708 -0.25448 0 -0.98701 -0.16066 0 -0.8875 -0.46081 0 -0.98148 -0.19158 0 -0.84019 -0.54229 0 -0.97497 -0.22231 0 -0.78542 -0.61896 0 -0.96751 -0.25283 0 -0.72369 -0.69012 0 -0.98159 -0.19102 0 -0.84111 -0.54087 0 -0.58109 -0.81384 0 -0.97767 -0.21014 0 -0.80549 -0.59261 0 -0.49284 -0.87012 0 -0.99777 -0.06681 0 -0.9916 -0.12931 0 -0.98153 -0.19132 0 -0.96758 -0.25257 0 -0.98717 -0.15969 0 -0.88885 -0.45821 0 -0.98166 -0.19062 0 -0.84178 -0.53981 0 -0.97519 -0.22136 0 -0.78725 -0.61664 0 -0.96776 -0.25188 0 -0.72572 -0.68799 0 -0.98171 -0.19038 0 -0.84217 -0.53921 0 -0.58375 -0.81193 0 -0.97751 -0.2109 0 -0.80665 -0.59103 0 -0.49568 -0.8685 0 0.99953 -0.03058 0 0.99991 -0.01337 -0 0.99897 -0.04529 0 0.98436 0.17618 -0 0.98436 0.17618 -0 0.86473 0.50223 -0 0.64081 0.7677 -0 0.3396 0.94057 -0 -0.00258 1 -0 -0.34444 0.93881 -0 -0.64476 0.76439 -0 -0.86731 0.49777 -0 -0.98525 0.17111 -0 -0.51583 -0.85669 0 -0.63413 -0.77323 0 -0.7418 -0.67062 0 -0.83086 -0.55648 0 -0.90421 -0.42708 0 -0.95641 -0.29203 0 -0.98914 -0.14695 0 0.70135 0.12553 0.70167 0.70135 0.12553 0.70167 0.61612 0.35784 0.70167 0.61612 0.35784 0.70167 0.45658 0.54698 0.70167 0.45658 0.54698 0.70167 0.24196 0.67015 0.70167 0.24196 0.67016 0.70167 -0.00184 0.7125 0.70167 -0.24541 0.6689 0.70167 -0.24541 0.6689 0.70167 -0.45939 0.54462 0.70167 -0.45939 0.54462 0.70167 -0.61796 0.35466 0.70167 -0.61796 0.35466 0.70167 -0.70199 0.12192 0.70167 -0.70199 0.12192 0.70167 -0.37759 -0.62711 0.68129 -0.36949 -0.63107 0.68208 -0.36266 -0.61102 0.70365 -0.44841 -0.54677 0.70708 -0.53603 -0.49629 0.68292 -0.52699 -0.47643 0.70377 -0.58752 -0.39349 0.7071 -0.65248 -0.31453 0.68946 -0.70311 -0.10446 0.70337 -0.70962 -0.1083 0.69621 -0.67629 -0.2065 0.7071 -0.64255 -0.3035 0.70357 -0.70199 0.12192 -0.70167 -0.70199 0.12192 -0.70167 -0.61796 0.35466 -0.70167 -0.61796 0.35466 -0.70167 -0.45939 0.54462 -0.70167 -0.45939 0.54462 -0.70167 -0.24541 0.6689 -0.70167 -0.24541 0.6689 -0.70167 -0.00184 0.7125 -0.70167 0.24196 0.67015 -0.70167 0.24196 0.67015 -0.70167 0.45658 0.54698 -0.70167 0.45658 0.54698 -0.70167 0.61612 0.35784 -0.70167 0.61612 0.35784 -0.70167 0.70135 0.12553 -0.70167 0.70135 0.12553 -0.70167 0.38082 -0.62516 -0.68129 0.37273 -0.62916 -0.68208 0.3658 -0.60915 -0.70365 0.45122 -0.54446 -0.70708 0.53857 -0.49352 -0.68292 0.52944 -0.4737 -0.70377 0.58954 -0.39046 -0.7071 0.65409 -0.31116 -0.68946 0.70363 -0.10083 -0.70337 0.71017 -0.10464 -0.69621 0.67734 -0.20301 -0.7071 0.64411 -0.30018 -0.70357 -0.36949 -0.63107 -0.68208 -0.36266 -0.61102 -0.70365 -0.37759 -0.62711 -0.68129 -0.70289 -0.10727 -0.70316 -0.71044 -0.10555 -0.6958 -0.67629 -0.2065 -0.7071 -0.64049 -0.30875 -0.70316 -0.65602 -0.30986 -0.68821 -0.58752 -0.39349 -0.7071 -0.52174 -0.48306 -0.70316 -0.54364 -0.49147 -0.68038 -0.44841 -0.54677 -0.70708 0.37273 -0.62916 0.68208 0.3658 -0.60915 0.70365 0.38082 -0.62516 0.68129 0.70343 -0.10365 0.70316 0.71097 -0.10188 0.6958 0.67734 -0.20301 0.7071 0.64208 -0.30545 0.70316 0.65761 -0.30647 0.68821 0.58954 -0.39046 0.7071 0.52422 -0.48037 0.70316 0.54616 -0.48867 0.68038 0.45122 -0.54446 0.70708 0.52023 -0.85402 0 0.6381 -0.76995 0 0.74525 -0.66679 0 0.83372 -0.55219 0 0.9064 -0.42242 0 0.9579 -0.2871 0 0.98989 -0.14185 0 0.98989 -0.14185 0 0.25815 -0.01217 -0.96603 0.25799 -0.01232 -0.96607 0.25718 -0.01284 -0.96628 0.25741 -0.01871 -0.96612 0.25735 -0.0125 -0.96624 0.25741 -0.01238 -0.96622 0.25586 -0.01544 -0.96659 0.25586 -0.01544 -0.96659 0.25687 -0.0182 -0.96628 0.25771 -0.01886 -0.96604 0.2545 -0.04451 -0.96605 0.25348 -0.04508 -0.96629 0.25301 -0.0508 -0.96613 0.25383 -0.04455 -0.96622 0.25381 -0.04457 -0.96623 0.25191 -0.04738 -0.96659 0.25191 -0.04738 -0.96659 0.25256 -0.05025 -0.96628 0.25331 -0.051 -0.96604 0.24463 -0.0821 -0.96613 0.24694 -0.07603 -0.96604 0.24687 -0.07607 -0.96606 0.24586 -0.07646 -0.96629 0.2462 -0.07606 -0.96623 0.24399 -0.07858 -0.96659 0.24399 -0.07858 -0.96659 0.24427 -0.08152 -0.96627 0.24492 -0.08235 -0.96604 0.23236 -0.10861 -0.96655 0.23226 -0.10839 -0.9666 0.23244 -0.11214 -0.96612 0.23267 -0.1124 -0.96604 0.23213 -0.11149 -0.96627 0.23221 -0.10854 -0.96659 0.2314 -0.10636 -0.96703 0.23515 -0.10641 -0.96612 0.22021 -0.13508 -0.96606 0.22008 -0.13507 -0.96609 0.21981 -0.135 -0.96616 0.21655 -0.14038 -0.96613 0.21674 -0.14067 -0.96604 0.21633 -0.1397 -0.96628 0.21678 -0.13679 -0.96659 0.21678 -0.13679 -0.96659 0.21922 -0.13512 -0.96627 0.19805 -0.16299 -0.96655 0.19805 -0.16295 -0.96655 0.19792 -0.16219 -0.96671 0.19724 -0.1664 -0.96613 0.1974 -0.16671 -0.96604 0.19711 -0.16571 -0.96628 0.19792 -0.16288 -0.96659 0.19765 -0.16035 -0.96707 0.20118 -0.1615 -0.96615 0.17606 -0.18652 -0.96655 0.17607 -0.18661 -0.96653 0.17605 -0.18612 -0.96663 0.17482 -0.1898 -0.96613 0.17495 -0.19015 -0.96604 0.17479 -0.18911 -0.96627 0.17595 -0.1864 -0.96659 0.17599 -0.18413 -0.96702 0.17941 -0.18547 -0.96613 0.1513 -0.20712 -0.96655 0.15128 -0.20735 -0.9665 0.1513 -0.20709 -0.96655 0.14967 -0.21027 -0.96612 0.14974 -0.21057 -0.96604 0.14971 -0.20952 -0.96627 0.1512 -0.20698 -0.96659 0.15149 -0.20501 -0.96696 0.15484 -0.20657 -0.9661 0.12415 -0.22445 -0.96655 0.12404 -0.22495 -0.96644 0.1241 -0.22466 -0.9665 0.12425 -0.22394 -0.96665 0.12213 -0.22733 -0.96613 0.12216 -0.22767 -0.96605 0.12226 -0.22664 -0.96627 0.12407 -0.2243 -0.96659 0.12473 -0.22192 -0.96706 0.12772 -0.22433 -0.96611 0.09494 -0.238 -0.96661 0.09496 -0.23811 -0.96659 0.09497 -0.23828 -0.96654 0.09493 -0.23855 -0.96648 0.09513 -0.23796 -0.96661 0.09268 -0.24086 -0.96612 0.09267 -0.24118 -0.96605 0.0929 -0.24017 -0.96627 0.09497 -0.23808 -0.96659 0.0959 -0.23588 -0.96704 0.09857 -0.23853 -0.96612 0.06825 -0.24931 -0.96602 0.06796 -0.24914 -0.96608 0.06174 -0.25069 -0.9661 0.06172 -0.25087 -0.96605 0.06206 -0.24993 -0.96627 0.06439 -0.24811 -0.96659 0.06439 -0.24811 -0.96659 0.06729 -0.24856 -0.96627 0.03648 -0.25591 -0.96601 0.0362 -0.2557 -0.96608 0.02986 -0.25635 -0.96612 0.02976 -0.25669 -0.96604 0.03025 -0.25573 -0.96628 0.03278 -0.25422 -0.96659 0.03278 -0.25422 -0.96659 0.03561 -0.25504 -0.96628 0.00413 -0.25847 -0.96601 0.00386 -0.25821 -0.96608 -0.00252 -0.25814 -0.9661 -0.00261 -0.25834 -0.96605 -0.00204 -0.2575 -0.96628 0.00066 -0.25633 -0.96659 0.00336 -0.25749 -0.96628 -0.0283 -0.25696 -0.96601 -0.02852 -0.25668 -0.96608 -0.03487 -0.25581 -0.9661 -0.03497 -0.25598 -0.96605 -0.03429 -0.25522 -0.96628 -0.03147 -0.25439 -0.96659 -0.03147 -0.25439 -0.96659 -0.02893 -0.25588 -0.96628 -0.0603 -0.25134 -0.96602 -0.06047 -0.25105 -0.96608 -0.06661 -0.24934 -0.96612 -0.0668 -0.2496 -0.96604 -0.06601 -0.24891 -0.96627 -0.06311 -0.24844 -0.96659 -0.06311 -0.24844 -0.96659 -0.06077 -0.25024 -0.96627 -0.09133 -0.24179 -0.96602 -0.09146 -0.2415 -0.96608 -0.09735 -0.23904 -0.96612 -0.09757 -0.23926 -0.96604 -0.09669 -0.23867 -0.96627 -0.09375 -0.23857 -0.96659 -0.09375 -0.23857 -0.96659 -0.09166 -0.24065 -0.96627 -0.12091 -0.22845 -0.96602 -0.12101 -0.22813 -0.96608 -0.12651 -0.22493 -0.96613 -0.12678 -0.22515 -0.96604 -0.12584 -0.22467 -0.96628 -0.12291 -0.22494 -0.96659 -0.12291 -0.22494 -0.96659 -0.12109 -0.22727 -0.96627 -0.1486 -0.2115 -0.96602 -0.14865 -0.21118 -0.96608 -0.15369 -0.2073 -0.96613 -0.15399 -0.20748 -0.96604 -0.153 -0.20713 -0.96628 -0.15013 -0.20776 -0.96659 -0.14863 -0.21029 -0.96627 -0.17392 -0.19124 -0.96601 -0.17394 -0.19086 -0.96608 -0.17846 -0.1864 -0.96613 -0.17879 -0.18654 -0.96604 -0.17776 -0.18632 -0.96628 -0.17499 -0.18731 -0.96659 -0.17499 -0.18731 -0.96659 -0.17381 -0.19001 -0.96627 -0.19652 -0.1679 -0.96602 -0.19649 -0.16755 -0.96608 -0.20042 -0.16257 -0.96613 -0.20076 -0.16267 -0.96604 -0.19971 -0.16257 -0.96628 -0.19708 -0.1639 -0.96659 -0.19708 -0.1639 -0.96659 -0.19626 -0.16672 -0.96628 -0.21602 -0.14197 -0.96601 -0.21595 -0.14162 -0.96608 -0.21921 -0.13616 -0.96613 -0.21956 -0.13622 -0.96604 -0.21851 -0.13626 -0.96627 -0.21607 -0.1379 -0.96659 -0.21607 -0.1379 -0.96659 -0.2156 -0.14081 -0.96628 -0.23211 -0.11378 -0.96601 -0.232 -0.11345 -0.96608 -0.23454 -0.10761 -0.96613 -0.23492 -0.10763 -0.96604 -0.23386 -0.1078 -0.96628 -0.23165 -0.10974 -0.96659 -0.23165 -0.10974 -0.96659 -0.23155 -0.11268 -0.96627 -0.24454 -0.08381 -0.96601 -0.24437 -0.08346 -0.96608 -0.2462 -0.07737 -0.96613 -0.24654 -0.07734 -0.96604 -0.24553 -0.07763 -0.96627 -0.24358 -0.07984 -0.96659 -0.24358 -0.07984 -0.96659 -0.24385 -0.08277 -0.96627 -0.25312 -0.05248 -0.96601 -0.25291 -0.05218 -0.96608 -0.25396 -0.0459 -0.96613 -0.2543 -0.04583 -0.96604 -0.25332 -0.04625 -0.96628 -0.25166 -0.04868 -0.96659 -0.25166 -0.04868 -0.96659 -0.2523 -0.05155 -0.96628 -0.2577 -0.02034 -0.96601 -0.25747 -0.02008 -0.96608 -0.2577 -0.01371 -0.96613 -0.25803 -0.0136 -0.96604 -0.25712 -0.01413 -0.96627 -0.25578 -0.01675 -0.96659 -0.25578 -0.01675 -0.96659 -0.25677 -0.01952 -0.96628 -0.2582 0.01212 -0.96601 -0.25794 0.01236 -0.96608 -0.25741 0.01871 -0.96612 -0.25771 0.01886 -0.96604 -0.25687 0.0182 -0.96628 -0.25586 0.01544 -0.96659 -0.25586 0.01544 -0.96659 -0.25719 0.01281 -0.96627 -0.25466 0.04439 -0.96601 -0.25436 0.04459 -0.96608 -0.25301 0.0508 -0.96613 -0.25331 0.051 -0.96604 -0.25256 0.05025 -0.96628 -0.25191 0.04738 -0.96659 -0.25191 0.04738 -0.96659 -0.25356 0.04495 -0.96628 -0.24707 0.07596 -0.96602 -0.24677 0.07612 -0.96608 -0.24463 0.0821 -0.96613 -0.24493 0.08237 -0.96603 -0.24427 0.08151 -0.96628 -0.24399 0.07858 -0.96659 -0.24399 0.07858 -0.96659 -0.24593 0.07637 -0.96627 -0.23564 0.10631 -0.96601 -0.23528 0.10645 -0.96608 -0.23244 0.11214 -0.96612 -0.23267 0.1124 -0.96604 -0.23213 0.11149 -0.96627 -0.23221 0.10854 -0.96659 -0.23221 0.10854 -0.96659 -0.23442 0.10659 -0.96628 -0.22043 0.13501 -0.96601 -0.22008 0.13509 -0.96608 -0.21655 0.14038 -0.96613 -0.21674 0.14067 -0.96604 -0.21633 0.1397 -0.96628 -0.21678 0.13679 -0.96659 -0.21678 0.13679 -0.96659 -0.21921 0.13513 -0.96627 -0.20177 0.16158 -0.96601 -0.20141 0.16161 -0.96608 -0.19724 0.1664 -0.96613 -0.1974 0.16671 -0.96604 -0.19711 0.16571 -0.96628 -0.19792 0.16288 -0.96659 -0.19792 0.16288 -0.96659 -0.20054 0.16154 -0.96628 -0.17993 0.18559 -0.96601 -0.17957 0.18558 -0.96608 -0.17482 0.1898 -0.96613 -0.17495 0.19015 -0.96604 -0.17479 0.18911 -0.96627 -0.17595 0.1864 -0.96659 -0.17595 0.1864 -0.96659 -0.17872 0.1854 -0.96628 -0.15524 0.20668 -0.96601 -0.15489 0.20663 -0.96608 -0.14967 0.21027 -0.96612 -0.14974 0.21057 -0.96604 -0.14971 0.20952 -0.96627 -0.1512 0.20698 -0.96659 -0.1512 0.20698 -0.96659 -0.15407 0.20634 -0.96628 -0.12812 0.22451 -0.96601 -0.12778 0.22441 -0.96608 -0.12213 0.22733 -0.96613 -0.12216 0.22767 -0.96605 -0.12226 0.22664 -0.96627 -0.12407 0.2243 -0.96659 -0.12407 0.2243 -0.96659 -0.12699 0.22402 -0.96628 -0.09896 0.23879 -0.96602 -0.09866 0.23867 -0.96608 -0.09268 0.24086 -0.96612 -0.09267 0.24118 -0.96605 -0.0929 0.24017 -0.96627 -0.09497 0.23808 -0.96659 -0.09497 0.23808 -0.96659 -0.09792 0.23817 -0.96627 -0.06825 0.24931 -0.96601 -0.06796 0.24914 -0.96608 -0.06176 0.25057 -0.96613 -0.06171 0.25089 -0.96605 -0.06206 0.24993 -0.96627 -0.06439 0.24811 -0.96659 -0.06439 0.24811 -0.96659 -0.06729 0.24856 -0.96627 -0.03648 0.25591 -0.96601 -0.0362 0.2557 -0.96608 -0.02986 0.25635 -0.96612 -0.02976 0.25669 -0.96604 -0.03025 0.25573 -0.96628 -0.03278 0.25422 -0.96659 -0.03278 0.25422 -0.96659 -0.03561 0.25504 -0.96628 -0.00413 0.25847 -0.96601 -0.00386 0.25821 -0.96608 0.00249 0.25805 -0.96613 0.00264 0.25838 -0.96604 0.00204 0.2575 -0.96628 -0.00066 0.25633 -0.96659 -0.00336 0.25749 -0.96628 0.0283 0.25696 -0.96601 0.02852 0.25668 -0.96608 0.03483 0.25572 -0.96612 0.035 0.25601 -0.96604 0.03429 0.25522 -0.96628 0.03147 0.25439 -0.96659 0.03147 0.25439 -0.96659 0.02893 0.25588 -0.96628 0.0603 0.25134 -0.96602 0.06047 0.25105 -0.96608 0.06661 0.24934 -0.96612 0.0668 0.2496 -0.96604 0.06601 0.24891 -0.96627 0.06311 0.24844 -0.96659 0.06311 0.24844 -0.96659 0.06077 0.25024 -0.96627 0.09371 0.23848 -0.96661 0.0937 0.23903 -0.96648 0.09374 0.23877 -0.96654 0.09374 0.23859 -0.96659 0.09133 0.24179 -0.96602 0.09146 0.2415 -0.96608 0.09166 0.24065 -0.96627 0.09375 0.23857 -0.96659 0.09503 0.23555 -0.96721 0.09442 0.23707 -0.96689 0.0939 0.23844 -0.96661 0.12091 0.22845 -0.96602 0.12101 0.22812 -0.96608 0.1211 0.22727 -0.96627 0.12291 0.22494 -0.96659 0.12382 0.22173 -0.96722 0.12341 0.22326 -0.96691 0.1231 0.22457 -0.96665 0.12294 0.2253 -0.9665 0.12288 0.22558 -0.96644 0.12299 0.22508 -0.96655 0.1486 0.2115 -0.96602 0.14865 0.21118 -0.96608 0.14863 0.21029 -0.96627 0.15013 0.20776 -0.96659 0.15058 0.20476 -0.96716 0.15035 0.20666 -0.96679 0.15024 0.20781 -0.96656 0.1502 0.20819 -0.96649 0.15023 0.2079 -0.96655 0.1751 0.18743 -0.96655 0.17511 0.1876 -0.96651 0.17392 0.19124 -0.96601 0.17394 0.19086 -0.96608 0.17381 0.19001 -0.96627 0.17499 0.18731 -0.96659 0.17506 0.18412 -0.96719 0.17506 0.18581 -0.96687 0.17509 0.18694 -0.96664 0.19721 0.164 -0.96655 0.19721 0.164 -0.96655 0.19652 0.1679 -0.96602 0.19649 0.16755 -0.96608 0.19626 0.16672 -0.96628 0.19708 0.1639 -0.96659 0.19674 0.16057 -0.96722 0.19692 0.16204 -0.96694 0.19708 0.16318 -0.96671 0.21851 0.13626 -0.96627 0.21602 0.14197 -0.96601 0.21595 0.14162 -0.96608 0.21607 0.1379 -0.96659 0.21607 0.1379 -0.96659 0.2156 0.14081 -0.96628 0.21911 0.13613 -0.96616 0.21944 0.13622 -0.96607 0.2195 0.13622 -0.96606 0.2318 0.10981 -0.96655 0.23211 0.11378 -0.96601 0.232 0.11345 -0.96608 0.23155 0.11268 -0.96627 0.23165 0.10974 -0.96659 0.23057 0.1068 -0.96718 0.23127 0.10857 -0.96681 0.23181 0.10984 -0.96654 0.24553 0.07763 -0.96627 0.24454 0.08381 -0.96601 0.24437 0.08346 -0.96608 0.24358 0.07984 -0.96659 0.24358 0.07984 -0.96659 0.24385 0.08277 -0.96627 0.2467 0.07729 -0.966 0.24595 0.07748 -0.96618 0.24651 0.07729 -0.96605 0.24671 0.07724 -0.96601 0.24653 0.0773 -0.96605 0.25312 0.05248 -0.96601 0.25291 0.05218 -0.96608 0.2523 0.05155 -0.96628 0.25166 0.04868 -0.96659 0.25419 0.04584 -0.96607 0.25421 0.04583 -0.96606 0.25424 0.04582 -0.96606 0.25166 0.04868 -0.96659 0.25355 0.04592 -0.96623 0.25329 0.0463 -0.96628 0.25446 0.04573 -0.966 0.2577 0.02034 -0.96601 0.25747 0.02008 -0.96608 0.25677 0.01952 -0.96628 0.25578 0.01675 -0.96659 0.25578 0.01675 -0.96659 0.25734 0.01371 -0.96622 0.25712 0.01415 -0.96628 0.25764 0.01383 -0.96614 0.25794 0.01364 -0.96606 0.25771 0.01373 -0.96612 -0 -0 -1 0.31361 -0.94955 0 0.16913 -0.98559 0 0.13339 -0.99106 0 0.3851 -0.92287 0 0.72939 -0.6841 0 0.94563 -0.32524 0 0.99243 -0.12277 0 0.99638 0.08498 -0 0.87411 0.48573 -0 0.59839 0.8012 -0 0.37089 0.92868 -0 0.40422 0.91466 -0 0.53556 0.8445 -0 0.19213 -0.98137 0 0.04427 -0.99902 0 0.00812 -0.99997 0 0.2664 -0.96386 0 0.6379 -0.77012 0 0.89741 -0.4412 0 0.96922 -0.24619 0 0.99918 -0.04056 0 0.9281 0.37234 -0 0.69409 0.71989 -0 0.48436 0.87487 -0 0.51567 0.85679 -0 0.63718 0.77072 -0 0.06761 -0.99771 0 -0.08129 -0.99669 0 -0.11727 -0.9931 0 0.1435 -0.98965 0 0.53634 -0.844 0 0.83504 -0.55018 0 0.93072 -0.36573 0 0.98621 -0.16547 0 0.96745 0.25308 -0 0.77884 0.62722 -0 0.59019 0.80727 -0 0.61899 0.7854 -0 0.72875 0.68478 -0 -0.05797 -0.99832 0 -0.20557 -0.97864 0 -0.24081 -0.97057 0 0.01833 -0.99983 0 0.42633 -0.90457 0 0.7595 -0.65051 0 0.87755 -0.47949 0 0.9577 -0.28777 0 0.99154 0.12983 -0 0.85131 0.52466 -0 0.68671 0.72693 -0 0.71254 0.70163 -0 0.80883 0.58804 -0 -0.18263 -0.98318 0 -0.3266 -0.94516 0 -0.36056 -0.93274 0 -0.10713 -0.99424 0 0.3096 -0.95087 0 0.67198 -0.74057 0 0.81053 -0.5857 0 0.91408 -0.40554 0 0.99999 0.00454 -0 0.91036 0.41382 -0 0.7724 0.63513 -0 0.79486 0.60679 -0 0.87615 0.48203 -0 -0.30441 -0.95254 0 -0.44249 -0.89677 0 -0.47462 -0.88019 0 -0.2309 -0.97298 0 0.18799 -0.98217 0 0.57386 -0.81895 0 0.73073 -0.68267 0 0.85605 -0.5169 0 0.99267 -0.12083 0 0.95505 0.29645 -0 0.84592 0.53332 -0 0.86465 0.50238 -0 0.92966 0.36842 -0 -0.4214 -0.90687 0 -0.55139 -0.83425 0 -0.58119 -0.81377 0 -0.35103 -0.93636 0 0.06341 -0.99799 0 0.46669 -0.88442 0 0.6394 -0.76887 0 0.78451 -0.62012 0 0.9697 -0.24429 0 0.98467 0.17442 -0 0.90609 0.42309 -0 0.92079 0.39005 -0 0.92079 0.39005 0 0.9685 0.249 0 0.9685 0.249 -0 -0.53174 -0.84691 0 -0.6516 -0.75856 0 -0.6786 -0.73451 0 -0.46561 -0.88499 0 -0.06218 -0.99807 0 0.35216 -0.93594 0 0.538 -0.84294 0 0.7006 -0.71355 0 0.93144 -0.3639 0 0.99877 0.04964 -0 0.95197 0.30619 -0 0.96242 0.27157 -0 0.99207 0.12565 -0 -0.63369 -0.77359 0 -0.74154 -0.67091 0 -0.76531 -0.64366 0 -0.57286 -0.81965 0 -0.18678 -0.9824 0 0.23209 -0.97269 0 0.42811 -0.90373 0 0.60564 -0.79574 0 0.87848 -0.47777 0 0.99711 -0.07593 0 0.98284 0.18446 -0 0.98887 0.14881 -0 0.99985 0.0174 -0 0.99985 0.01741 -0 0.99889 0.04706 -0 0.99889 0.04706 -0 -0.72565 -0.68806 0 -0.81978 -0.57268 0 -0.83995 -0.54267 0 -0.67108 -0.74139 0 -0.30843 -0.95125 0 0.10834 -0.99411 0 0.31147 -0.95026 0 0.50113 -0.86537 0 0.81168 -0.58411 0 0.97973 -0.20031 0 0.99821 0.05982 -0 0.99838 0.05683 -0 0.99215 -0.12502 0 -0.80617 -0.59169 0 -0.88509 -0.46542 0 -0.90134 -0.43312 0 -0.7587 -0.65144 0 -0.42523 -0.90509 0 -0.0171 -0.99985 0 0.18991 -0.9818 0 0.38872 -0.92136 0 0.73207 -0.68123 0 0.9469 -0.32152 0 0.99784 -0.06576 0 0.99481 -0.10179 0 0.96866 -0.24838 0 -0.87397 -0.48598 0 -0.87397 -0.48598 0 -0.93644 -0.35082 0 -0.93645 -0.35081 0 -0.94851 -0.31673 0 -0.83436 -0.55121 0 -0.53531 -0.84466 0 -0.14229 -0.98982 0 0.06537 -0.99786 0 0.27018 -0.96281 0 0.64091 -0.76761 0 0.89914 -0.43766 0 0.98173 -0.1903 0 0.9742 -0.22567 0 0.92989 -0.36783 0 -0.92799 -0.37261 0 -0.92799 -0.37261 -0 -0.97303 -0.23068 -0 -0.97303 -0.23068 0 -0.98073 -0.19536 0 -0.89687 -0.44229 0 -0.63695 -0.77091 0 -0.26522 -0.96419 0 -0.06023 -0.99818 0 0.14739 -0.98908 0 0.53965 -0.84189 0 0.83719 -0.54691 0 0.95013 -0.31184 0 0.93824 -0.34598 0 0.87646 -0.48147 0 -0.96737 -0.25337 0 -0.99427 -0.10691 0 -0.99748 -0.0709 0 -0.94523 -0.3264 0 -0.72855 -0.68499 0 -0.38397 -0.92335 0 -0.18485 -0.98277 0 0.02225 -0.99975 0 0.42988 -0.90288 0 0.76205 -0.64752 0 0.90356 -0.42847 0 0.88748 -0.46085 0 0.8092 -0.58753 0 -0.9915 -0.13013 0 -0.99983 0.01855 -0 -0.9985 0.05468 -0 -1 0.00085 0 -0.30657 -0.95185 0 -0.10322 -0.99466 0 0.31333 -0.94965 0 0.67489 -0.73792 0 0.84273 -0.53833 0 0.82272 -0.56845 0 0.72919 -0.68432 0 -0.99999 -0.00483 0 -0.98962 0.14371 -0 -0.98378 0.17939 -0 -0.99797 0.06362 -0 -0.42345 -0.90592 0 -0.22707 -0.97388 0 0.19184 -0.98143 0 0.57708 -0.81669 0 0.76861 -0.63971 0 0.74499 -0.66708 0 0.63767 -0.77031 0 -0.99271 0.12054 -0 -0.96381 0.2666 -0 -0.95354 0.30128 -0 -0.99201 0.12615 -0 -0.53365 -0.8457 0 -0.34734 -0.93774 0 0.06732 -0.99773 0 0.47016 -0.88258 0 0.68238 -0.731 0 0.6555 -0.75519 0 0.5361 -0.84416 0 -0.96977 0.24401 -0 -0.92279 0.3853 -0 -0.90826 0.41841 -0 -0.98213 0.18819 -0 -0.63543 -0.77215 0 -0.46213 -0.88681 0 -0.05826 -0.9983 0 0.35585 -0.93454 0 0.58538 -0.81076 0 0.55568 -0.83139 0 0.42607 -0.90469 0 -0.93155 0.36363 -0 -0.86722 0.49792 -0 -0.84865 0.52895 -0 -0.96838 0.24949 -0 -0.7272 -0.68643 0 -0.56963 -0.8219 0 -0.18292 -0.98313 0 0.23591 -0.97177 0 0.47915 -0.87773 0 0.44711 -0.89448 0 0.30932 -0.95096 0 -0.87862 0.47751 -0 -0.79798 0.60269 -0 -0.77567 0.63114 -0 -0.88986 0.45624 -0 -0.98782 0.15557 -0 -0.80751 -0.58986 0 -0.66815 -0.74402 0 -0.3047 -0.95245 0 0.11225 -0.99368 0 0.36536 -0.93087 0 0.33147 -0.94347 0 0.18769 -0.98223 0 -0.81185 0.58387 -0 -0.71615 0.69795 -0 -0.69045 0.72338 -0 -0.84297 0.53796 -0 -0.98245 0.18652 -0 -0.87506 -0.48401 0 -0.75614 -0.65442 0 -0.42167 -0.90675 0 -0.01318 -0.99991 0 0.24581 -0.96932 0 0.21061 -0.97757 0 0.06311 -0.99801 0 -0.73227 0.68102 -0 -0.62303 0.7822 -0 -0.59434 0.80421 -0 -0.7886 0.6149 -0 -0.97611 0.21729 -0 -0.92882 -0.37052 0 -0.8322 -0.55448 0 -0.53199 -0.84675 0 -0.1384 -0.99038 0 0.12238 -0.99248 0 0.08643 -0.99626 0 -0.06247 -0.99805 0 -0.64114 0.76742 -0 -0.52007 0.85412 -0 -0.48886 0.87236 -0 -0.72724 0.68639 -0 -0.9688 0.24784 -0 -0.96794 -0.25118 0 -0.89512 -0.44582 0 -0.63392 -0.7734 0 -0.26143 -0.96522 0 -0.00297 -1 0 -0.03912 -0.99923 0 -0.18707 -0.98235 0 -0.5399 0.84173 -0 -0.40893 0.91257 -0 -0.37567 0.92676 -0 -0.58528 0.81083 -0 -0.84388 0.53653 -0 -0.98256 0.18596 -0 -0.99179 -0.12789 0 -0.94394 -0.33011 0 -0.72585 -0.68785 0 -0.38034 -0.92485 0 -0.12828 -0.99174 0 -0.16405 -0.98645 0 -0.30871 -0.95116 0 -0.43015 0.90276 -0 -0.29133 0.95662 -0 -0.25655 0.96653 -0 -0.49732 0.86757 -0 -0.80853 0.58845 -0 -0.97845 0.2065 -0 -1 -0.00259 0 -0.25157 -0.96784 0 -0.28639 -0.95811 0 -0.2864 -0.95811 -0 -0.42549 -0.90496 -0 -0.42549 -0.90496 0 -0.31361 0.94955 -0 -0.16913 0.98559 -0 -0.13339 0.99106 -0 -0.3851 0.92287 -0 -0.72939 0.6841 -0 -0.94563 0.32524 -0 -0.99243 0.12277 -0 -0.9981 0.06167 -0 -0.37089 -0.92868 0 -0.40422 -0.91466 0 -0.53556 -0.8445 0 -0.19213 0.98137 -0 -0.04427 0.99902 -0 -0.00812 0.99997 -0 -0.2664 0.96386 -0 -0.6379 0.77012 -0 -0.89741 0.4412 -0 -0.96922 0.24619 -0 -0.99226 0.1242 -0 -0.48436 -0.87487 0 -0.51567 -0.85679 0 -0.63718 -0.77072 0 -0.06761 0.99771 -0 0.08129 0.99669 -0 0.11727 0.9931 -0 -0.1435 0.98965 -0 -0.53634 0.844 -0 -0.83504 0.55018 -0 -0.93072 0.36573 -0 -0.9825 0.18627 -0 -0.59019 -0.80727 0 -0.61899 -0.7854 0 -0.72875 -0.68478 0 0.05797 0.99832 -0 0.20557 0.97864 -0 0.24081 0.97057 -0 -0.01833 0.99983 -0 -0.42633 0.90457 -0 -0.7595 0.65051 -0 -0.87755 0.47949 -0 -0.96887 0.24758 -0 -0.68671 -0.72693 0 -0.71254 -0.70163 0 -0.80883 -0.58804 0 0.18263 0.98318 -0 0.3266 0.94516 -0 0.36056 0.93274 -0 0.10713 0.99424 -0 -0.3096 0.95087 -0 -0.67198 0.74057 -0 -0.81053 0.58569 -0 -0.89119 0.45362 -0 -0.98798 0.1546 -0 -0.7724 -0.63513 0 -0.79486 -0.60679 0 -0.87615 -0.48203 0 0.30441 0.95254 -0 0.44249 0.89677 -0 0.47462 0.88019 -0 0.2309 0.97298 -0 -0.18799 0.98217 -0 -0.57386 0.81895 -0 -0.73073 0.68267 -0 -0.84455 0.53547 -0 -0.98263 0.18556 -0 -0.84592 -0.53332 0 -0.86465 -0.50238 0 -0.92966 -0.36842 0 0.4214 0.90687 -0 0.55139 0.83425 -0 0.58119 0.81377 -0 0.35103 0.93636 -0 -0.06341 0.99799 -0 -0.46669 0.88442 -0 -0.6394 0.76887 -0 -0.79041 0.61258 -0 -0.97632 0.21633 -0 -0.90609 -0.42309 0 -0.92079 -0.39005 0 -0.9685 -0.249 0 0.53174 0.84691 -0 0.6516 0.75856 -0 0.6786 0.73451 -0 0.46561 0.88499 -0 0.06218 0.99807 -0 -0.35216 0.93594 -0 -0.538 0.84294 -0 -0.72925 0.68424 -0 -0.96904 0.24689 -0 -0.95197 -0.30619 0 -0.96242 -0.27157 0 -0.96242 -0.27157 -0 -0.99207 -0.12565 -0 -0.99207 -0.12565 0 0.63369 0.77359 -0 0.74154 0.67091 -0 0.76531 0.64366 -0 0.57286 0.81965 -0 0.18678 0.9824 -0 -0.23209 0.97269 -0 -0.42811 0.90373 -0 -0.58793 0.80891 -0 -0.84494 0.53487 -0 -0.98268 0.18532 -0 -0.98284 -0.18446 0 -0.98887 -0.14881 0 -1 -0.00032 0 0.72565 0.68806 -0 0.81978 0.57268 -0 0.83995 0.54267 -0 0.67108 0.74139 -0 0.30843 0.95125 -0 -0.10834 0.99411 -0 -0.31147 0.95026 -0 -0.50015 0.86594 -0 -0.80968 0.58687 -0 -0.97858 0.20586 -0 -0.99821 -0.05982 0 -0.99972 -0.0237 0 -0.99215 0.12502 -0 0.80617 0.59169 -0 0.88509 0.46542 -0 0.90134 0.43312 -0 0.7587 0.65144 -0 0.42523 0.90509 -0 0.0171 0.99985 -0 -0.18991 0.9818 -0 -0.38872 0.92135 -0 -0.73207 0.68123 -0 -0.9469 0.32152 -0 -0.99784 0.06576 -0 -0.99481 0.10179 -0 -0.96866 0.24838 -0 0.87397 0.48598 -0 0.87397 0.48598 0 0.93644 0.35082 0 0.93645 0.35081 -0 0.94851 0.31673 -0 0.83436 0.55121 -0 0.53531 0.84466 -0 0.14229 0.98982 -0 -0.06537 0.99786 -0 -0.27018 0.96281 -0 -0.64091 0.76761 -0 -0.89914 0.43766 -0 -0.98173 0.1903 -0 -0.9742 0.22567 -0 -0.92989 0.36783 -0 0.92799 0.37261 -0 0.97303 0.23068 -0 0.98073 0.19536 -0 0.89687 0.44229 -0 0.63695 0.77091 -0 0.26522 0.96419 -0 0.06023 0.99818 -0 -0.14739 0.98908 -0 -0.53965 0.84189 -0 -0.83719 0.54691 -0 -0.95013 0.31184 -0 -0.93824 0.34598 -0 -0.93824 0.34599 -0 -0.87646 0.48147 -0 -0.87646 0.48147 -0 0.96737 0.25337 -0 0.99427 0.10691 -0 0.99748 0.0709 -0 0.94523 0.3264 -0 0.72855 0.68499 -0 0.38397 0.92335 -0 0.18485 0.98277 -0 -0.02226 0.99975 -0 -0.42988 0.90289 -0 -0.76205 0.64752 -0 -0.90356 0.42847 -0 -0.88748 0.46085 -0 -0.8092 0.58753 -0 0.9915 0.13013 -0 0.99936 0.03573 -0 0.9985 -0.05468 0 0.97869 0.20535 -0 0.80866 0.58828 -0 0.49667 0.86794 -0 0.30657 0.95185 -0 0.10322 0.99466 -0 -0.31333 0.94965 -0 -0.67488 0.73792 -0 -0.84273 0.53833 -0 -0.82272 0.56845 -0 -0.72919 0.68432 -0 0.99983 0.01852 -0 0.99873 0.05044 -0 0.98962 -0.14371 0 0.98378 -0.1794 0 0.99671 0.08107 -0 0.87601 0.48229 -0 0.60154 0.79885 -0 0.42345 0.90592 -0 0.22707 0.97388 -0 -0.19184 0.98143 -0 -0.57708 0.81669 -0 -0.76861 0.63971 -0 -0.74499 0.66708 -0 -0.63767 0.77031 -0 0.99271 -0.12054 0 0.96381 -0.2666 0 0.95354 -0.30128 0 0.99901 -0.04449 0 0.92955 0.3687 -0 0.69692 0.71715 -0 0.53365 0.8457 -0 0.34734 0.93774 -0 -0.06732 0.99773 -0 -0.47016 0.88258 -0 -0.68238 0.731 -0 -0.6555 0.75519 -0 -0.5361 0.84416 -0 0.96977 -0.24401 0 0.92279 -0.3853 0 0.90826 -0.41842 0 0.98556 -0.16934 0 0.96843 0.24928 -0 0.7813 0.62415 -0 0.63543 0.77215 -0 0.46213 0.88681 -0 0.05826 0.9983 -0 -0.35585 0.93454 -0 -0.58538 0.81076 -0 -0.55568 0.83139 -0 -0.42607 0.90469 -0 0.93155 -0.36363 0 0.86722 -0.49792 0 0.84865 -0.52895 0 0.95656 -0.29153 0 0.99204 0.12594 -0 0.85337 0.5213 -0 0.7272 0.68643 -0 0.56963 0.8219 -0 0.18292 0.98313 -0 -0.23591 0.97177 -0 -0.47915 0.87773 -0 -0.44711 0.89448 -0 -0.30932 0.95096 -0 0.87862 -0.47751 0 0.79798 -0.60269 0 0.77567 -0.63114 0 0.91248 -0.40912 0 1 0.00061 -0 0.91197 0.41025 -0 0.80751 0.58986 -0 0.66815 0.74402 -0 0.3047 0.95245 -0 -0.11225 0.99368 -0 -0.36536 0.93087 -0 -0.33147 0.94347 -0 -0.18769 0.98223 -0 0.81185 -0.58387 0 0.71615 -0.69795 0 0.69045 -0.72338 0 0.85401 -0.52026 0 0.99219 -0.12472 0 0.9562 0.2927 -0 0.87506 0.48401 -0 0.75614 0.65442 -0 0.42167 0.90675 -0 0.01318 0.99991 -0 -0.24581 0.96932 -0 -0.21061 0.97757 -0 -0.06311 0.99801 -0 0.73227 -0.68102 0 0.62303 -0.7822 0 0.59434 -0.80421 0 0.78206 -0.6232 0 0.96873 -0.2481 0 0.98535 0.17056 -0 0.92882 0.37052 -0 0.83219 0.55448 -0 0.53199 0.84675 -0 0.1384 0.99038 -0 -0.12238 0.99248 -0 -0.08643 0.99626 -0 0.06247 0.99805 -0 0.64114 -0.76742 0 0.52007 -0.85412 0 0.48886 -0.87236 0 0.69779 -0.7163 0 0.93 -0.36755 0 0.99895 0.04571 -0 0.96794 0.25118 -0 0.89512 0.44582 -0 0.63392 0.7734 -0 0.26143 0.96522 -0 0.00297 1 -0 0.03912 0.99923 -0 0.18707 0.98235 -0 0.5399 -0.84173 0 0.40892 -0.91257 0 0.37567 -0.92676 0 0.60251 -0.79811 0 0.8766 -0.48122 0 0.99681 -0.07985 0 0.99179 0.12789 -0 0.94394 0.33011 -0 0.72585 0.68785 -0 0.38034 0.92485 -0 0.12828 0.99174 -0 0.16405 0.98645 -0 0.30871 0.95116 -0 0.43015 -0.90276 0 0.29133 -0.95662 0 0.25655 -0.96653 0 0.49773 -0.86733 0 0.80938 -0.58729 0 0.97894 -0.20416 0 0.99999 0.00402 -0 0.99999 0.00402 -0 0.97787 0.2092 -0 0.80634 0.59145 -0 0.49326 0.86988 -0 0.25157 0.96784 -0 0.28639 0.95811 -0 0.42549 0.90496 -0 0.98377 0.17941 -0 0.97165 0.23642 0.00022 0.85969 0.51082 -0.00015 0.82306 0.56795 2E-05 0.62798 0.77823 -3E-05 0.62044 0.78425 -0 0.99819 -0.06022 0 0.96672 -0.25586 0 0.80726 -0.59019 0 0.53702 -0.84357 0 0.82985 0.55799 0 0.97185 0.2356 -0 0.97183 0.2357 -0 0.75923 0.65082 -0 0.63472 0.77274 -0.00085 0.72036 0.69361 -0.00043 0.98277 -0.18485 0 0.92703 -0.37498 0 0.72691 -0.68673 0 0.42706 -0.90422 0 0.87255 0.48853 -0 0.97853 0.20609 0 0.97876 0.20503 -0 0.81709 0.57651 -0 0.7123 0.70188 -0.0007 0.78237 0.62281 -0.00034 0.95185 -0.30656 0 0.87273 -0.48821 0 0.6351 -0.77243 0 0.31037 -0.95062 0 0.9847 0.17423 -0 0.97092 0.23939 0.00024 0.86777 0.49697 -0.00015 0.83274 0.55367 -0 0.90592 -0.42345 0 0.80464 -0.59376 0 0.53329 -0.84593 0 0.18877 -0.98202 0 0.98962 0.14368 -0 0.98963 0.14363 -0 0.91045 0.41363 -0 0.91044 0.41365 -0 0.84571 -0.53365 0 0.7239 -0.68991 0 0.42307 -0.9061 0 0.06419 -0.99794 0 0.99368 0.11221 -0 0.94541 0.32589 -0.0005 0.99364 0.11259 0.0005 0.94539 0.32593 -0 0.77215 -0.63544 0 0.63173 -0.77519 0 0.30619 -0.95197 0 -0.06144 -0.99811 0 0.99674 0.08062 -0 0.97194 0.23523 -0.00026 0.99672 0.08091 0.00026 0.97189 0.23542 -0 0.68642 -0.7272 0 0.52959 -0.84825 0 0.18444 -0.98284 0 -0.18603 -0.98254 0 0.99878 0.04945 -0 0.98976 0.14273 -9E-05 0.99878 0.04944 9E-05 0.98975 0.14279 -0 0.58987 -0.8075 0 0.41907 -0.90795 0 0.05984 -0.99821 0 -0.30768 -0.95149 0 0.99881 0.04869 -0 0.99983 0.01825 1E-05 0.99881 0.04869 -1E-05 0.99983 0.01825 -0 0.48401 -0.87506 0 0.30199 -0.95331 0 -0.06576 -0.99784 0 -0.42456 -0.9054 0 0.96951 -0.24506 0 0.81377 -0.58119 0 0.54638 -0.83753 0 0.37052 -0.92883 0 0.18013 -0.98364 0 -0.1903 -0.98173 0 -0.53467 -0.84506 0 0.93115 -0.36463 0 0.73451 -0.6786 0 0.4371 -0.89941 0 0.25119 -0.96794 0 0.05763 -0.99834 0 -0.30866 -0.95117 0 -0.63551 -0.77209 0 0.87811 -0.47847 0 0.64367 -0.7653 0 0.32092 -0.94711 0 0.12789 -0.99179 0 -0.07019 -0.99753 0 -0.42848 -0.90355 0 -0.72799 -0.68559 0 0.81121 -0.58476 0 0.54269 -0.83993 0 0.19968 -0.97986 0 0.00258 -1 0 -0.19241 -0.98131 0 -0.53552 -0.84452 0 -0.80754 -0.58982 0 0.73151 -0.68183 0 0.43313 -0.90133 0 0.07533 -0.99716 0 -0.12278 -0.99243 0 -0.31391 -0.94945 0 -0.63713 -0.77075 0 -0.87509 -0.48396 0 0.64034 -0.76809 0 0.31675 -0.94851 0 -0.05027 -0.99874 0 -0.2462 -0.96922 0 -0.43246 -0.90165 0 -0.731 -0.68238 0 -0.92926 -0.36943 0 0.53902 -0.8423 0 0.19536 -0.98073 0 -0.17506 -0.98456 0 -0.36573 -0.93072 0 -0.54207 -0.84033 0 -0.81076 -0.58537 0 -0.96823 -0.25006 0 0.42921 -0.9032 0 0.0709 -0.99748 0 -0.29707 -0.95486 0 -0.4795 -0.87754 0 -0.64309 -0.76579 0 -0.87774 -0.47913 0 -0.99194 -0.12673 0 0.31258 -0.94989 0 -0.0547 -0.9985 0 -0.41439 -0.9101 0 -0.5857 -0.81053 0 -0.73399 -0.67916 0 -0.93087 -0.36535 0 -1 -0.00139 0 0.19109 -0.98157 0 -0.17938 -0.98378 0 -0.52522 -0.85097 0 -0.68267 -0.73073 0 -0.81333 -0.5818 0 -0.96932 -0.2458 0 -0.99229 0.12395 -0 0.06658 -0.99778 0 -0.30129 -0.95353 0 -0.62773 -0.77843 0 -0.76887 -0.63941 0 -0.87984 -0.47528 0 -0.99248 -0.12238 0 -0.96894 0.2473 -0 -0.05905 -0.99826 0 -0.41839 -0.90827 0 -0.72033 -0.69363 0 -0.84294 -0.538 0 -0.93247 -0.36126 0 -1 0.00301 0 -0.93029 0.36682 -0 -0.18371 -0.98298 0 -0.52892 -0.84867 0 -0.80157 -0.5979 0 -0.90373 -0.42811 0 -0.97039 -0.24154 0 -0.99173 0.12833 -0 -0.877 0.4805 -0 -0.30547 -0.9522 0 -0.63111 -0.77569 0 -0.8702 -0.4927 0 -0.95026 -0.31146 0 -0.99301 -0.11801 0 -0.96784 0.25158 -0 -0.80983 0.58666 -0 -0.4224 -0.90641 0 -0.72337 -0.69047 0 -0.92509 -0.37975 0 -0.9818 -0.18991 0 -0.99997 0.00738 0 -0.92867 0.3709 -0 -0.72994 0.68351 -0 -0.53267 -0.84632 0 -0.80421 -0.59434 0 -0.96538 -0.26083 0 -0.99786 -0.06536 0 -0.99116 0.13265 -0 -0.87486 0.48437 -0 -0.6385 0.76962 -0 -0.63453 -0.7729 0 -0.87236 -0.48887 0 -0.99047 -0.13776 0 -0.99819 0.06022 -0 -0.96672 0.25586 -0 -0.80726 0.59019 -0 -0.53702 0.84357 -0 -0.72641 -0.68726 0 -0.92675 -0.37568 0 -0.99992 -0.01253 0 -0.98277 0.18485 -0 -0.92703 0.37498 -0 -0.72691 0.68673 -0 -0.42706 0.90422 -0 -0.8068 -0.59082 0 -0.96653 -0.25656 0 -0.99361 0.11289 -0 -0.95185 0.30656 -0 -0.87273 0.48821 -0 -0.6351 0.77243 -0 -0.31038 0.95061 -0 -0.87451 -0.48501 0 -0.99106 -0.13344 0 -0.97162 0.23654 -0 -0.90592 0.42345 -0 -0.80464 0.59376 -0 -0.53329 0.84593 -0 -0.18877 0.98202 -0 -0.92839 -0.37161 0 -0.99997 -0.00816 0 -0.93431 0.35645 -0 -0.84571 0.53365 -0 -0.7239 0.68991 -0 -0.42307 0.9061 -0 -0.06419 0.99794 -0 -0.96765 -0.25229 0 -0.9931 0.11726 -0 -0.88227 0.47074 -0 -0.77215 0.63544 -0 -0.63173 0.77519 -0 -0.30619 0.95197 -0 0.06144 0.99811 -0 -0.99164 -0.12906 0 -0.97057 0.2408 -0 -0.81632 0.5776 -0 -0.68642 0.7272 -0 -0.52959 0.84825 -0 -0.18444 0.98284 -0 0.18603 0.98254 -0 -0.99999 -0.00376 0 -0.93274 0.36055 -0 -0.73748 0.67536 -0 -0.58987 0.8075 -0 -0.41907 0.90795 -0 -0.05984 0.99821 -0 0.30768 0.95149 -0 -0.99258 0.12161 -0 -0.8802 0.47461 -0 -0.64703 0.76247 -0 -0.48401 0.87506 -0 -0.30199 0.95331 -0 0.06576 0.99784 -0 0.42456 0.9054 -0 -0.96951 0.24506 -0 -0.81377 0.58119 -0 -0.5464 0.83753 -0 -0.37052 0.92883 -0 -0.18013 0.98364 -0 0.1903 0.98173 -0 0.53467 0.84506 -0 -0.93115 0.36463 -0 -0.73451 0.67859 -0 -0.4371 0.89941 -0 -0.25119 0.96794 -0 -0.05542 0.99846 -0 0.31186 0.95013 -0 0.63637 0.77138 -0 -0.87811 0.47847 -0 -0.64367 0.7653 -0 -0.32092 0.94711 -0 -0.12789 0.99179 -0 0.07019 0.99753 -0 0.42848 0.90355 -0 0.72799 0.68559 -0 -0.81121 0.58476 -0 -0.54269 0.83993 -0 -0.19968 0.97986 -0 0.19463 0.98088 -0 0.53835 0.84272 -0 0.80818 0.58893 -0 -0.73151 0.68183 -0 -0.43313 0.90133 -0 -0.07533 0.99716 -0 0.12278 0.99243 -0 0.31604 0.94875 -0 0.63972 0.76861 -0 0.87563 0.48299 -0 -0.64034 0.76809 -0 -0.31675 0.94851 -0 0.05027 0.99874 -0 0.2462 0.96922 -0 0.43246 0.90165 -0 0.731 0.68238 -0 0.92926 0.36943 -0 -0.53902 0.8423 -0 -0.19536 0.98073 -0 0.17506 0.98456 -0 0.36573 0.93072 -0 0.54207 0.84033 -0 0.81076 0.58537 -0 0.96823 0.25006 -0 -0.42921 0.9032 -0 -0.0709 0.99748 -0 0.29707 0.95485 -0 0.4795 0.87754 -0 0.9841 0.17764 -0 0.86252 0.50602 -0 0.63516 0.77238 -0 -0.31258 0.94989 -0 0.0547 0.9985 -0 0.41439 0.9101 -0 0.5857 0.81053 -0 0.97248 0.23299 -0 0.96917 0.24639 7E-05 0.76463 0.64447 -6E-05 0.75567 0.65495 -0 -0.19109 0.98157 -0 0.17938 0.98378 -0 0.52522 0.85097 -0 0.68267 0.73073 -0 0.97932 0.2023 -0 0.82188 0.56966 -0 -0.06658 0.99778 -0 0.30129 0.95353 -0 0.62773 0.77843 -0 0.76887 0.63941 -0 0.98519 0.17145 -0 0.87183 0.48981 -0 0.05905 0.99826 -0 0.41839 0.90827 -0 0.72033 0.69363 -0 0.84294 0.538 -0 0.99009 0.1404 -0 0.91406 0.40557 -0 0.18371 0.98298 -0 0.52892 0.84867 -0 0.80157 0.5979 -0 0.90373 0.42811 -0 0.97668 0.21471 -0 0.30547 0.9522 -0 0.63111 0.77569 -0 0.8702 0.4927 -0 0.95026 0.31146 -0 0.99698 0.07768 -0 0.97393 0.22685 -0.00024 0.99696 0.07793 0.00024 0.97388 0.22706 -0 0.4224 0.90641 -0 0.72337 0.69047 -0 0.92509 0.37975 -0 0.9818 0.18991 -0 0.99891 0.04664 -0 0.99094 0.13431 -8E-05 0.99891 0.04675 8E-05 0.99093 0.13438 -0 0.53267 0.84632 -0 0.80421 0.59434 -0 0.96538 0.26083 -0 0.99786 0.06536 -0 0.99989 0.01508 -0 0.99917 0.0408 -1E-05 0.99989 0.01508 1E-05 0.99917 0.0408 -0 0.25811 0.01347 0.96602 0.2579 0.01367 0.96608 0.25711 0.01416 0.96628 0.25734 0.02005 0.96611 0.25736 0.01368 0.96622 0.25731 0.01377 0.96623 0.25578 0.01675 0.96659 0.25578 0.01675 0.96659 0.25677 0.01953 0.96627 0.2576 0.02018 0.96604 0.25429 0.0458 0.96604 0.25325 0.04637 0.96629 0.25277 0.05212 0.96612 0.25356 0.04591 0.96623 0.25359 0.04587 0.96622 0.25166 0.04868 0.96659 0.25166 0.04868 0.96659 0.2523 0.05156 0.96627 0.25303 0.0523 0.96604 0.24423 0.08338 0.96613 0.2466 0.07727 0.96603 0.24643 0.07735 0.96607 0.24546 0.07772 0.96629 0.24581 0.07732 0.96623 0.24358 0.07984 0.96659 0.24358 0.07984 0.96659 0.24385 0.08278 0.96627 0.24448 0.08361 0.96604 0.2318 0.10981 0.96655 0.2317 0.10958 0.9666 0.23188 0.11336 0.96612 0.23208 0.11359 0.96604 0.23155 0.11268 0.96627 0.23165 0.10974 0.96659 0.23084 0.10754 0.96703 0.23462 0.10762 0.96611 0.21955 0.13622 0.96604 0.21918 0.13618 0.96614 0.21932 0.13621 0.9661 0.21584 0.14152 0.96612 0.21601 0.14178 0.96604 0.2156 0.14081 0.96627 0.21607 0.1379 0.96659 0.21607 0.1379 0.96659 0.21851 0.13625 0.96627 0.19721 0.164 0.96655 0.1972 0.16397 0.96655 0.19708 0.16315 0.96672 0.1964 0.16744 0.96612 0.19653 0.16771 0.96605 0.19625 0.16673 0.96627 0.19708 0.1639 0.96659 0.19683 0.16138 0.96706 0.20043 0.16258 0.96613 0.1751 0.18743 0.96655 0.1751 0.18751 0.96653 0.17509 0.18697 0.96664 0.17385 0.19073 0.96613 0.17396 0.19104 0.96604 0.17381 0.19001 0.96627 0.17499 0.18731 0.96659 0.17504 0.18505 0.96701 0.17851 0.18643 0.96612 0.15023 0.2079 0.96655 0.15021 0.20815 0.96649 0.15024 0.2078 0.96657 0.14859 0.21107 0.96611 0.14865 0.21133 0.96604 0.14863 0.2103 0.96627 0.15013 0.20776 0.96659 0.15043 0.20579 0.96696 0.15376 0.20736 0.96611 0.12299 0.22508 0.96655 0.12291 0.22547 0.96647 0.12292 0.22541 0.96648 0.1231 0.22458 0.96665 0.12096 0.22799 0.96612 0.12099 0.22828 0.96605 0.12109 0.22727 0.96627 0.12291 0.22494 0.96659 0.12358 0.22255 0.96706 0.1265 0.22493 0.96613 0.09371 0.23848 0.96661 0.09374 0.23859 0.96659 0.09374 0.23877 0.96654 0.0937 0.23903 0.96648 0.09391 0.23844 0.96661 0.09144 0.24137 0.96612 0.09143 0.24164 0.96605 0.09166 0.24065 0.96627 0.09375 0.23857 0.96659 0.09468 0.23637 0.96704 0.09737 0.23906 0.96611 0.06694 0.24964 0.96602 0.06669 0.2495 0.96608 0.06046 0.25091 0.96612 0.06041 0.2512 0.96605 0.06077 0.25024 0.96627 0.06311 0.24844 0.96659 0.06311 0.24844 0.96659 0.06602 0.24891 0.96627 0.03513 0.25607 0.96602 0.03489 0.25589 0.96608 0.02853 0.25653 0.96612 0.02844 0.25683 0.96604 0.02893 0.25588 0.96627 0.03147 0.25439 0.96659 0.03147 0.25439 0.96659 0.0343 0.25522 0.96627 0.00278 0.25847 0.96601 0.00254 0.25824 0.96608 -0.00384 0.25806 0.96612 -0.00397 0.25836 0.96604 -0.00337 0.25749 0.96627 -0.00066 0.25633 0.96659 -0.00066 0.25633 0.96659 0.00204 0.2575 0.96627 -0.02964 0.25679 0.96601 -0.02984 0.25654 0.96607 -0.03616 0.25556 0.96612 -0.03631 0.25582 0.96604 -0.03561 0.25504 0.96627 -0.03278 0.25422 0.96659 -0.03278 0.25422 0.96659 -0.03025 0.25573 0.96627 -0.06161 0.251 0.96603 -0.06176 0.25074 0.96608 -0.06791 0.24902 0.96611 -0.06808 0.24925 0.96604 -0.0673 0.24857 0.96627 -0.06439 0.24811 0.96659 -0.06439 0.24811 0.96659 -0.06206 0.24993 0.96627 -0.09259 0.24129 0.96603 -0.0927 0.24103 0.96608 -0.0986 0.23856 0.96611 -0.09879 0.23875 0.96604 -0.09792 0.23817 0.96627 -0.09497 0.23808 0.96659 -0.09497 0.23808 0.96659 -0.09289 0.24018 0.96627 -0.12209 0.22779 0.96602 -0.12218 0.22751 0.96608 -0.12769 0.2243 0.96612 -0.12793 0.22449 0.96604 -0.127 0.22402 0.96627 -0.12407 0.2243 0.96659 -0.12407 0.2243 0.96659 -0.12226 0.22664 0.96627 -0.14969 0.2107 0.96602 -0.14973 0.21042 0.96608 -0.15478 0.20652 0.96612 -0.15505 0.20668 0.96604 -0.15407 0.20634 0.96627 -0.1512 0.20698 0.96659 -0.1512 0.20698 0.96659 -0.14971 0.20953 0.96627 -0.17491 0.19031 0.96602 -0.17492 0.18997 0.96608 -0.17945 0.18549 0.96612 -0.17974 0.18562 0.96604 -0.17872 0.1854 0.96627 -0.17595 0.1864 0.96659 -0.17595 0.1864 0.96659 -0.17479 0.18911 0.96627 -0.19738 0.16686 0.96602 -0.19735 0.16655 0.96608 -0.20128 0.16154 0.96612 -0.20158 0.16163 0.96604 -0.20055 0.16154 0.96627 -0.19792 0.16288 0.96659 -0.19792 0.16288 0.96659 -0.19711 0.16571 0.96627 -0.21674 0.14083 0.96602 -0.21668 0.14052 0.96608 -0.21994 0.13504 0.96612 -0.22025 0.13509 0.96604 -0.21921 0.13513 0.96627 -0.21678 0.13679 0.96659 -0.21678 0.13679 0.96659 -0.21633 0.1397 0.96627 -0.23269 0.11256 0.96602 -0.23258 0.11226 0.96608 -0.23512 0.1064 0.96612 -0.23546 0.10641 0.96604 -0.23442 0.10659 0.96627 -0.23221 0.10854 0.96659 -0.23221 0.10854 0.96659 -0.23213 0.11149 0.96627 -0.24498 0.08254 0.96601 -0.24481 0.08221 0.96608 -0.24663 0.0761 0.96612 -0.24692 0.07607 0.96604 -0.24593 0.07636 0.96627 -0.24399 0.07858 0.96659 -0.24399 0.07858 0.96659 -0.24427 0.08151 0.96627 -0.25337 0.05115 0.96602 -0.25318 0.05088 0.96608 -0.25422 0.04459 0.96612 -0.25452 0.04452 0.96604 -0.25356 0.04494 0.96627 -0.25191 0.04738 0.96659 -0.25191 0.04738 0.96659 -0.25256 0.05026 0.96627 -0.25778 0.01899 0.96602 -0.25758 0.01876 0.96607 -0.2578 0.01237 0.96612 -0.25808 0.01227 0.96604 -0.2572 0.01281 0.96627 -0.25586 0.01544 0.96659 -0.25586 0.01544 0.96659 -0.25687 0.0182 0.96627 -0.25812 -0.01347 0.96602 -0.25788 -0.01368 0.96608 -0.25734 -0.02005 0.96611 -0.2576 -0.02018 0.96604 -0.25677 -0.01953 0.96627 -0.25578 -0.01675 0.96659 -0.25578 -0.01675 0.96659 -0.25713 -0.01413 0.96627 -0.2544 -0.04572 0.96602 -0.25414 -0.04589 0.96608 -0.25277 -0.05212 0.96612 -0.25303 -0.0523 0.96604 -0.2523 -0.05156 0.96627 -0.25166 -0.04868 0.96659 -0.25166 -0.04868 0.96659 -0.25333 -0.04625 0.96627 -0.24665 -0.07724 0.96602 -0.24638 -0.07738 0.96608 -0.24423 -0.08338 0.96613 -0.24448 -0.08361 0.96604 -0.24385 -0.08278 0.96627 -0.24358 -0.07984 0.96659 -0.24358 -0.07984 0.96659 -0.24553 -0.07763 0.96627 -0.23506 -0.10753 0.96601 -0.23474 -0.10765 0.96608 -0.23188 -0.11336 0.96612 -0.23208 -0.11359 0.96604 -0.23155 -0.11268 0.96627 -0.23165 -0.10974 0.96659 -0.23165 -0.10974 0.96659 -0.23387 -0.10779 0.96627 -0.2197 -0.13615 0.96602 -0.21939 -0.13622 0.96608 -0.21584 -0.14152 0.96612 -0.21601 -0.14178 0.96604 -0.2156 -0.14081 0.96627 -0.21607 -0.1379 0.96659 -0.21607 -0.1379 0.96659 -0.21851 -0.13625 0.96627 -0.2009 -0.16262 0.96602 -0.20059 -0.16265 0.96608 -0.1964 -0.16744 0.96612 -0.19653 -0.16771 0.96605 -0.19625 -0.16673 0.96627 -0.19708 -0.1639 0.96659 -0.19708 -0.1639 0.96659 -0.19971 -0.16257 0.96627 -0.17895 -0.18651 0.96602 -0.17862 -0.18651 0.96608 -0.17385 -0.19073 0.96613 -0.17396 -0.19104 0.96604 -0.17381 -0.19001 0.96627 -0.17499 -0.18731 0.96659 -0.17499 -0.18731 0.96659 -0.17776 -0.18632 0.96627 -0.15415 -0.20747 0.96602 -0.15383 -0.20742 0.96608 -0.14859 -0.21107 0.96611 -0.14865 -0.21133 0.96604 -0.14863 -0.2103 0.96627 -0.15013 -0.20776 0.96659 -0.15301 -0.20713 0.96627 -0.12693 -0.22516 0.96602 -0.12663 -0.22507 0.96608 -0.12096 -0.228 0.96612 -0.12099 -0.22828 0.96605 -0.12109 -0.22727 0.96627 -0.12291 -0.22494 0.96659 -0.12291 -0.22494 0.96659 -0.12584 -0.22467 0.96627 -0.0977 -0.23929 0.96602 -0.09744 -0.23918 0.96607 -0.09144 -0.24137 0.96612 -0.09143 -0.24164 0.96605 -0.09166 -0.24065 0.96627 -0.09375 -0.23857 0.96659 -0.09375 -0.23857 0.96659 -0.09669 -0.23867 0.96627 -0.06694 -0.24964 0.96602 -0.06669 -0.2495 0.96608 -0.06046 -0.25091 0.96612 -0.06041 -0.2512 0.96605 -0.06077 -0.25024 0.96627 -0.06311 -0.24844 0.96659 -0.06311 -0.24844 0.96659 -0.06602 -0.24891 0.96627 -0.03512 -0.25606 0.96602 -0.03488 -0.25588 0.96608 -0.02853 -0.25653 0.96612 -0.02844 -0.25683 0.96604 -0.02893 -0.25588 0.96627 -0.03147 -0.25439 0.96659 -0.03147 -0.25439 0.96659 -0.0343 -0.25522 0.96627 -0.00275 -0.25845 0.96602 -0.00253 -0.25822 0.96608 0.00384 -0.25806 0.96612 0.00397 -0.25836 0.96604 0.00337 -0.25749 0.96627 0.00066 -0.25633 0.96659 0.00066 -0.25633 0.96659 -0.00204 -0.2575 0.96627 0.02964 -0.25679 0.96601 0.02984 -0.25654 0.96607 0.03616 -0.25556 0.96612 0.03631 -0.25582 0.96604 0.03561 -0.25504 0.96627 0.03278 -0.25422 0.96659 0.03278 -0.25422 0.96659 0.03025 -0.25573 0.96627 0.06162 -0.25099 0.96603 0.06175 -0.25076 0.96608 0.06791 -0.24902 0.96611 0.06808 -0.24925 0.96604 0.0673 -0.24856 0.96627 0.06439 -0.24811 0.96659 0.06439 -0.24811 0.96659 0.06206 -0.24993 0.96627 0.09494 -0.238 0.96661 0.09493 -0.23855 0.96648 0.09497 -0.23828 0.96654 0.09496 -0.23811 0.96659 0.09259 -0.24129 0.96603 0.0927 -0.24103 0.96608 0.09289 -0.24018 0.96627 0.09497 -0.23808 0.96659 0.09624 -0.23505 0.96721 0.09564 -0.23658 0.96689 0.09513 -0.23795 0.96661 0.12209 -0.22779 0.96602 0.12218 -0.22751 0.96608 0.12226 -0.22664 0.96627 0.12407 -0.2243 0.96659 0.12495 -0.2211 0.96721 0.12457 -0.2226 0.96692 0.12425 -0.22394 0.96665 0.12408 -0.22477 0.96648 0.12407 -0.22483 0.96647 0.12415 -0.22445 0.96655 0.14969 -0.2107 0.96602 0.14973 -0.21042 0.96608 0.14971 -0.20953 0.96627 0.1512 -0.20698 0.96659 0.15164 -0.20398 0.96716 0.15141 -0.2059 0.96679 0.15131 -0.20698 0.96657 0.15127 -0.20742 0.96649 0.1513 -0.20712 0.96655 0.17606 -0.18652 0.96655 0.17607 -0.18665 0.96652 0.17491 -0.19031 0.96602 0.17492 -0.18997 0.96608 0.17479 -0.18911 0.96627 0.17595 -0.1864 0.96659 0.17601 -0.18321 0.96719 0.17602 -0.18492 0.96686 0.17605 -0.18602 0.96665 0.19805 -0.16299 0.96655 0.19804 -0.16293 0.96656 0.19738 -0.16686 0.96602 0.19735 -0.16655 0.96608 0.19711 -0.16571 0.96627 0.19792 -0.16288 0.96659 0.19757 -0.15955 0.96722 0.19775 -0.16103 0.96693 0.19792 -0.16215 0.96671 0.21924 -0.13511 0.96627 0.21674 -0.14083 0.96602 0.21668 -0.14052 0.96608 0.21678 -0.13679 0.96659 0.21678 -0.13679 0.96659 0.21633 -0.1397 0.96627 0.21981 -0.13499 0.96616 0.22019 -0.13509 0.96606 0.22004 -0.13508 0.96609 0.23236 -0.10861 0.96655 0.23269 -0.11256 0.96602 0.23258 -0.11226 0.96608 0.23213 -0.11149 0.96627 0.23221 -0.10854 0.96659 0.23111 -0.1056 0.96718 0.23183 -0.10739 0.96681 0.23237 -0.10862 0.96654 0.24593 -0.07636 0.96627 0.24496 -0.08252 0.96602 0.2448 -0.08221 0.96608 0.24399 -0.07858 0.96659 0.24399 -0.07858 0.96659 0.24427 -0.08152 0.96627 0.247 -0.07605 0.96603 0.2464 -0.0762 0.96617 0.24703 -0.07599 0.96603 0.24701 -0.07599 0.96603 0.24678 -0.07607 0.96608 0.25337 -0.05115 0.96602 0.25318 -0.05088 0.96608 0.25256 -0.05026 0.96627 0.25191 -0.04738 0.96659 0.25435 -0.04457 0.96609 0.25425 -0.0446 0.96611 0.25453 -0.04449 0.96604 0.25191 -0.04738 0.96659 0.25381 -0.04458 0.96623 0.25353 -0.045 0.96628 0.25465 -0.04444 0.96601 0.25778 -0.01899 0.96602 0.25758 -0.01876 0.96607 0.25687 -0.0182 0.96627 0.25586 -0.01544 0.96659 0.25586 -0.01544 0.96659 0.25738 -0.01245 0.96623 0.25719 -0.01282 0.96628 0.25793 -0.01236 0.96608 0.258 -0.01231 0.96607 0.25775 -0.01242 0.96613 0 0 1 -0 0 1 0 0 1 -0 0 1 0 0 1 -0 0 1 -0 0 1 -0 0 1 0 0 1 0 -0 1 -0 0 1 -0 -0 1 -0 -0 1 -0 -0 1 -0 0 1 0 0 1 0 0 1 0 -0 1 -0 -0 1 -0 0 1 0 -0 1 0 0 1 0 0 1 -0 0 1 0 0 1 -0 0 1 -0 0 1 0 -0 1 -0 -0 1 -0 0 1 -0 -0 1 -0 -0 1 -0 -0 1 -0 0 1 -0 0 1 -0 -0 1 -0 -0 1 -0 0 1 0 0 1 -0 -0 1 -0 -0 1 0 0 1 0 -0 1 -0 -0 1 -0 -0 1 -0 -0 1 0 -0 1 -0 0 1 0 -0 1 0 -0 1 0 -0 1 0 -0 1 0 -0 1 -0 0 1 0 -0 1 0 -0 1 0 -0 1 -0 -0 1 -0 -0 1 -0 -0 1 -0 -0 1 0 -0 1 -0 0 1 -0 0 1 0 -0 1 0 0 1 0 0 1 -0 -0 1 0 0 1 0 0 1 0 0 1 -0 0 1 -0 0 1 0 0 1 0 0 1 0 0 1 0 0 1 -0 -0 1 -0 -0 1 -0 -0 1 0 0 1 0 0 1 0 0 1 0 0 1 0 0 1 0 0 1 0 -0 1 -0 -0 1 -0 -0 1 -0 -0 1 -0 -0 1 -0 0 1 0 -0 1 -0 -0 1 -0 -0 1 0 -0 1 0 -0 1 -0 -0 1 -0 -0 1 -0 -0 1 -0 -0 1 -0 0 1 0 0 1 -0 0 1 -0 -0 1 0 0 1 -0 0 1 0 0 1 -0 0 1 -0 0 1 -0 0 1 0 0 1 1 0.00258 -0 -1 -0.00258 0</float_array>
          <technique_common>
            <accessor source="#norm_0-array" count="6828" stride="3">
              <param name="X" type="float"/>
              <param name="Y" type="float"/>
              <param name="Z" type="float"/>
            </accessor>
          </technique_common>
        </source>
        <source id="uvs_0">
          <float_array id="uvs_0-array" count="0"></float_array>
          <technique_common>
            <accessor source="#uvs_0-array" count="0" stride="2">
              <param name="S" type="float"/>
              <param name="T" type="float"/>
            </accessor>
          </technique_common>
        </source>
        <vertices id="vert_0">
          <input semantic="POSITION" source="#pos_0"/>
        </vertices>
        <triangles count="4876" material="mat_0">
          <input semantic="VERTEX" source="#vert_0" offset="0"/>
          <input semantic="NORMAL" source="#norm_0" offset="1"/>
          <p>0 0 1 0 2 0 2 0 1 0 3 0 4 1 5 1 6 1 6 1 5 1 7 1 8 0 9 0 10 0 10 0 9 0 11 0 12 1 13 1 14 1 14 1 13 1 15 1 16 2 17 2 18 2 18 2 17 2 19 2 16 3 18 3 20 3 20 3 18 3 21 3 20 4 21 4 22 4 22 4 21 4 23 4 22 5 23 5 24 5 24 5 23 5 25 5 26 6 27 6 28 6 28 6 27 6 29 6 26 7 28 7 30 7 30 7 28 7 31 7 30 8 31 8 32 8 32 8 31 8 33 8 32 9 33 9 34 9 34 9 33 9 35 9 34 10 35 10 36 10 36 10 35 10 37 10 36 11 37 11 17 11 17 11 37 11 19 11 38 12 39 12 40 12 40 12 39 12 41 12 40 13 41 13 42 13 42 13 41 13 43 13 42 14 43 14 44 14 44 14 43 14 45 14 44 15 45 15 46 15 46 15 45 15 47 15 46 16 47 16 48 16 48 16 47 16 49 16 48 17 49 17 50 17 50 17 49 17 51 17 50 18 51 18 52 18 52 18 51 18 53 18 52 19 53 19 54 19 54 19 53 19 55 19 54 20 55 20 56 20 56 20 55 20 57 20 56 21 57 21 58 21 58 21 57 21 59 21 58 22 59 22 60 22 60 22 59 22 61 22 62 12 63 12 64 12 64 12 63 12 65 12 64 13 65 13 66 13 66 13 65 13 67 13 66 14 67 14 68 14 68 14 67 14 69 14 68 15 69 15 70 15 70 15 69 15 71 15 70 16 71 16 72 16 72 16 71 16 73 16 72 17 73 17 74 17 74 17 73 17 75 17 74 18 75 18 76 18 76 18 75 18 77 18 76 19 77 19 78 19 78 19 77 19 79 19 78 20 79 20 80 20 80 20 79 20 81 20 80 21 81 21 82 21 82 21 81 21 83 21 82 22 83 22 84 22 84 22 83 22 85 22 13 23 8 23 15 23 15 23 8 23 10 23 86 2 9 2 87 2 87 2 9 2 8 2 87 2 8 2 88 2 89 2 83 2 81 2 67 2 65 2 13 2 13 2 65 2 63 2 13 2 63 2 8 2 8 2 63 2 90 2 8 2 90 2 88 2 91 2 92 2 93 2 93 2 92 2 94 2 93 2 94 2 89 2 89 2 94 2 85 2 89 2 85 2 83 2 86 2 95 2 9 2 9 2 95 2 96 2 9 2 96 2 93 2 93 2 96 2 97 2 93 2 97 2 91 2 81 2 79 2 89 2 89 2 79 2 77 2 89 2 77 2 12 2 12 2 77 2 75 2 75 2 73 2 12 2 12 2 73 2 71 2 12 2 71 2 13 2 13 2 71 2 69 2 13 2 69 2 67 2 64 6 15 6 62 6 62 6 15 6 10 6 62 6 10 6 98 6 98 6 10 6 99 6 64 6 66 6 15 6 15 6 66 6 68 6 15 6 68 6 14 6 14 6 68 6 70 6 100 6 84 6 101 6 101 6 84 6 102 6 101 6 102 6 103 6 70 6 72 6 14 6 14 6 72 6 74 6 14 6 74 6 100 6 100 6 74 6 76 6 100 6 76 6 78 6 104 6 11 6 105 6 105 6 11 6 101 6 105 6 101 6 106 6 106 6 101 6 103 6 78 6 80 6 100 6 100 6 80 6 82 6 100 6 82 6 84 6 104 6 107 6 11 6 11 6 107 6 108 6 11 6 108 6 10 6 10 6 108 6 109 6 10 6 109 6 99 6 14 9 100 9 12 9 12 9 100 9 89 9 9 17 93 17 11 17 11 17 93 17 101 17 93 24 89 24 110 24 110 24 89 24 111 24 110 25 111 25 112 25 112 25 111 25 113 25 112 26 113 26 114 26 114 26 113 26 115 26 116 27 117 27 118 27 116 27 118 27 119 27 119 28 118 28 120 28 119 28 120 28 121 28 121 29 120 29 122 29 121 29 122 29 123 29 123 30 122 30 100 30 123 30 100 30 101 30 111 9 89 9 100 9 117 9 115 9 118 9 118 9 115 9 113 9 118 9 113 9 120 9 120 9 113 9 111 9 120 9 111 9 122 9 122 9 111 9 100 9 112 17 114 17 116 17 101 17 93 17 123 17 123 17 93 17 110 17 123 17 110 17 121 17 121 17 110 17 112 17 121 17 112 17 119 17 119 17 112 17 116 17 6 23 3 23 4 23 4 23 3 23 1 23 54 6 56 6 124 6 56 6 58 6 124 6 124 6 58 6 60 6 124 6 60 6 125 6 125 6 60 6 126 6 125 6 126 6 127 6 128 6 129 6 0 6 0 6 129 6 1 6 1 6 129 6 130 6 1 6 130 6 131 6 46 6 5 6 44 6 44 6 5 6 4 6 44 6 4 6 42 6 46 6 48 6 5 6 5 6 48 6 50 6 5 6 50 6 124 6 124 6 50 6 52 6 124 6 52 6 54 6 127 6 132 6 125 6 125 6 132 6 133 6 125 6 133 6 0 6 0 6 133 6 134 6 0 6 134 6 128 6 131 6 135 6 1 6 1 6 135 6 38 6 1 6 38 6 4 6 4 6 38 6 40 6 4 6 40 6 42 6 59 2 57 2 136 2 43 2 41 2 6 2 6 2 41 2 39 2 6 2 39 2 3 2 3 2 39 2 137 2 137 2 138 2 3 2 3 2 138 2 139 2 3 2 139 2 2 2 2 2 139 2 140 2 57 2 55 2 136 2 136 2 55 2 53 2 136 2 53 2 7 2 7 2 53 2 51 2 51 2 49 2 7 2 7 2 49 2 47 2 7 2 47 2 6 2 6 2 47 2 45 2 6 2 45 2 43 2 141 2 142 2 143 2 143 2 142 2 144 2 143 2 144 2 136 2 136 2 144 2 61 2 136 2 61 2 59 2 140 2 145 2 2 2 2 2 145 2 146 2 2 2 146 2 143 2 143 2 146 2 147 2 143 2 147 2 141 2 5 9 124 9 7 9 7 9 124 9 136 9 2 17 143 17 0 17 0 17 143 17 125 17 124 31 125 31 148 31 148 31 125 31 149 31 148 32 149 32 150 32 150 32 149 32 151 32 150 33 151 33 152 33 152 33 151 33 153 33 154 34 155 34 156 34 154 34 156 34 157 34 157 35 156 35 158 35 157 35 158 35 159 35 159 36 158 36 160 36 159 36 160 36 161 36 161 37 160 37 143 37 161 37 143 37 136 37 149 17 125 17 143 17 155 17 153 17 156 17 156 17 153 17 151 17 156 17 151 17 158 17 158 17 151 17 149 17 158 17 149 17 160 17 160 17 149 17 143 17 150 9 152 9 154 9 136 9 124 9 161 9 161 9 124 9 148 9 161 9 148 9 159 9 159 9 148 9 150 9 159 9 150 9 157 9 157 9 150 9 154 9 115 23 25 23 23 23 25 23 115 23 162 23 162 23 115 23 152 23 162 23 152 23 163 23 19 23 114 23 18 23 18 23 114 23 115 23 18 23 115 23 21 23 21 23 115 23 23 23 19 23 37 23 114 23 114 23 37 23 35 23 114 23 35 23 153 23 153 23 35 23 33 23 33 23 31 23 153 23 153 23 31 23 28 23 153 23 28 23 152 23 152 23 28 23 29 23 152 23 29 23 163 23 34 38 116 38 32 38 32 38 116 38 155 38 32 38 155 38 30 38 34 38 36 38 116 38 116 38 36 38 17 38 116 38 17 38 117 38 117 38 17 38 16 38 117 38 16 38 20 38 20 38 22 38 117 38 117 38 22 38 24 38 117 38 24 38 154 38 154 38 24 38 164 38 164 38 165 38 154 38 154 38 165 38 27 38 154 38 27 38 155 38 155 38 27 38 26 38 155 38 26 38 30 38 155 17 116 17 153 17 153 17 116 17 114 17 117 9 154 9 115 9 115 9 154 9 152 9 84 39 85 39 102 39 102 39 85 39 94 39 102 40 94 40 103 40 103 40 94 40 92 40 103 41 92 41 106 41 106 41 92 41 91 41 106 42 91 42 105 42 105 42 91 42 97 42 105 43 97 43 104 43 104 43 97 43 96 43 104 9 96 9 107 9 107 9 96 9 95 9 107 44 95 44 108 44 108 44 95 44 86 44 108 45 86 45 109 45 109 45 86 45 87 45 109 46 87 46 99 46 99 46 87 46 88 46 99 47 88 47 98 47 98 47 88 47 90 47 98 48 90 48 62 48 62 48 90 48 63 48 60 39 61 39 126 39 126 39 61 39 144 39 126 40 144 40 127 40 127 40 144 40 142 40 127 41 142 41 132 41 132 41 142 41 141 41 132 42 141 42 133 42 133 42 141 42 147 42 133 43 147 43 134 43 134 43 147 43 146 43 134 9 146 9 128 9 128 9 146 9 145 9 128 44 145 44 129 44 129 44 145 44 140 44 129 45 140 45 130 45 130 45 140 45 139 45 130 46 139 46 131 46 131 46 139 46 138 46 131 47 138 47 135 47 135 47 138 47 137 47 135 48 137 48 38 48 38 48 137 48 39 48 24 49 25 49 164 49 164 49 25 49 162 49 164 50 162 50 165 50 165 50 162 50 163 50 165 51 163 51 27 51 27 51 163 51 29 51 166 52 167 52 168 52 168 52 167 52 169 52 168 52 169 52 170 52 170 52 169 52 171 52 170 52 171 52 172 52 172 52 171 52 173 52 174 53 175 53 176 53 176 53 175 53 177 53 176 53 177 53 178 53 178 53 177 53 179 53 178 53 179 53 180 53 180 53 179 53 181 53 181 54 179 54 167 54 167 54 179 54 169 54 179 55 177 55 169 55 169 55 177 55 171 55 177 56 175 56 171 56 171 56 175 56 173 56 175 57 174 57 173 57 173 57 174 57 172 57 174 58 176 58 172 58 172 58 176 58 170 58 176 57 178 57 170 57 170 57 178 57 168 57 178 59 180 59 168 59 168 59 180 59 166 59 180 57 181 57 166 57 166 57 181 57 167 57 182 9 183 9 184 9 184 9 183 9 185 9 186 60 187 60 182 60 182 60 187 60 183 60 188 17 189 17 186 17 186 17 189 17 187 17 189 61 188 61 190 61 190 61 188 61 191 61 190 62 191 62 192 62 192 62 191 62 193 62 192 63 193 63 194 63 194 63 193 63 195 63 194 64 195 64 196 64 196 64 195 64 197 64 196 65 197 65 198 65 198 65 197 65 199 65 198 66 199 66 200 66 200 66 199 66 201 66 200 67 201 67 202 67 202 67 201 67 203 67 202 68 203 68 204 68 204 68 203 68 205 68 204 69 205 69 206 69 206 69 205 69 207 69 206 70 207 70 208 70 208 70 207 70 209 70 208 71 209 71 210 71 210 71 209 71 211 71 210 72 211 72 212 72 212 72 211 72 213 72 212 73 213 73 214 73 214 73 213 73 215 73 214 74 215 74 185 74 185 74 215 74 184 74 216 75 217 75 218 75 218 75 217 75 219 75 220 76 221 76 222 76 222 76 221 76 223 76 222 23 219 23 220 23 220 23 219 23 217 23 217 6 183 6 220 6 220 6 183 6 187 6 204 6 206 6 224 6 224 6 206 6 208 6 224 6 208 6 216 6 185 6 183 6 214 6 214 6 183 6 217 6 214 6 217 6 212 6 212 6 217 6 216 6 212 6 216 6 210 6 210 6 216 6 208 6 187 6 189 6 220 6 220 6 189 6 190 6 220 6 190 6 221 6 190 6 192 6 221 6 221 6 192 6 194 6 221 6 194 6 225 6 225 6 194 6 196 6 196 6 198 6 225 6 225 6 198 6 200 6 225 6 200 6 224 6 224 6 200 6 202 6 224 6 202 6 204 6 182 2 219 2 186 2 186 2 219 2 222 2 182 2 184 2 219 2 219 2 184 2 215 2 219 2 215 2 218 2 199 2 197 2 226 2 226 2 197 2 223 2 215 2 213 2 218 2 218 2 213 2 211 2 218 2 211 2 227 2 227 2 211 2 209 2 227 2 209 2 207 2 207 2 205 2 227 2 227 2 205 2 203 2 227 2 203 2 226 2 226 2 203 2 201 2 226 2 201 2 199 2 188 2 186 2 191 2 191 2 186 2 222 2 191 2 222 2 193 2 193 2 222 2 223 2 193 2 223 2 195 2 195 2 223 2 197 2 221 9 225 9 223 9 223 9 225 9 226 9 218 17 227 17 216 17 216 17 227 17 224 17 225 31 224 31 228 31 228 31 224 31 229 31 228 32 229 32 230 32 230 32 229 32 231 32 230 33 231 33 232 33 232 33 231 33 233 33 234 77 235 77 236 77 234 77 236 77 237 77 237 78 236 78 238 78 237 78 238 78 239 78 239 79 238 79 240 79 239 79 240 79 241 79 241 80 240 80 242 80 241 80 242 80 243 80 243 81 242 81 227 81 243 81 227 81 226 81 231 17 229 17 240 17 240 17 229 17 242 17 242 17 229 17 224 17 242 17 224 17 227 17 235 17 233 17 236 17 236 17 233 17 231 17 236 17 231 17 238 17 238 17 231 17 240 17 226 9 225 9 243 9 243 9 225 9 228 9 243 9 228 9 241 9 241 9 228 9 239 9 239 9 228 9 230 9 239 9 230 9 237 9 237 9 230 9 232 9 237 9 232 9 234 9 143 6 136 6 244 6 244 6 136 6 245 6 245 9 136 9 232 9 232 9 136 9 234 9 233 23 244 23 232 23 232 23 244 23 245 23 136 38 143 38 234 38 234 38 143 38 235 38 235 17 143 17 233 17 233 17 143 17 244 17 246 82 247 82 248 82 246 83 248 83 249 83 249 84 248 84 250 84 249 85 250 85 251 85 251 86 250 86 252 86 251 87 252 87 253 87 254 88 255 88 256 88 256 89 255 89 257 89 256 90 257 90 258 90 258 91 259 91 256 91 256 92 259 92 260 92 256 93 260 93 261 93 262 94 263 94 264 94 264 95 263 95 265 95 264 96 265 96 266 96 266 97 267 97 264 97 264 98 267 98 268 98 264 99 268 99 269 99 270 100 271 100 272 100 270 101 272 101 273 101 273 102 272 102 274 102 273 103 274 103 275 103 276 104 277 104 278 104 276 105 278 105 279 105 279 106 278 106 280 106 279 107 280 107 281 107 282 108 283 108 284 108 282 109 284 109 285 109 285 110 284 110 286 110 285 111 286 111 287 111 288 112 289 112 290 112 288 113 290 113 291 113 291 114 290 114 292 114 291 115 292 115 293 115 294 116 295 116 296 116 294 117 296 117 297 117 297 118 296 118 298 118 297 119 298 119 299 119 300 120 301 120 302 120 300 121 302 121 303 121 303 122 302 122 304 122 303 123 304 123 305 123 306 124 307 124 308 124 306 124 308 124 309 124 309 125 308 125 310 125 309 125 310 125 311 125 311 126 310 126 312 126 311 126 312 126 313 126 314 127 315 127 316 127 314 128 316 128 317 128 317 129 316 129 318 129 317 130 318 130 319 130 320 131 321 131 322 131 320 131 322 131 323 131 323 132 322 132 324 132 323 132 324 132 325 132 326 133 327 133 328 133 326 133 328 133 329 133 329 134 328 134 330 134 329 134 330 134 331 134 332 135 333 135 334 135 332 135 334 135 335 135 335 136 334 136 336 136 335 136 336 136 337 136 338 137 339 137 340 137 340 137 339 137 341 137 342 138 343 138 344 138 342 139 344 139 345 139 345 140 344 140 346 140 345 141 346 141 347 141 348 142 349 142 350 142 348 143 350 143 351 143 351 144 350 144 352 144 351 145 352 145 353 145 354 146 355 146 356 146 354 147 356 147 357 147 357 148 356 148 358 148 357 149 358 149 359 149 360 150 361 150 362 150 362 151 361 151 363 151 364 152 365 152 366 152 366 152 365 152 367 152 366 153 367 153 368 153 368 153 367 153 369 153 370 154 371 154 372 154 372 154 371 154 373 154 374 155 375 155 376 155 376 155 375 155 377 155 378 156 379 156 380 156 380 156 379 156 381 156 382 157 383 157 384 157 384 157 383 157 385 157 386 158 387 158 388 158 388 158 387 158 389 158 390 159 391 159 392 159 392 159 391 159 393 159 394 160 395 160 396 160 396 160 395 160 397 160 396 161 397 161 398 161 398 161 397 161 399 161 400 162 401 162 402 162 402 162 401 162 403 162 402 163 403 163 404 163 404 163 403 163 405 163 406 164 407 164 408 164 408 164 407 164 409 164 408 165 409 165 410 165 410 165 409 165 411 165 412 166 413 166 414 166 414 166 413 166 415 166 414 167 415 167 416 167 416 167 415 167 417 167 418 168 419 168 420 168 420 168 419 168 421 168 420 169 421 169 422 169 422 169 421 169 423 169 422 170 423 170 424 170 424 170 423 170 425 170 426 171 427 171 428 171 428 171 427 171 429 171 428 172 429 172 430 172 430 172 429 172 431 172 430 173 431 173 432 173 432 173 431 173 433 173 434 174 435 174 436 174 436 174 435 174 437 174 438 175 439 175 440 175 440 175 439 175 441 175 442 176 443 176 444 176 444 176 443 176 445 176 446 177 447 177 448 177 448 177 447 177 449 177 450 178 451 178 452 178 452 178 451 178 453 178 452 179 453 179 454 179 454 179 453 179 455 179 456 180 457 180 458 180 458 180 457 180 459 180 458 181 459 181 460 181 460 181 459 181 461 181 462 182 463 182 464 182 464 182 463 182 465 182 464 183 465 183 466 183 466 183 465 183 467 183 468 184 469 184 470 184 470 184 469 184 471 184 470 185 471 185 472 185 472 185 471 185 473 185 474 186 475 186 476 186 476 186 475 186 477 186 476 187 477 187 478 187 478 187 477 187 479 187 478 188 479 188 480 188 480 188 479 188 481 188 482 189 483 189 484 189 484 189 483 189 485 189 484 190 485 190 486 190 486 190 485 190 487 190 486 191 487 191 488 191 488 191 487 191 489 191 490 192 491 192 492 192 492 192 491 192 493 192 494 193 495 193 496 193 497 194 498 194 496 194 496 194 498 194 499 194 496 193 499 193 494 193 500 195 501 195 502 195 502 196 501 196 503 196 502 197 503 197 504 197 504 197 503 197 505 197 504 198 505 198 506 198 506 198 505 198 507 198 506 199 507 199 508 199 508 199 507 199 509 199 508 200 509 200 510 200 510 200 509 200 511 200 510 201 511 201 512 201 512 201 511 201 513 201 512 202 513 202 514 202 514 202 513 202 515 202 514 203 515 203 516 203 516 203 515 203 517 203 516 204 517 204 518 204 518 204 517 204 519 204 520 205 521 205 522 205 522 205 521 205 523 205 522 206 523 206 524 206 524 206 523 206 525 206 524 207 525 207 526 207 526 207 525 207 527 207 526 208 527 208 528 208 528 208 527 208 529 208 528 209 529 209 530 209 530 209 529 209 531 209 530 210 531 210 532 210 532 210 531 210 533 210 532 211 533 211 519 211 519 211 533 211 518 211 501 212 534 212 503 212 503 213 534 213 535 213 503 214 535 214 505 214 505 215 535 215 536 215 505 216 536 216 507 216 507 217 536 217 537 217 507 218 537 218 509 218 509 219 537 219 538 219 509 220 538 220 511 220 511 220 538 220 539 220 511 221 539 221 513 221 513 222 539 222 540 222 513 223 540 223 515 223 515 224 540 224 541 224 515 225 541 225 517 225 517 226 541 226 542 226 517 227 542 227 519 227 519 228 542 228 543 228 544 229 520 229 522 229 545 230 546 230 544 230 544 231 522 231 545 231 545 232 522 232 524 232 545 233 524 233 547 233 524 234 526 234 547 234 547 235 526 235 528 235 547 236 528 236 548 236 519 237 543 237 532 237 532 238 543 238 548 238 532 239 548 239 530 239 530 240 548 240 528 240 518 241 549 241 516 241 516 242 549 242 550 242 516 243 550 243 514 243 514 244 550 244 551 244 514 245 551 245 512 245 512 246 551 246 552 246 512 247 552 247 510 247 510 248 552 248 553 248 510 249 553 249 508 249 508 249 553 249 554 249 508 250 554 250 506 250 506 251 554 251 555 251 506 252 555 252 504 252 504 253 555 253 556 253 504 254 556 254 502 254 502 255 556 255 557 255 502 256 557 256 500 256 500 257 557 257 558 257 559 258 560 258 561 258 562 259 563 259 559 259 559 260 561 260 562 260 562 261 561 261 564 261 562 262 564 262 565 262 564 263 566 263 565 263 565 264 566 264 567 264 565 265 567 265 568 265 500 266 558 266 569 266 569 267 558 267 568 267 569 268 568 268 570 268 570 269 568 269 567 269 571 270 572 270 573 270 573 271 572 271 523 271 573 272 523 272 521 272 574 273 549 273 518 273 518 274 533 274 574 274 574 275 533 275 531 275 574 276 531 276 575 276 531 277 529 277 575 277 575 278 529 278 527 278 575 279 527 279 572 279 572 280 527 280 525 280 572 281 525 281 523 281 576 282 577 282 578 282 578 283 577 283 579 283 578 284 579 284 580 284 581 285 534 285 501 285 501 286 582 286 581 286 581 287 582 287 583 287 581 288 583 288 584 288 583 289 585 289 584 289 584 290 585 290 586 290 584 291 586 291 577 291 577 292 586 292 587 292 577 293 587 293 579 293 560 294 580 294 561 294 561 294 580 294 579 294 561 295 579 295 564 295 564 295 579 295 587 295 564 296 587 296 566 296 566 296 587 296 586 296 566 297 586 297 567 297 567 297 586 297 585 297 567 298 585 298 570 298 570 298 585 298 583 298 570 299 583 299 569 299 569 299 583 299 582 299 569 300 582 300 500 300 500 301 582 301 501 301 588 302 589 302 590 302 590 303 589 303 355 303 590 304 355 304 591 304 592 305 593 305 594 305 355 306 354 306 591 306 591 307 354 307 357 307 591 308 357 308 595 308 595 309 357 309 592 309 595 310 592 310 596 310 596 311 592 311 594 311 597 312 349 312 598 312 598 313 349 313 599 313 600 314 601 314 602 314 349 315 348 315 599 315 599 316 348 316 351 316 599 317 351 317 603 317 603 318 351 318 600 318 603 319 600 319 604 319 604 320 600 320 602 320 605 321 606 321 607 321 608 322 343 322 609 322 609 323 343 323 342 323 609 324 342 324 610 324 610 325 342 325 345 325 610 326 345 326 611 326 611 327 345 327 605 327 611 328 605 328 612 328 612 329 605 329 607 329 613 330 614 330 615 330 615 331 614 331 616 331 617 332 618 332 619 332 619 333 620 333 617 333 617 334 620 334 615 334 617 335 615 335 338 335 338 336 615 336 616 336 338 337 616 337 339 337 621 338 622 338 333 338 333 339 622 339 336 339 333 340 336 340 334 340 623 341 624 341 625 341 625 342 626 342 623 342 623 343 626 343 627 343 623 344 627 344 333 344 333 345 627 345 628 345 333 346 628 346 621 346 629 347 630 347 631 347 631 348 630 348 632 348 631 349 632 349 330 349 633 350 634 350 635 350 635 351 636 351 633 351 633 352 636 352 631 352 633 353 631 353 327 353 327 354 631 354 330 354 327 355 330 355 328 355 637 356 638 356 639 356 639 357 638 357 640 357 639 358 640 358 324 358 641 359 642 359 643 359 643 360 644 360 641 360 641 361 644 361 639 361 641 362 639 362 321 362 321 363 639 363 324 363 321 364 324 364 322 364 645 365 646 365 647 365 647 366 646 366 648 366 647 367 648 367 318 367 649 368 650 368 651 368 651 369 652 369 649 369 649 370 652 370 647 370 649 371 647 371 315 371 315 372 647 372 318 372 315 373 318 373 316 373 653 374 654 374 655 374 655 375 656 375 653 375 653 376 656 376 312 376 653 377 312 377 310 377 657 378 658 378 659 378 659 379 660 379 657 379 657 380 660 380 653 380 657 381 653 381 307 381 307 382 653 382 310 382 307 383 310 383 308 383 661 384 662 384 663 384 663 385 662 385 494 385 494 386 499 386 663 386 663 387 499 387 498 387 663 388 498 388 664 388 665 389 666 389 667 389 667 390 668 390 665 390 665 391 668 391 663 391 665 392 663 392 669 392 669 393 663 393 664 393 669 394 664 394 670 394 671 395 672 395 673 395 673 396 672 396 674 396 675 397 676 397 677 397 677 398 678 398 675 398 675 399 678 399 679 399 675 400 679 400 674 400 674 401 679 401 493 401 674 402 493 402 673 402 680 403 681 403 682 403 682 404 681 404 683 404 684 405 685 405 686 405 686 406 687 406 684 406 684 407 687 407 688 407 684 408 688 408 683 408 683 409 688 409 689 409 683 410 689 410 682 410 690 411 691 411 692 411 692 412 691 412 693 412 694 413 695 413 696 413 696 414 697 414 694 414 694 415 697 415 698 415 694 416 698 416 693 416 693 416 698 416 699 416 693 417 699 417 692 417 700 418 701 418 702 418 702 419 701 419 703 419 704 420 705 420 706 420 706 421 707 421 704 421 704 422 707 422 708 422 704 423 708 423 703 423 703 424 708 424 709 424 703 425 709 425 702 425 710 426 711 426 712 426 712 427 711 427 713 427 714 428 715 428 716 428 716 429 717 429 714 429 714 430 717 430 718 430 714 431 718 431 713 431 713 432 718 432 719 432 713 433 719 433 712 433 720 434 721 434 722 434 722 435 721 435 723 435 724 436 725 436 726 436 726 437 727 437 724 437 724 438 727 438 728 438 724 439 728 439 723 439 723 440 728 440 729 440 723 441 729 441 722 441 730 442 731 442 732 442 732 443 731 443 733 443 734 444 735 444 736 444 736 445 737 445 734 445 734 446 737 446 738 446 734 447 738 447 733 447 733 448 738 448 739 448 733 449 739 449 732 449 740 450 741 450 742 450 742 451 741 451 743 451 744 452 745 452 746 452 746 453 747 453 744 453 744 454 747 454 748 454 744 455 748 455 743 455 743 455 748 455 749 455 743 456 749 456 742 456 750 457 751 457 752 457 752 458 751 458 753 458 754 459 755 459 756 459 756 460 757 460 754 460 754 461 757 461 758 461 754 462 758 462 753 462 753 463 758 463 759 463 753 464 759 464 752 464 760 465 761 465 762 465 762 466 761 466 763 466 764 467 765 467 766 467 766 468 767 468 764 468 764 469 767 469 768 469 764 470 768 470 763 470 763 471 768 471 769 471 763 472 769 472 762 472 770 473 771 473 772 473 772 474 771 474 773 474 774 475 775 475 776 475 776 476 777 476 774 476 774 477 777 477 778 477 774 478 778 478 773 478 773 479 778 479 779 479 773 480 779 480 772 480 780 481 781 481 782 481 782 482 781 482 783 482 784 483 785 483 786 483 786 484 787 484 784 484 784 485 787 485 788 485 784 486 788 486 783 486 783 487 788 487 789 487 783 488 789 488 782 488 790 489 791 489 792 489 792 490 791 490 793 490 794 491 795 491 796 491 796 492 797 492 794 492 794 493 797 493 798 493 794 494 798 494 793 494 793 495 798 495 799 495 793 496 799 496 792 496 800 497 801 497 802 497 802 498 801 498 803 498 804 499 805 499 806 499 806 500 807 500 804 500 804 501 807 501 808 501 804 502 808 502 803 502 803 503 808 503 809 503 803 504 809 504 802 504 810 505 811 505 812 505 812 506 811 506 813 506 814 507 815 507 816 507 816 508 817 508 814 508 814 509 817 509 818 509 814 510 818 510 813 510 813 511 818 511 819 511 813 512 819 512 812 512 820 513 821 513 822 513 822 514 821 514 823 514 824 515 825 515 826 515 826 516 827 516 824 516 824 517 827 517 828 517 824 518 828 518 823 518 823 519 828 519 829 519 823 520 829 520 822 520 830 521 831 521 832 521 832 522 831 522 833 522 834 523 835 523 836 523 836 524 837 524 834 524 834 525 837 525 838 525 834 526 838 526 833 526 833 527 838 527 839 527 833 528 839 528 832 528 840 529 841 529 842 529 842 530 841 530 843 530 844 531 845 531 846 531 846 532 847 532 844 532 844 533 847 533 848 533 844 534 848 534 843 534 843 535 848 535 849 535 843 536 849 536 842 536 850 537 851 537 852 537 852 538 851 538 853 538 854 539 855 539 856 539 856 540 857 540 854 540 854 541 857 541 858 541 854 542 858 542 853 542 853 543 858 543 859 543 853 544 859 544 852 544 860 545 861 545 862 545 862 546 861 546 863 546 864 547 865 547 866 547 866 548 867 548 864 548 864 549 867 549 868 549 864 550 868 550 863 550 863 551 868 551 869 551 863 552 869 552 862 552 870 553 871 553 872 553 872 554 871 554 873 554 874 555 875 555 876 555 876 556 877 556 874 556 874 557 877 557 878 557 874 558 878 558 873 558 873 559 878 559 879 559 873 560 879 560 872 560 880 561 881 561 882 561 882 562 881 562 883 562 884 563 885 563 886 563 886 564 887 564 884 564 884 565 887 565 888 565 884 566 888 566 883 566 883 567 888 567 889 567 883 568 889 568 882 568 890 569 891 569 892 569 892 570 891 570 893 570 894 571 895 571 896 571 896 572 897 572 894 572 894 573 897 573 898 573 894 574 898 574 893 574 893 575 898 575 899 575 893 576 899 576 892 576 900 577 901 577 902 577 902 578 901 578 903 578 904 579 905 579 906 579 906 580 907 580 904 580 904 581 907 581 908 581 904 582 908 582 903 582 903 583 908 583 909 583 903 584 909 584 902 584 910 585 911 585 912 585 912 586 911 586 913 586 914 587 915 587 916 587 916 588 917 588 914 588 914 589 917 589 918 589 914 590 918 590 913 590 913 591 918 591 919 591 913 592 919 592 912 592 920 593 921 593 922 593 922 594 921 594 923 594 924 595 925 595 926 595 926 596 927 596 924 596 924 597 927 597 928 597 924 598 928 598 923 598 923 599 928 599 929 599 923 600 929 600 922 600 930 601 931 601 932 601 932 602 931 602 933 602 934 603 935 603 936 603 936 604 937 604 934 604 934 605 937 605 938 605 934 606 938 606 933 606 933 607 938 607 939 607 933 608 939 608 932 608 940 609 941 609 942 609 942 610 941 610 943 610 944 611 945 611 946 611 946 612 947 612 944 612 944 613 947 613 948 613 944 614 948 614 943 614 943 614 948 614 949 614 943 615 949 615 942 615 950 616 951 616 952 616 952 617 951 617 953 617 954 618 955 618 956 618 956 619 957 619 954 619 954 620 957 620 958 620 954 621 958 621 953 621 953 622 958 622 959 622 953 623 959 623 952 623 960 624 961 624 962 624 962 625 961 625 963 625 964 626 965 626 966 626 966 627 967 627 964 627 964 628 967 628 968 628 964 629 968 629 963 629 963 630 968 630 969 630 963 631 969 631 962 631 366 632 368 632 970 632 971 633 972 633 970 633 970 634 972 634 364 634 970 635 364 635 366 635 973 636 974 636 975 636 975 637 974 637 976 637 975 638 976 638 970 638 970 639 976 639 977 639 977 640 978 640 970 640 970 641 978 641 979 641 970 642 979 642 971 642 980 643 981 643 982 643 982 644 981 644 983 644 982 645 983 645 984 645 984 646 983 646 985 646 985 647 986 647 984 647 984 648 986 648 987 648 984 649 987 649 305 649 305 650 304 650 984 650 984 651 304 651 302 651 984 652 302 652 988 652 989 653 990 653 991 653 991 654 990 654 992 654 991 655 992 655 993 655 992 656 994 656 993 656 993 657 994 657 995 657 993 658 995 658 295 658 295 659 294 659 993 659 993 660 294 660 297 660 993 661 297 661 996 661 291 662 997 662 998 662 291 663 998 663 288 663 999 664 1000 664 1001 664 1001 665 1000 665 1002 665 1001 666 1002 666 998 666 998 667 1002 667 1003 667 1003 668 1004 668 998 668 998 669 1004 669 289 669 998 670 289 670 288 670 285 671 1005 671 1006 671 285 672 1006 672 282 672 1007 673 1008 673 1009 673 1009 674 1008 674 1010 674 1009 675 1010 675 1006 675 1006 676 1010 676 1011 676 1011 677 1012 677 1006 677 1006 678 1012 678 283 678 1006 679 283 679 282 679 277 680 1013 680 1014 680 1015 681 1016 681 1017 681 1017 682 1016 682 1018 682 1014 683 1013 683 1018 683 1018 684 1013 684 1019 684 1018 685 1019 685 1017 685 1020 686 280 686 1014 686 1014 687 280 687 278 687 1014 688 278 688 277 688 271 689 1021 689 1022 689 1023 690 1024 690 1025 690 1025 691 1024 691 1026 691 1025 692 1026 692 1022 692 1022 693 1026 693 1027 693 1027 694 274 694 1022 694 1022 695 274 695 272 695 1022 696 272 696 271 696 263 697 1028 697 1029 697 1030 698 1031 698 1032 698 1032 699 1031 699 1033 699 1029 700 1028 700 1033 700 1033 701 1028 701 1034 701 1033 702 1034 702 1032 702 263 703 1029 703 265 703 265 704 1029 704 1035 704 265 705 1035 705 266 705 266 706 1035 706 268 706 266 707 268 707 267 707 1036 708 1037 708 1038 708 1038 709 1037 709 1039 709 1038 710 1039 710 1040 710 1040 711 1039 711 1041 711 257 712 1042 712 258 712 258 713 1042 713 260 713 258 714 260 714 259 714 1039 715 1043 715 1041 715 1041 716 1043 716 1042 716 1041 717 1042 717 255 717 255 718 1042 718 257 718 1044 719 1045 719 1046 719 1046 720 1045 720 1047 720 1046 721 1047 721 1048 721 1048 722 1047 722 1049 722 1047 723 1050 723 1049 723 1049 724 1050 724 1051 724 1049 725 1051 725 247 725 247 726 1051 726 252 726 247 727 252 727 248 727 248 728 252 728 250 728 1052 729 1053 729 390 729 1054 729 1055 729 422 729 1056 729 1057 729 1058 729 1059 729 1060 729 1061 729 1061 729 1060 729 1062 729 558 729 1063 729 1064 729 1065 729 386 729 1061 729 1061 729 386 729 388 729 1066 729 1067 729 470 729 572 729 571 729 1068 729 899 729 898 729 1069 729 1069 729 1059 729 899 729 899 729 1059 729 1061 729 899 729 1061 729 1070 729 1070 729 1061 729 388 729 392 729 1071 729 390 729 390 729 1071 729 1072 729 390 729 1072 729 1052 729 1073 729 1074 729 996 729 996 729 1074 729 1075 729 996 729 1075 729 993 729 1076 729 408 729 410 729 1077 729 1078 729 470 729 1066 729 470 729 1079 729 1057 729 464 729 466 729 1080 729 1081 729 1082 729 1083 729 1084 729 1085 729 1086 729 1087 729 1088 729 1088 729 1087 729 1089 729 563 729 562 729 412 729 412 729 562 729 565 729 412 729 565 729 568 729 1090 729 406 729 1065 729 1065 729 406 729 408 729 1065 729 408 729 1053 729 1091 729 1092 729 400 729 1093 729 1094 729 470 729 1095 729 468 729 1096 729 1096 729 468 729 470 729 1096 729 470 729 1097 729 464 729 1057 729 1098 729 1073 729 996 729 1068 729 1068 729 996 729 1099 729 1068 729 1099 729 1100 729 1101 729 1102 729 1103 729 1103 729 1102 729 1104 729 1105 729 1106 729 1107 729 1105 729 1108 729 1109 729 1109 729 1108 729 1082 729 1109 729 1082 729 1110 729 1110 729 1082 729 1081 729 1111 729 1112 729 1056 729 1113 729 1114 729 1115 729 1115 729 1114 729 1116 729 1117 729 1118 729 1085 729 1085 729 1119 729 1120 729 1121 729 1122 729 1123 729 1064 729 426 729 1124 729 1124 729 426 729 1125 729 1126 729 418 729 1055 729 1055 729 418 729 420 729 1055 729 420 729 422 729 416 729 1127 729 414 729 414 729 1127 729 1128 729 414 729 1128 729 1129 729 563 729 412 729 1061 729 1061 729 412 729 414 729 1061 729 414 729 1065 729 1065 729 414 729 1129 729 1065 729 1129 729 1090 729 1130 729 1091 729 396 729 1131 729 1132 729 1057 729 1057 729 1132 729 1077 729 482 729 484 729 1133 729 1133 729 484 729 1067 729 470 729 1134 729 1135 729 1077 729 470 729 1057 729 1057 729 470 729 472 729 1057 729 472 729 1098 729 1098 729 1136 729 464 729 464 729 1136 729 1137 729 464 729 1137 729 462 729 462 729 1137 729 1138 729 1057 729 446 729 448 729 1057 729 442 729 444 729 1139 729 551 729 550 729 1140 729 1141 729 1107 729 1142 729 1143 729 1056 729 1115 729 1144 729 1145 729 1146 729 1147 729 1115 729 1085 729 1148 729 1068 729 1068 729 1148 729 1149 729 1068 729 1149 729 1150 729 1151 729 1152 729 1068 729 1068 729 1152 729 1153 729 1068 729 1153 729 1073 729 1064 729 1124 729 1154 729 1064 729 1154 729 1126 729 1126 729 1055 729 1064 729 1064 729 1055 729 1155 729 1064 729 1155 729 558 729 558 729 1155 729 1156 729 558 729 1156 729 568 729 568 729 1156 729 1157 729 568 729 1157 729 412 729 849 729 848 729 1158 729 1158 729 848 729 1159 729 1158 729 1159 729 416 729 416 729 1159 729 1160 729 416 729 1160 729 1127 729 396 729 1091 729 394 729 889 729 888 729 1161 729 1161 729 888 729 1162 729 1161 729 1162 729 392 729 392 729 1162 729 1163 729 392 729 1163 729 1071 729 1131 729 1057 729 1164 729 1164 729 1057 729 1165 729 1164 729 1165 729 1166 729 1078 729 1167 729 470 729 470 729 1167 729 1168 729 470 729 1168 729 1093 729 1093 729 1168 729 1169 729 466 729 1170 729 1057 729 1057 729 1170 729 456 729 1057 729 456 729 458 729 1171 729 1172 729 1173 729 1173 729 1172 729 450 729 1174 729 1175 729 1176 729 1176 729 1175 729 446 729 1176 729 446 729 1177 729 575 729 1178 729 574 729 574 729 1178 729 549 729 1179 729 1180 729 1181 729 1182 729 1183 729 1184 729 438 729 1185 729 1058 729 1058 729 1185 729 1186 729 1058 729 1186 729 1056 729 1056 729 1186 729 1187 729 1056 729 1187 729 1111 729 1188 729 1189 729 1085 729 1085 729 1189 729 1190 729 1087 729 1191 729 1089 729 1089 729 1191 729 1192 729 1089 729 1192 729 1084 729 1084 729 1192 729 1193 729 1084 729 1193 729 1085 729 1085 729 1193 729 1194 729 1085 729 1194 729 1119 729 1086 729 1088 729 373 729 373 729 1088 729 1195 729 373 729 1195 729 372 729 372 729 1195 729 969 729 372 729 969 729 968 729 1151 729 1068 729 1196 729 1196 729 1068 729 1150 729 1196 729 1150 729 1121 729 1121 729 1150 729 1197 729 1121 729 1197 729 1122 729 422 729 424 729 1054 729 1054 729 424 729 1198 729 1054 729 1198 729 1199 729 1199 729 1198 729 839 729 1199 729 839 729 838 729 859 729 858 729 1200 729 1200 729 858 729 1201 729 1200 729 1201 729 410 729 410 729 1201 729 1202 729 410 729 1202 729 1076 729 1076 729 1203 729 408 729 408 729 1203 729 1204 729 408 729 1204 729 1053 729 1053 729 1204 729 1205 729 1053 729 1205 729 400 729 1206 729 1207 729 470 729 470 729 1207 729 1208 729 470 729 1208 729 1209 729 448 729 1210 729 1057 729 1057 729 1210 729 1211 729 1057 729 1211 729 442 729 1212 729 1213 729 1214 729 1214 729 1213 729 1215 729 1214 729 1215 729 434 729 1063 729 1216 729 1217 729 1217 729 1216 729 1218 729 1103 729 1219 729 1101 729 1101 729 1219 729 1220 729 1101 729 1220 729 1221 729 1221 729 1220 729 1048 729 1221 729 1048 729 1049 729 1082 729 1222 729 1080 729 1080 729 1222 729 1223 729 1080 729 1223 729 1224 729 1224 729 1223 729 599 729 1224 729 599 729 603 729 1112 729 1225 729 1056 729 1056 729 1225 729 1226 729 1056 729 1226 729 1142 729 1142 729 1226 729 1227 729 1115 729 1147 729 1228 729 1228 729 1147 729 1229 729 1228 729 1229 729 1230 729 1231 729 1232 729 1085 729 1085 729 1232 729 1233 729 869 729 868 729 1234 729 1234 729 868 729 1235 729 1234 729 1235 729 404 729 404 729 1235 729 1236 729 404 729 1236 729 402 729 402 729 1236 729 1237 729 402 729 1237 729 400 729 400 729 1237 729 1238 729 1092 729 1239 729 400 729 400 729 1239 729 1240 729 400 729 1240 729 1053 729 1053 729 1240 729 1241 729 1053 729 1241 729 390 729 493 729 679 729 492 729 492 729 679 729 1166 729 492 729 1166 729 1242 729 1242 729 1166 729 1165 729 484 729 486 729 1067 729 1067 729 486 729 488 729 1067 729 488 729 470 729 470 729 488 729 1243 729 470 729 1243 729 1134 729 474 729 476 729 1244 729 1244 729 476 729 1135 729 739 729 738 729 1245 729 1245 729 738 729 1246 729 1245 729 1246 729 1095 729 1095 729 1246 729 1247 729 1095 729 1247 729 468 729 759 729 758 729 1248 729 1248 729 758 729 1249 729 1248 729 1249 729 1250 729 1250 729 1249 729 1251 729 1250 729 1251 729 1252 729 1252 729 1251 729 456 729 1252 729 456 729 1253 729 1253 729 456 729 1170 729 458 729 460 729 1057 729 1057 729 460 729 1254 729 1057 729 1254 729 446 729 446 729 1254 729 1255 729 446 729 1255 729 1173 729 789 729 788 729 1256 729 1256 729 788 729 1257 729 1256 729 1257 729 1258 729 1258 729 1257 729 1259 729 1258 729 1259 729 1260 729 1260 729 1259 729 1211 729 1260 729 1211 729 1261 729 1261 729 1211 729 1210 729 799 729 798 729 1262 729 1262 729 798 729 1263 729 1262 729 1263 729 1264 729 1264 729 1263 729 1265 729 1264 729 1265 729 1266 729 1266 729 1265 729 1058 729 1266 729 1058 729 1267 729 1267 729 1058 729 1057 729 1267 729 1057 729 1268 729 1268 729 1057 729 444 729 1181 729 1269 729 1270 729 1270 729 1269 729 1184 729 1270 729 1184 729 1271 729 1271 729 1184 729 1183 729 1272 729 362 729 1105 729 1105 729 362 729 363 729 1105 729 363 729 1106 729 970 729 368 729 1273 729 1273 729 368 729 1274 729 1273 729 1274 729 1120 729 1120 729 1274 729 1275 729 1120 729 1275 729 1085 729 984 729 988 729 1276 729 1276 729 988 729 1277 729 1276 729 1277 729 1123 729 1123 729 1277 729 1278 729 1123 729 1278 729 1121 729 829 729 828 729 1279 729 1279 729 828 729 1280 729 1279 729 1280 729 432 729 432 729 1280 729 1281 729 432 729 1281 729 430 729 430 729 1281 729 1125 729 430 729 1125 729 428 729 428 729 1125 729 426 729 689 729 688 729 1282 729 1282 729 688 729 1283 729 1282 729 1283 729 1284 729 1284 729 1283 729 1285 729 1284 729 1285 729 1168 729 1168 729 1285 729 1286 729 1168 729 1286 729 1169 729 1094 729 1287 729 470 729 470 729 1287 729 1288 729 470 729 1288 729 1206 729 1206 729 1288 729 1289 729 476 729 478 729 1135 729 1135 729 478 729 480 729 1135 729 480 729 470 729 470 729 480 729 1290 729 470 729 1290 729 1097 729 749 729 748 729 1291 729 1291 729 748 729 1292 729 1291 729 1292 729 1138 729 1138 729 1292 729 1293 729 1138 729 1293 729 462 729 1100 729 1294 729 1068 729 1068 729 1294 729 1295 729 1068 729 1295 729 572 729 572 729 1295 729 1296 729 572 729 1296 729 575 729 575 729 1296 729 1297 729 575 729 1297 729 1178 729 1181 729 1298 729 1299 729 556 729 438 729 557 729 557 729 438 729 440 729 557 729 440 729 558 729 436 729 1300 729 1063 729 1063 729 1300 729 1301 729 1063 729 1301 729 1216 729 1107 729 1302 729 1140 729 1140 729 1302 729 1303 729 1140 729 1303 729 1304 729 1304 729 1303 729 591 729 1304 729 591 729 595 729 1141 729 1305 729 1107 729 1107 729 1305 729 1306 729 1107 729 1306 729 1105 729 1105 729 1306 729 1307 729 1105 729 1307 729 1108 729 610 729 611 729 1308 729 1308 729 611 729 1309 729 1308 729 1309 729 1310 729 1310 729 1309 729 1311 729 1310 729 1311 729 1186 729 1186 729 1311 729 1312 729 1186 729 1312 729 1187 729 1313 729 1314 729 1315 729 1143 729 1316 729 1056 729 1056 729 1316 729 1313 729 1056 729 1313 729 1115 729 1113 729 1115 729 1317 729 1317 729 1115 729 1145 729 1317 729 1145 729 1318 729 1319 729 1320 729 382 729 382 729 1320 729 1321 729 1322 729 1323 729 1233 729 1188 729 1085 729 1324 729 1324 729 1085 729 1118 729 1324 729 1118 729 1325 729 396 729 398 729 1130 729 1130 729 398 729 1326 729 1130 729 1326 729 1327 729 1327 729 1326 729 879 729 1327 729 879 729 878 729 1079 729 470 729 1328 729 1328 729 470 729 1209 729 1328 729 1209 729 1329 729 719 729 718 729 1330 729 1330 729 718 729 1331 729 1330 729 1331 729 1133 729 1133 729 1331 729 1332 729 1133 729 1332 729 482 729 769 729 768 729 1333 729 1333 729 768 729 1334 729 1333 729 1334 729 1171 729 1171 729 1334 729 1335 729 1171 729 1335 729 1172 729 450 729 452 729 1173 729 1173 729 452 729 454 729 1173 729 454 729 446 729 446 729 454 729 1336 729 446 729 1336 729 1177 729 779 729 778 729 1337 729 1337 729 778 729 1338 729 1337 729 1338 729 1174 729 1174 729 1338 729 1339 729 1174 729 1339 729 1175 729 1340 729 1341 729 1342 729 549 729 1178 729 550 729 550 729 1178 729 1340 729 550 729 1340 729 1139 729 1139 729 1340 729 1342 729 1139 729 1342 729 1343 729 1344 729 1345 729 1139 729 1346 729 1347 729 1180 729 1348 729 1349 729 1299 729 1184 729 1350 729 1182 729 1182 729 1350 729 1351 729 1182 729 1351 729 1352 729 1352 729 1351 729 1040 729 1352 729 1040 729 1041 729 1103 729 553 729 1139 729 1139 729 553 729 552 729 1139 729 552 729 551 729 809 729 808 729 1353 729 1353 729 808 729 1354 729 1353 729 1354 729 1212 729 1212 729 1354 729 1355 729 1212 729 1355 729 1213 729 440 729 1356 729 558 729 558 729 1356 729 1357 729 558 729 1357 729 1063 729 1063 729 1357 729 1214 729 1063 729 1214 729 436 729 436 729 1214 729 434 729 613 729 615 729 1358 729 1358 729 615 729 1359 729 1358 729 1359 729 1360 729 1360 729 1359 729 1361 729 1360 729 1361 729 1226 729 1226 729 1361 729 1362 729 1226 729 1362 729 1227 729 1146 729 1115 729 1363 729 1363 729 1115 729 1116 729 1363 729 1116 729 1364 729 1238 729 1365 729 400 729 400 729 1365 729 1366 729 400 729 1366 729 1091 729 1091 729 1366 729 1367 729 1091 729 1367 729 394 729 556 729 555 729 438 729 438 729 555 729 554 729 438 729 554 729 1185 729 1185 729 554 729 553 729 1185 729 553 729 1105 729 1105 729 553 729 1103 729 1105 729 1103 729 1272 729 1272 729 1103 729 1104 729 819 729 818 729 1368 729 1368 729 818 729 1369 729 1368 729 1369 729 1218 729 1218 729 1369 729 1370 729 1218 729 1370 729 1217 729 629 729 631 729 1371 729 1371 729 631 729 1372 729 1371 729 1372 729 1373 729 1373 729 1372 729 1374 729 1373 729 1374 729 1375 729 1375 729 1374 729 1376 729 1375 729 1376 729 1377 729 628 729 627 729 1378 729 1378 729 627 729 1379 729 1378 729 1379 729 1380 729 1380 729 1379 729 1381 729 1380 729 1381 729 1313 729 1313 729 1381 729 1382 729 1313 729 1382 729 1314 729 1377 729 1376 729 1383 729 1383 729 1376 729 1384 729 1383 729 1384 729 1315 729 654 729 653 729 1385 729 1385 729 653 729 1386 729 1385 729 1386 729 1387 729 1387 729 1386 729 1388 729 1387 729 1388 729 1116 729 1116 729 1388 729 1389 729 1116 729 1389 729 1364 729 1323 729 1390 729 1233 729 1233 729 1390 729 1391 729 1233 729 1391 729 1085 729 1085 729 1391 729 1392 729 1085 729 1392 729 1117 729 1083 729 1085 729 1393 729 1393 729 1085 729 1190 729 1393 729 1190 729 1394 729 699 729 698 729 1395 729 1395 729 698 729 1396 729 1395 729 1396 729 1397 729 1397 729 1396 729 1398 729 1397 729 1398 729 1288 729 1288 729 1398 729 1399 729 1288 729 1399 729 1289 729 998 729 997 729 1400 729 1400 729 997 729 1401 729 1400 729 1401 729 1402 729 1402 729 1401 729 1403 729 1402 729 1403 729 1340 729 1340 729 1403 729 1404 729 1340 729 1404 729 1341 729 1343 729 1405 729 1139 729 1139 729 1405 729 1406 729 1139 729 1406 729 1344 729 1344 729 1406 729 1407 729 1345 729 1408 729 1139 729 1139 729 1408 729 1409 729 1139 729 1409 729 1181 729 1347 729 1410 729 1180 729 1180 729 1410 729 1411 729 1180 729 1411 729 1181 729 1181 729 1411 729 1412 729 1181 729 1412 729 1298 729 1413 729 1414 729 1313 729 1414 729 1415 729 1313 729 1313 729 1415 729 1416 729 1313 729 1416 729 1115 729 1115 729 1416 729 1417 729 1115 729 1417 729 1144 729 645 729 647 729 1418 729 1418 729 647 729 1419 729 1418 729 1419 729 1420 729 1420 729 1419 729 1421 729 1420 729 1421 729 1145 729 1145 729 1421 729 1422 729 1145 729 1422 729 1318 729 661 729 663 729 1423 729 1423 729 663 729 1424 729 1423 729 1424 729 1425 729 1425 729 1424 729 1426 729 1425 729 1426 729 1229 729 1229 729 1426 729 1427 729 1229 729 1427 729 1230 729 1320 729 1428 729 1321 729 1321 729 1428 729 1429 729 1321 729 1429 729 1430 729 1430 729 1431 729 1432 729 1432 729 1431 729 1433 729 1432 729 1433 729 1434 729 1434 729 1433 729 378 729 1430 729 1432 729 1321 729 1321 729 1432 729 1435 729 1321 729 1435 729 1436 729 1321 729 1437 729 1438 729 949 729 948 729 1439 729 1439 729 948 729 1440 729 1439 729 1440 729 1441 729 1441 729 1440 729 1442 729 1441 729 1442 729 1118 729 1118 729 1442 729 1443 729 1118 729 1443 729 1325 729 959 729 958 729 1444 729 1444 729 958 729 1445 729 1444 729 1445 729 1446 729 1446 729 1445 729 1447 729 1446 729 1447 729 1190 729 1190 729 1447 729 1448 729 1190 729 1448 729 1394 729 709 729 708 729 1449 729 1449 729 708 729 1450 729 1449 729 1450 729 1451 729 1451 729 1450 729 1452 729 1451 729 1452 729 1209 729 1209 729 1452 729 1453 729 1209 729 1453 729 1329 729 729 729 728 729 1454 729 1454 729 728 729 1455 729 1454 729 1455 729 1244 729 1244 729 1455 729 1456 729 1244 729 1456 729 474 729 382 729 384 729 1319 729 1319 729 384 729 1457 729 1319 729 1457 729 1458 729 1458 729 1457 729 909 729 1458 729 909 729 908 729 1062 729 1459 729 1061 729 1061 729 1459 729 1460 729 1061 729 1460 729 1068 729 1068 729 1460 729 1321 729 1068 729 1321 729 1085 729 1085 729 1321 729 1438 729 1085 729 1438 729 1231 729 1233 729 1461 729 1322 729 1322 729 1461 729 1462 729 1322 729 1462 729 1463 729 1463 729 1462 729 939 729 1463 729 939 729 938 729 1180 729 1464 729 1346 729 1346 729 1464 729 1465 729 1346 729 1465 729 1466 729 1466 729 1465 729 1022 729 1466 729 1022 729 1021 729 1299 729 1467 729 1348 729 1348 729 1467 729 1468 729 1348 729 1468 729 1469 729 1469 729 1468 729 1034 729 1469 729 1034 729 1028 729 1349 729 1470 729 1299 729 1299 729 1470 729 1471 729 1299 729 1471 729 1181 729 1181 729 1471 729 1472 729 1181 729 1472 729 1269 729 1315 729 1384 729 1313 729 1313 729 1384 729 1473 729 1313 729 1473 729 1413 729 1436 729 1474 729 1321 729 1321 729 1474 729 1475 729 1321 729 1475 729 1437 729 1006 729 1005 729 1476 729 1476 729 1005 729 1477 729 1476 729 1477 729 1478 729 1478 729 1477 729 1479 729 1478 729 1479 729 1406 729 1406 729 1479 729 1480 729 1406 729 1480 729 1407 729 1019 729 1013 729 1481 729 1481 729 1013 729 1482 729 1481 729 1482 729 1483 729 1483 729 1482 729 1484 729 1483 729 1484 729 1409 729 1409 729 1484 729 1485 729 1485 729 1486 729 1409 729 1409 729 1486 729 1487 729 1409 729 1487 729 1181 729 1181 729 1487 729 1488 729 1181 729 1488 729 1179 729 637 729 639 729 1489 729 1489 729 639 729 1490 729 1489 729 1490 729 1491 729 1491 729 1490 729 1492 729 1491 729 1492 729 1493 729 1493 729 1492 729 1414 729 1493 729 1414 729 1494 729 1494 729 1414 729 1413 729 378 729 380 729 1434 729 1434 729 380 729 1495 729 1434 729 1495 729 1496 729 1496 729 1495 729 919 729 1496 729 919 729 918 729 376 729 1497 729 929 729 1474 729 1498 729 1475 729 1475 729 1498 729 1499 729 1475 729 1499 729 1500 729 1500 729 1499 729 374 729 1500 729 374 729 1501 729 1501 729 374 729 376 729 1501 729 376 729 928 729 928 729 376 729 929 729 1502 730 1503 730 596 730 596 730 1503 730 595 730 1503 731 1504 731 595 731 595 731 1504 731 1304 731 1304 732 1504 732 1140 732 1140 732 1504 732 1505 732 1140 733 1505 733 1141 733 1141 733 1505 733 1506 733 1141 734 1506 734 1305 734 1305 734 1506 734 1507 734 1305 735 1507 735 1306 735 1306 735 1507 735 1508 735 1508 736 1509 736 1306 736 1306 736 1509 736 1307 736 1307 737 1509 737 1108 737 1108 737 1509 737 1510 737 1108 738 1510 738 1082 738 1082 738 1510 738 1511 738 1082 739 1511 739 1222 739 1222 739 1511 739 1512 739 1222 740 1512 740 1223 740 1223 740 1512 740 1513 740 1513 741 1514 741 1223 741 1223 741 1514 741 599 741 1514 742 1515 742 599 742 599 742 1515 742 598 742 1516 743 1517 743 604 743 604 743 1517 743 603 743 1517 744 1518 744 603 744 603 744 1518 744 1224 744 1224 745 1518 745 1080 745 1080 745 1518 745 1519 745 1080 746 1519 746 1081 746 1081 746 1519 746 1520 746 1081 747 1520 747 1110 747 1110 747 1520 747 1521 747 1110 748 1521 748 1109 748 1109 748 1521 748 1522 748 1522 749 1523 749 1109 749 1109 749 1523 749 1105 749 1105 750 1523 750 1185 750 1185 750 1523 750 1524 750 1185 751 1524 751 1186 751 1186 751 1524 751 1525 751 1186 752 1525 752 1310 752 1310 752 1525 752 1526 752 1310 753 1526 753 1308 753 1308 753 1526 753 1527 753 1527 754 1528 754 1308 754 1308 754 1528 754 610 754 1528 755 1529 755 610 755 610 755 1529 755 609 755 1530 756 1531 756 612 756 612 756 1531 756 611 756 1531 757 1532 757 611 757 611 757 1532 757 1309 757 1309 758 1532 758 1311 758 1311 758 1532 758 1533 758 1311 759 1533 759 1312 759 1312 759 1533 759 1534 759 1312 760 1534 760 1187 760 1187 760 1534 760 1535 760 1187 761 1535 761 1111 761 1111 761 1535 761 1536 761 1536 762 1537 762 1111 762 1111 762 1537 762 1112 762 1112 763 1537 763 1225 763 1225 763 1537 763 1538 763 1225 764 1538 764 1226 764 1226 764 1538 764 1539 764 1226 765 1539 765 1360 765 1360 765 1539 765 1540 765 1360 766 1540 766 1358 766 1358 766 1540 766 1541 766 1541 767 1542 767 1358 767 1358 767 1542 767 613 767 1542 768 1543 768 613 768 613 768 1543 768 614 768 1544 769 1545 769 620 769 620 769 1545 769 615 769 1545 770 1546 770 615 770 615 770 1546 770 1359 770 1359 771 1546 771 1361 771 1361 771 1546 771 1547 771 1361 772 1547 772 1362 772 1362 772 1547 772 1548 772 1362 773 1548 773 1227 773 1227 773 1548 773 1549 773 1227 774 1549 774 1142 774 1142 774 1549 774 1550 774 1550 775 1551 775 1142 775 1142 775 1551 775 1143 775 1143 776 1551 776 1316 776 1316 776 1551 776 1552 776 1316 777 1552 777 1313 777 1313 777 1552 777 1553 777 1313 778 1553 778 1380 778 1380 778 1553 778 1554 778 1380 779 1554 779 1378 779 1378 779 1554 779 1555 779 1555 780 1556 780 1378 780 1378 780 1556 780 628 780 1556 781 1557 781 628 781 628 781 1557 781 621 781 1558 782 1559 782 626 782 626 782 1559 782 627 782 1559 783 1560 783 627 783 627 783 1560 783 1379 783 1379 784 1560 784 1381 784 1381 784 1560 784 1561 784 1381 785 1561 785 1382 785 1382 785 1561 785 1562 785 1382 786 1562 786 1314 786 1314 786 1562 786 1563 786 1314 787 1563 787 1315 787 1315 787 1563 787 1564 787 1564 788 1565 788 1315 788 1315 788 1565 788 1383 788 1383 789 1565 789 1377 789 1377 789 1565 789 1566 789 1377 790 1566 790 1375 790 1375 790 1566 790 1567 790 1375 791 1567 791 1373 791 1373 791 1567 791 1568 791 1373 792 1568 792 1371 792 1371 792 1568 792 1569 792 1569 793 1570 793 1371 793 1371 793 1570 793 629 793 1570 794 1571 794 629 794 629 794 1571 794 630 794 1572 795 1573 795 636 795 636 795 1573 795 631 795 1573 796 1574 796 631 796 631 796 1574 796 1372 796 1372 797 1574 797 1374 797 1374 797 1574 797 1575 797 1374 798 1575 798 1376 798 1376 798 1575 798 1576 798 1376 799 1576 799 1384 799 1384 799 1576 799 1577 799 1384 800 1577 800 1473 800 1473 800 1577 800 1578 800 1578 801 1579 801 1473 801 1473 801 1579 801 1413 801 1413 802 1579 802 1494 802 1494 802 1579 802 1580 802 1494 803 1580 803 1493 803 1493 803 1580 803 1581 803 1493 804 1581 804 1491 804 1491 804 1581 804 1582 804 1491 805 1582 805 1489 805 1489 805 1582 805 1583 805 1583 806 1584 806 1489 806 1489 806 1584 806 637 806 1584 807 1585 807 637 807 637 807 1585 807 638 807 1586 808 1587 808 644 808 644 808 1587 808 639 808 1587 809 1588 809 639 809 639 809 1588 809 1490 809 1490 810 1588 810 1492 810 1492 810 1588 810 1589 810 1492 811 1589 811 1414 811 1414 811 1589 811 1590 811 1414 812 1590 812 1415 812 1415 812 1590 812 1591 812 1415 813 1591 813 1416 813 1416 813 1591 813 1592 813 1592 814 1593 814 1416 814 1416 814 1593 814 1417 814 1417 815 1593 815 1144 815 1144 815 1593 815 1594 815 1144 816 1594 816 1145 816 1145 816 1594 816 1595 816 1145 817 1595 817 1420 817 1420 817 1595 817 1596 817 1420 818 1596 818 1418 818 1418 818 1596 818 1597 818 1597 819 1598 819 1418 819 1418 820 1598 820 645 820 1598 821 1599 821 645 821 645 822 1599 822 646 822 1600 823 1601 823 652 823 652 823 1601 823 647 823 1601 824 1602 824 647 824 647 824 1602 824 1419 824 1419 825 1602 825 1421 825 1421 825 1602 825 1603 825 1421 826 1603 826 1422 826 1422 826 1603 826 1604 826 1422 827 1604 827 1318 827 1318 827 1604 827 1605 827 1318 828 1605 828 1317 828 1317 828 1605 828 1606 828 1606 829 1607 829 1317 829 1317 829 1607 829 1113 829 1113 830 1607 830 1114 830 1114 830 1607 830 1608 830 1114 831 1608 831 1116 831 1116 831 1608 831 1609 831 1116 832 1609 832 1387 832 1387 832 1609 832 1610 832 1387 833 1610 833 1385 833 1385 833 1610 833 1611 833 1611 834 1612 834 1385 834 1385 834 1612 834 654 834 1612 835 1613 835 654 835 654 835 1613 835 655 835 1614 836 1615 836 660 836 660 836 1615 836 653 836 1615 837 1616 837 653 837 653 837 1616 837 1386 837 1386 838 1616 838 1388 838 1388 838 1616 838 1617 838 1388 839 1617 839 1389 839 1389 839 1617 839 1618 839 1389 840 1618 840 1364 840 1364 840 1618 840 1619 840 1364 841 1619 841 1363 841 1363 841 1619 841 1620 841 1620 842 1621 842 1363 842 1363 842 1621 842 1146 842 1146 843 1621 843 1147 843 1147 843 1621 843 1622 843 1147 844 1622 844 1229 844 1229 844 1622 844 1623 844 1229 845 1623 845 1425 845 1425 845 1623 845 1624 845 1425 846 1624 846 1423 846 1423 846 1624 846 1625 846 1625 847 1626 847 1423 847 1423 847 1626 847 661 847 495 848 494 848 1627 848 1627 849 494 849 662 849 1627 850 662 850 1626 850 1626 851 662 851 661 851 1628 852 1629 852 668 852 668 852 1629 852 663 852 1629 853 1630 853 663 853 663 853 1630 853 1424 853 1424 854 1630 854 1426 854 1426 854 1630 854 1631 854 1426 855 1631 855 1427 855 1427 855 1631 855 1632 855 1427 856 1632 856 1230 856 1230 856 1632 856 1633 856 1230 857 1633 857 1228 857 1228 857 1633 857 1634 857 1634 858 1635 858 1228 858 1228 858 1635 858 1115 858 1115 859 1635 859 1056 859 1056 859 1635 859 1636 859 1056 860 1636 860 1057 860 1057 860 1636 860 1637 860 1057 861 1637 861 1165 861 1165 861 1637 861 1638 861 1165 862 1638 862 1242 862 1242 862 1638 862 1639 862 1639 863 490 863 1242 863 1242 863 490 863 492 863 491 864 1640 864 493 864 493 864 1640 864 673 864 1641 865 1642 865 678 865 678 865 1642 865 679 865 1642 866 1643 866 679 866 679 866 1643 866 1166 866 1166 867 1643 867 1164 867 1164 867 1643 867 1644 867 1164 868 1644 868 1131 868 1131 868 1644 868 1645 868 1131 869 1645 869 1132 869 1132 869 1645 869 1646 869 1132 870 1646 870 1077 870 1077 870 1646 870 1647 870 1647 871 1648 871 1077 871 1077 871 1648 871 1078 871 1078 872 1648 872 1167 872 1167 872 1648 872 1649 872 1167 873 1649 873 1168 873 1168 873 1649 873 1650 873 1168 874 1650 874 1284 874 1284 874 1650 874 1651 874 1284 875 1651 875 1282 875 1282 875 1651 875 1652 875 1652 876 1653 876 1282 876 1282 876 1653 876 689 876 1653 877 1654 877 689 877 689 877 1654 877 682 877 1655 878 1656 878 687 878 687 879 1656 879 688 879 1656 880 1657 880 688 880 688 881 1657 881 1283 881 1283 882 1657 882 1285 882 1285 882 1657 882 1658 882 1285 883 1658 883 1286 883 1286 883 1658 883 1659 883 1286 884 1659 884 1169 884 1169 884 1659 884 1660 884 1169 885 1660 885 1093 885 1093 885 1660 885 1661 885 1661 886 1662 886 1093 886 1093 886 1662 886 1094 886 1094 887 1662 887 1287 887 1287 887 1662 887 1663 887 1287 888 1663 888 1288 888 1288 888 1663 888 1664 888 1288 889 1664 889 1397 889 1397 889 1664 889 1665 889 1397 890 1665 890 1395 890 1395 890 1665 890 1666 890 1666 891 1667 891 1395 891 1395 891 1667 891 699 891 1667 892 1668 892 699 892 699 892 1668 892 692 892 1669 893 1670 893 697 893 697 894 1670 894 698 894 1670 895 1671 895 698 895 698 896 1671 896 1396 896 1396 897 1671 897 1398 897 1398 897 1671 897 1672 897 1398 898 1672 898 1399 898 1399 898 1672 898 1673 898 1399 899 1673 899 1289 899 1289 899 1673 899 1674 899 1289 900 1674 900 1206 900 1206 900 1674 900 1675 900 1675 901 1676 901 1206 901 1206 901 1676 901 1207 901 1207 902 1676 902 1208 902 1208 902 1676 902 1677 902 1208 903 1677 903 1209 903 1209 903 1677 903 1678 903 1209 904 1678 904 1451 904 1451 904 1678 904 1679 904 1451 905 1679 905 1449 905 1449 905 1679 905 1680 905 1680 906 1681 906 1449 906 1449 906 1681 906 709 906 1681 907 1682 907 709 907 709 907 1682 907 702 907 1683 908 1684 908 707 908 707 908 1684 908 708 908 1684 909 1685 909 708 909 708 909 1685 909 1450 909 1450 910 1685 910 1452 910 1452 910 1685 910 1686 910 1452 911 1686 911 1453 911 1453 911 1686 911 1687 911 1453 912 1687 912 1329 912 1329 912 1687 912 1688 912 1329 913 1688 913 1328 913 1328 913 1688 913 1689 913 1689 914 1690 914 1328 914 1328 914 1690 914 1079 914 1079 915 1690 915 1066 915 1066 915 1690 915 1691 915 1066 916 1691 916 1067 916 1067 916 1691 916 1692 916 1067 917 1692 917 1133 917 1133 917 1692 917 1693 917 1133 918 1693 918 1330 918 1330 918 1693 918 1694 918 1694 919 1695 919 1330 919 1330 919 1695 919 719 919 1695 920 1696 920 719 920 719 920 1696 920 712 920 1697 921 1698 921 717 921 717 921 1698 921 718 921 1698 922 1699 922 718 922 718 922 1699 922 1331 922 1331 923 1699 923 1332 923 1332 923 1699 923 1700 923 1332 924 1700 924 482 924 482 924 1700 924 483 924 489 925 1701 925 488 925 488 925 1701 925 1243 925 1243 926 1701 926 1134 926 1134 926 1701 926 1702 926 1134 927 1702 927 1135 927 1135 927 1702 927 1703 927 1135 928 1703 928 1244 928 1244 928 1703 928 1704 928 1244 929 1704 929 1454 929 1454 929 1704 929 1705 929 1705 930 1706 930 1454 930 1454 930 1706 930 729 930 1706 931 1707 931 729 931 729 931 1707 931 722 931 1708 932 1709 932 727 932 727 932 1709 932 728 932 1709 933 1710 933 728 933 728 933 1710 933 1455 933 1455 934 1710 934 1456 934 1456 934 1710 934 1711 934 1456 935 1711 935 474 935 474 935 1711 935 475 935 481 936 1712 936 480 936 480 936 1712 936 1290 936 1290 937 1712 937 1097 937 1097 937 1712 937 1713 937 1097 938 1713 938 1096 938 1096 938 1713 938 1714 938 1096 939 1714 939 1095 939 1095 939 1714 939 1715 939 1095 940 1715 940 1245 940 1245 940 1715 940 1716 940 1716 941 1717 941 1245 941 1245 941 1717 941 739 941 1717 942 1718 942 739 942 739 942 1718 942 732 942 1719 943 1720 943 737 943 737 943 1720 943 738 943 1720 944 1721 944 738 944 738 944 1721 944 1246 944 1246 945 1721 945 1247 945 1247 945 1721 945 1722 945 1247 946 1722 946 468 946 468 946 1722 946 469 946 473 947 1723 947 472 947 472 947 1723 947 1098 947 1098 948 1723 948 1136 948 1136 948 1723 948 1724 948 1136 949 1724 949 1137 949 1137 949 1724 949 1725 949 1137 950 1725 950 1138 950 1138 950 1725 950 1726 950 1138 951 1726 951 1291 951 1291 951 1726 951 1727 951 1727 952 1728 952 1291 952 1291 952 1728 952 749 952 1728 953 1729 953 749 953 749 953 1729 953 742 953 1730 954 1731 954 747 954 747 954 1731 954 748 954 1731 955 1732 955 748 955 748 955 1732 955 1292 955 1292 956 1732 956 1293 956 1293 956 1732 956 1733 956 1293 957 1733 957 462 957 462 957 1733 957 463 957 467 958 1734 958 466 958 466 958 1734 958 1170 958 1170 959 1734 959 1253 959 1253 959 1734 959 1735 959 1253 960 1735 960 1252 960 1252 960 1735 960 1736 960 1252 961 1736 961 1250 961 1250 961 1736 961 1737 961 1250 962 1737 962 1248 962 1248 962 1737 962 1738 962 1738 963 1739 963 1248 963 1248 963 1739 963 759 963 1739 964 1740 964 759 964 759 964 1740 964 752 964 1741 965 1742 965 757 965 757 965 1742 965 758 965 1742 966 1743 966 758 966 758 966 1743 966 1249 966 1249 967 1743 967 1251 967 1251 967 1743 967 1744 967 1251 968 1744 968 456 968 456 968 1744 968 457 968 461 969 1745 969 460 969 460 969 1745 969 1254 969 1254 970 1745 970 1255 970 1255 970 1745 970 1746 970 1255 971 1746 971 1173 971 1173 971 1746 971 1747 971 1173 972 1747 972 1171 972 1171 972 1747 972 1748 972 1171 973 1748 973 1333 973 1333 973 1748 973 1749 973 1749 974 1750 974 1333 974 1333 974 1750 974 769 974 1750 975 1751 975 769 975 769 975 1751 975 762 975 1752 976 1753 976 767 976 767 976 1753 976 768 976 1753 977 1754 977 768 977 768 977 1754 977 1334 977 1334 978 1754 978 1335 978 1335 978 1754 978 1755 978 1335 979 1755 979 1172 979 1172 979 1755 979 1756 979 1172 980 1756 980 450 980 450 980 1756 980 451 980 455 981 1757 981 454 981 454 981 1757 981 1336 981 1336 982 1757 982 1177 982 1177 982 1757 982 1758 982 1177 983 1758 983 1176 983 1176 983 1758 983 1759 983 1176 984 1759 984 1174 984 1174 984 1759 984 1760 984 1174 985 1760 985 1337 985 1337 985 1760 985 1761 985 1761 986 1762 986 1337 986 1337 986 1762 986 779 986 1762 987 1763 987 779 987 779 987 1763 987 772 987 1764 988 1765 988 777 988 777 988 1765 988 778 988 1765 989 1766 989 778 989 778 989 1766 989 1338 989 1338 990 1766 990 1339 990 1339 990 1766 990 1767 990 1339 991 1767 991 1175 991 1175 991 1767 991 1768 991 1175 992 1768 992 446 992 446 992 1768 992 447 992 449 993 1769 993 448 993 448 993 1769 993 1210 993 1210 994 1769 994 1261 994 1261 994 1769 994 1770 994 1261 995 1770 995 1260 995 1260 995 1770 995 1771 995 1260 996 1771 996 1258 996 1258 996 1771 996 1772 996 1258 997 1772 997 1256 997 1256 997 1772 997 1773 997 1773 998 1774 998 1256 998 1256 998 1774 998 789 998 1774 999 1775 999 789 999 789 999 1775 999 782 999 1776 1000 1777 1000 787 1000 787 1000 1777 1000 788 1000 1777 1001 1778 1001 788 1001 788 1001 1778 1001 1257 1001 1257 1002 1778 1002 1259 1002 1259 1002 1778 1002 1779 1002 1259 1003 1779 1003 1211 1003 1211 1003 1779 1003 1780 1003 1211 1004 1780 1004 442 1004 442 1004 1780 1004 443 1004 445 1005 1781 1005 444 1005 444 1005 1781 1005 1268 1005 1268 1006 1781 1006 1267 1006 1267 1006 1781 1006 1782 1006 1267 1007 1782 1007 1266 1007 1266 1007 1782 1007 1783 1007 1266 1008 1783 1008 1264 1008 1264 1008 1783 1008 1784 1008 1264 1009 1784 1009 1262 1009 1262 1009 1784 1009 1785 1009 1785 1010 1786 1010 1262 1010 1262 1010 1786 1010 799 1010 1786 1011 1787 1011 799 1011 799 1011 1787 1011 792 1011 1788 1012 1789 1012 797 1012 797 1012 1789 1012 798 1012 1789 1013 1790 1013 798 1013 798 1013 1790 1013 1263 1013 1263 1014 1790 1014 1265 1014 1265 1014 1790 1014 1791 1014 1265 1015 1791 1015 1058 1015 1058 1015 1791 1015 1792 1015 1058 1016 1792 1016 438 1016 438 1016 1792 1016 439 1016 441 1017 1793 1017 440 1017 440 1017 1793 1017 1356 1017 1356 1018 1793 1018 1357 1018 1357 1018 1793 1018 1794 1018 1357 1019 1794 1019 1214 1019 1214 1019 1794 1019 1795 1019 1214 1020 1795 1020 1212 1020 1212 1020 1795 1020 1796 1020 1212 1021 1796 1021 1353 1021 1353 1021 1796 1021 1797 1021 1797 1022 1798 1022 1353 1022 1353 1022 1798 1022 809 1022 1798 1023 1799 1023 809 1023 809 1023 1799 1023 802 1023 1800 1024 1801 1024 807 1024 807 1024 1801 1024 808 1024 1801 1025 1802 1025 808 1025 808 1025 1802 1025 1354 1025 1354 1026 1802 1026 1355 1026 1355 1026 1802 1026 1803 1026 1355 1027 1803 1027 1213 1027 1213 1027 1803 1027 1804 1027 1213 1028 1804 1028 1215 1028 1215 1028 1804 1028 1805 1028 1215 1029 1805 1029 434 1029 434 1029 1805 1029 435 1029 437 1030 1806 1030 436 1030 436 1030 1806 1030 1300 1030 1300 1031 1806 1031 1301 1031 1301 1031 1806 1031 1807 1031 1301 1032 1807 1032 1216 1032 1216 1032 1807 1032 1808 1032 1216 1033 1808 1033 1218 1033 1218 1033 1808 1033 1809 1033 1218 1034 1809 1034 1368 1034 1368 1034 1809 1034 1810 1034 1810 1035 1811 1035 1368 1035 1368 1035 1811 1035 819 1035 1811 1036 1812 1036 819 1036 819 1036 1812 1036 812 1036 1813 1037 1814 1037 817 1037 817 1037 1814 1037 818 1037 1814 1038 1815 1038 818 1038 818 1038 1815 1038 1369 1038 1369 1039 1815 1039 1370 1039 1370 1039 1815 1039 1816 1039 1370 1040 1816 1040 1217 1040 1217 1040 1816 1040 1817 1040 1217 1041 1817 1041 1063 1041 1063 1041 1817 1041 1818 1041 1063 1042 1818 1042 1064 1042 1064 1042 1818 1042 1819 1042 1819 1043 427 1043 1064 1043 1064 1043 427 1043 426 1043 432 1044 433 1044 1279 1044 1279 1044 433 1044 1820 1044 1820 1045 1821 1045 1279 1045 1279 1046 1821 1046 829 1046 1821 1047 1822 1047 829 1047 829 1048 1822 1048 822 1048 1823 1049 1824 1049 827 1049 827 1049 1824 1049 828 1049 1824 1050 1825 1050 828 1050 828 1050 1825 1050 1280 1050 1280 1051 1825 1051 1281 1051 1281 1051 1825 1051 1826 1051 1281 1052 1826 1052 1125 1052 1125 1052 1826 1052 1827 1052 1125 1053 1827 1053 1124 1053 1124 1053 1827 1053 1828 1053 1124 1054 1828 1054 1154 1054 1154 1054 1828 1054 1829 1054 1829 1055 1830 1055 1154 1055 1154 1055 1830 1055 1126 1055 1126 1056 1830 1056 418 1056 418 1056 1830 1056 419 1056 424 1057 425 1057 1198 1057 1198 1057 425 1057 1831 1057 1831 1058 1832 1058 1198 1058 1198 1058 1832 1058 839 1058 1832 1059 1833 1059 839 1059 839 1059 1833 1059 832 1059 1834 1060 1835 1060 837 1060 837 1060 1835 1060 838 1060 1835 1061 1836 1061 838 1061 838 1061 1836 1061 1199 1061 1199 1062 1836 1062 1054 1062 1054 1062 1836 1062 1837 1062 1054 1063 1837 1063 1055 1063 1055 1063 1837 1063 1838 1063 1055 1064 1838 1064 1155 1064 1155 1064 1838 1064 1839 1064 1155 1065 1839 1065 1156 1065 1156 1065 1839 1065 1840 1065 1840 1066 1841 1066 1156 1066 1156 1066 1841 1066 1157 1066 1157 1067 1841 1067 412 1067 412 1067 1841 1067 413 1067 416 1068 417 1068 1158 1068 1158 1068 417 1068 1842 1068 1842 1069 1843 1069 1158 1069 1158 1069 1843 1069 849 1069 1843 1070 1844 1070 849 1070 849 1070 1844 1070 842 1070 1845 1071 1846 1071 847 1071 847 1071 1846 1071 848 1071 1846 1072 1847 1072 848 1072 848 1072 1847 1072 1159 1072 1159 1073 1847 1073 1160 1073 1160 1073 1847 1073 1848 1073 1160 1074 1848 1074 1127 1074 1127 1074 1848 1074 1849 1074 1127 1075 1849 1075 1128 1075 1128 1075 1849 1075 1850 1075 1128 1076 1850 1076 1129 1076 1129 1076 1850 1076 1851 1076 1851 1077 1852 1077 1129 1077 1129 1077 1852 1077 1090 1077 1090 1078 1852 1078 406 1078 406 1078 1852 1078 407 1078 410 1079 411 1079 1200 1079 1200 1079 411 1079 1853 1079 1853 1080 1854 1080 1200 1080 1200 1080 1854 1080 859 1080 1854 1081 1855 1081 859 1081 859 1081 1855 1081 852 1081 1856 1082 1857 1082 857 1082 857 1082 1857 1082 858 1082 1857 1083 1858 1083 858 1083 858 1083 1858 1083 1201 1083 1201 1084 1858 1084 1202 1084 1202 1084 1858 1084 1859 1084 1202 1085 1859 1085 1076 1085 1076 1085 1859 1085 1860 1085 1076 1086 1860 1086 1203 1086 1203 1086 1860 1086 1861 1086 1203 1087 1861 1087 1204 1087 1204 1087 1861 1087 1862 1087 1862 1088 1863 1088 1204 1088 1204 1088 1863 1088 1205 1088 1205 1089 1863 1089 400 1089 400 1089 1863 1089 401 1089 404 1090 405 1090 1234 1090 1234 1090 405 1090 1864 1090 1864 1091 1865 1091 1234 1091 1234 1091 1865 1091 869 1091 1865 1092 1866 1092 869 1092 869 1092 1866 1092 862 1092 1867 1093 1868 1093 867 1093 867 1093 1868 1093 868 1093 1868 1094 1869 1094 868 1094 868 1094 1869 1094 1235 1094 1235 1095 1869 1095 1236 1095 1236 1095 1869 1095 1870 1095 1236 1096 1870 1096 1237 1096 1237 1096 1870 1096 1871 1096 1237 1097 1871 1097 1238 1097 1238 1097 1871 1097 1872 1097 1238 1098 1872 1098 1365 1098 1365 1098 1872 1098 1873 1098 1873 1099 1874 1099 1365 1099 1365 1099 1874 1099 1366 1099 1366 1100 1874 1100 1367 1100 1367 1100 1874 1100 1875 1100 1367 1101 1875 1101 394 1101 394 1101 1875 1101 395 1101 398 1102 399 1102 1326 1102 1326 1102 399 1102 1876 1102 1876 1103 1877 1103 1326 1103 1326 1103 1877 1103 879 1103 1877 1104 1878 1104 879 1104 879 1104 1878 1104 872 1104 1879 1105 1880 1105 877 1105 877 1105 1880 1105 878 1105 1880 1106 1881 1106 878 1106 878 1106 1881 1106 1327 1106 1327 1107 1881 1107 1130 1107 1130 1107 1881 1107 1882 1107 1130 1108 1882 1108 1091 1108 1091 1108 1882 1108 1883 1108 1091 1109 1883 1109 1092 1109 1092 1109 1883 1109 1884 1109 1092 1110 1884 1110 1239 1110 1239 1110 1884 1110 1885 1110 1885 1111 1886 1111 1239 1111 1239 1111 1886 1111 1240 1111 1240 1112 1886 1112 1241 1112 1241 1112 1886 1112 1887 1112 1241 1113 1887 1113 390 1113 390 1113 1887 1113 391 1113 392 1114 393 1114 1161 1114 1161 1114 393 1114 1888 1114 1888 1115 1889 1115 1161 1115 1161 1115 1889 1115 889 1115 1889 1116 1890 1116 889 1116 889 1116 1890 1116 882 1116 1891 1117 1892 1117 887 1117 887 1117 1892 1117 888 1117 1892 1118 1893 1118 888 1118 888 1118 1893 1118 1162 1118 1162 1119 1893 1119 1163 1119 1163 1119 1893 1119 1894 1119 1163 1120 1894 1120 1071 1120 1071 1120 1894 1120 1895 1120 1071 1121 1895 1121 1072 1121 1072 1121 1895 1121 1896 1121 1072 1122 1896 1122 1052 1122 1052 1122 1896 1122 1897 1122 1897 1123 1898 1123 1052 1123 1052 1123 1898 1123 1053 1123 1053 1124 1898 1124 1065 1124 1065 1124 1898 1124 1899 1124 1065 1125 1899 1125 386 1125 386 1125 1899 1125 387 1125 388 1126 389 1126 1070 1126 1070 1126 389 1126 1900 1126 1900 1127 1901 1127 1070 1127 1070 1127 1901 1127 899 1127 1901 1128 1902 1128 899 1128 899 1128 1902 1128 892 1128 1903 1129 1904 1129 897 1129 897 1129 1904 1129 898 1129 1904 1130 1905 1130 898 1130 898 1130 1905 1130 1069 1130 1069 1131 1905 1131 1059 1131 1059 1131 1905 1131 1906 1131 1059 1132 1906 1132 1060 1132 1060 1132 1906 1132 1907 1132 1060 1133 1907 1133 1062 1133 1062 1133 1907 1133 1908 1133 1062 1134 1908 1134 1459 1134 1459 1134 1908 1134 1909 1134 1909 1135 1910 1135 1459 1135 1459 1135 1910 1135 1460 1135 1460 1136 1910 1136 1321 1136 1321 1136 1910 1136 1911 1136 1321 1137 1911 1137 382 1137 382 1137 1911 1137 383 1137 384 1138 385 1138 1457 1138 1457 1138 385 1138 1912 1138 1912 1139 1913 1139 1457 1139 1457 1140 1913 1140 909 1140 1913 1141 1914 1141 909 1141 909 1142 1914 1142 902 1142 1915 1143 1916 1143 907 1143 907 1143 1916 1143 908 1143 1916 1144 1917 1144 908 1144 908 1144 1917 1144 1458 1144 1458 1145 1917 1145 1319 1145 1319 1145 1917 1145 1918 1145 1319 1146 1918 1146 1320 1146 1320 1146 1918 1146 1919 1146 1320 1147 1919 1147 1428 1147 1428 1147 1919 1147 1920 1147 1428 1148 1920 1148 1429 1148 1429 1148 1920 1148 1921 1148 1921 1149 1922 1149 1429 1149 1429 1149 1922 1149 1430 1149 1430 1150 1922 1150 1431 1150 1431 1150 1922 1150 1923 1150 1431 1151 1923 1151 1433 1151 1433 1151 1923 1151 1924 1151 1433 1152 1924 1152 378 1152 378 1152 1924 1152 379 1152 380 1153 381 1153 1495 1153 1495 1153 381 1153 1925 1153 1925 1154 1926 1154 1495 1154 1495 1154 1926 1154 919 1154 1926 1155 1927 1155 919 1155 919 1155 1927 1155 912 1155 1928 1156 1929 1156 917 1156 917 1156 1929 1156 918 1156 1929 1157 1930 1157 918 1157 918 1157 1930 1157 1496 1157 1496 1158 1930 1158 1434 1158 1434 1158 1930 1158 1931 1158 1434 1159 1931 1159 1432 1159 1432 1159 1931 1159 1932 1159 1432 1160 1932 1160 1435 1160 1435 1160 1932 1160 1933 1160 1435 1161 1933 1161 1436 1161 1436 1161 1933 1161 1934 1161 1934 1162 1935 1162 1436 1162 1436 1162 1935 1162 1474 1162 1474 1163 1935 1163 1498 1163 1498 1163 1935 1163 1936 1163 1498 1164 1936 1164 1499 1164 1499 1164 1936 1164 1937 1164 1499 1165 1937 1165 374 1165 374 1165 1937 1165 375 1165 376 1166 377 1166 1497 1166 1497 1166 377 1166 1938 1166 1938 1167 1939 1167 1497 1167 1497 1167 1939 1167 929 1167 1939 1168 1940 1168 929 1168 929 1168 1940 1168 922 1168 1941 1169 1942 1169 927 1169 927 1169 1942 1169 928 1169 1942 1170 1943 1170 928 1170 928 1170 1943 1170 1501 1170 1501 1171 1943 1171 1500 1171 1500 1171 1943 1171 1944 1171 1500 1172 1944 1172 1475 1172 1475 1172 1944 1172 1945 1172 1475 1173 1945 1173 1437 1173 1437 1173 1945 1173 1946 1173 1437 1174 1946 1174 1438 1174 1438 1174 1946 1174 1947 1174 1947 1175 1948 1175 1438 1175 1438 1175 1948 1175 1231 1175 1231 1176 1948 1176 1232 1176 1232 1176 1948 1176 1949 1176 1232 1177 1949 1177 1233 1177 1233 1177 1949 1177 1950 1177 1233 1178 1950 1178 1461 1178 1461 1178 1950 1178 1951 1178 1461 1179 1951 1179 1462 1179 1462 1179 1951 1179 1952 1179 1952 1180 1953 1180 1462 1180 1462 1180 1953 1180 939 1180 1953 1181 1954 1181 939 1181 939 1181 1954 1181 932 1181 1955 1182 1956 1182 937 1182 937 1183 1956 1183 938 1183 1956 1184 1957 1184 938 1184 938 1185 1957 1185 1463 1185 1463 1186 1957 1186 1322 1186 1322 1186 1957 1186 1958 1186 1322 1187 1958 1187 1323 1187 1323 1187 1958 1187 1959 1187 1323 1188 1959 1188 1390 1188 1390 1188 1959 1188 1960 1188 1390 1189 1960 1189 1391 1189 1391 1189 1960 1189 1961 1189 1961 1190 1962 1190 1391 1190 1391 1190 1962 1190 1392 1190 1392 1191 1962 1191 1117 1191 1117 1191 1962 1191 1963 1191 1117 1192 1963 1192 1118 1192 1118 1192 1963 1192 1964 1192 1118 1193 1964 1193 1441 1193 1441 1193 1964 1193 1965 1193 1441 1194 1965 1194 1439 1194 1439 1194 1965 1194 1966 1194 1966 1195 1967 1195 1439 1195 1439 1195 1967 1195 949 1195 1967 1196 1968 1196 949 1196 949 1196 1968 1196 942 1196 1969 1197 1970 1197 947 1197 947 1197 1970 1197 948 1197 1970 1198 1971 1198 948 1198 948 1198 1971 1198 1440 1198 1440 1199 1971 1199 1442 1199 1442 1199 1971 1199 1972 1199 1442 1200 1972 1200 1443 1200 1443 1200 1972 1200 1973 1200 1443 1201 1973 1201 1325 1201 1325 1201 1973 1201 1974 1201 1325 1202 1974 1202 1324 1202 1324 1202 1974 1202 1975 1202 1975 1203 1976 1203 1324 1203 1324 1203 1976 1203 1188 1203 1188 1204 1976 1204 1189 1204 1189 1204 1976 1204 1977 1204 1189 1205 1977 1205 1190 1205 1190 1205 1977 1205 1978 1205 1190 1206 1978 1206 1446 1206 1446 1206 1978 1206 1979 1206 1446 1207 1979 1207 1444 1207 1444 1207 1979 1207 1980 1207 1980 1208 1981 1208 1444 1208 1444 1209 1981 1209 959 1209 1981 1210 1982 1210 959 1210 959 1211 1982 1211 952 1211 1983 1212 1984 1212 957 1212 957 1212 1984 1212 958 1212 1984 1213 1985 1213 958 1213 958 1213 1985 1213 1445 1213 1445 1214 1985 1214 1447 1214 1447 1214 1985 1214 1986 1214 1447 1215 1986 1215 1448 1215 1448 1215 1986 1215 1987 1215 1448 1216 1987 1216 1394 1216 1394 1216 1987 1216 1988 1216 1394 1217 1988 1217 1393 1217 1393 1217 1988 1217 1989 1217 1989 1218 1990 1218 1393 1218 1393 1218 1990 1218 1083 1218 1083 1219 1990 1219 1084 1219 1084 1219 1990 1219 1991 1219 1084 1220 1991 1220 1089 1220 1089 1220 1991 1220 1992 1220 1089 1221 1992 1221 1088 1221 1088 1221 1992 1221 1993 1221 1088 1222 1993 1222 1195 1222 1195 1222 1993 1222 1994 1222 1994 1223 1995 1223 1195 1223 1195 1223 1995 1223 969 1223 1995 1224 1996 1224 969 1224 969 1224 1996 1224 962 1224 1997 1225 1998 1225 967 1225 967 1225 1998 1225 968 1225 1998 1226 370 1226 968 1226 968 1226 370 1226 372 1226 373 1227 371 1227 1086 1227 1086 1227 371 1227 1999 1227 1086 1228 1999 1228 1087 1228 1087 1228 1999 1228 2000 1228 1087 1229 2000 1229 1191 1229 1191 1229 2000 1229 2001 1229 1191 1230 2001 1230 1192 1230 1192 1230 2001 1230 2002 1230 2002 1231 2003 1231 1192 1231 1192 1231 2003 1231 1193 1231 1193 1232 2003 1232 1194 1232 1194 1232 2003 1232 2004 1232 1194 1233 2004 1233 1119 1233 1119 1233 2004 1233 2005 1233 1119 1234 2005 1234 1120 1234 1120 1234 2005 1234 2006 1234 1120 1235 2006 1235 1273 1235 1273 1235 2006 1235 2007 1235 2007 1236 2008 1236 1273 1236 1273 1236 2008 1236 970 1236 2008 1237 2009 1237 970 1237 970 1237 2009 1237 975 1237 365 1238 364 1238 972 1238 971 1239 2010 1239 972 1239 972 1239 2010 1239 2011 1239 972 1238 2011 1238 365 1238 369 1240 2012 1240 368 1240 368 1240 2012 1240 1274 1240 1274 1241 2012 1241 1275 1241 1275 1241 2012 1241 2013 1241 1275 1242 2013 1242 1085 1242 1085 1242 2013 1242 2014 1242 1085 1243 2014 1243 1148 1243 1148 1243 2014 1243 2015 1243 1148 1244 2015 1244 1149 1244 1149 1244 2015 1244 2016 1244 2016 1245 2017 1245 1149 1245 1149 1245 2017 1245 1150 1245 1150 1246 2017 1246 1197 1246 1197 1246 2017 1246 2018 1246 1197 1247 2018 1247 1122 1247 1122 1247 2018 1247 2019 1247 1122 1248 2019 1248 1123 1248 1123 1248 2019 1248 2020 1248 1123 1249 2020 1249 1276 1249 1276 1249 2020 1249 2021 1249 2021 1250 2022 1250 1276 1250 1276 1250 2022 1250 984 1250 2022 1251 2023 1251 984 1251 984 1251 2023 1251 982 1251 301 1252 2024 1252 302 1252 302 1252 2024 1252 988 1252 2024 1253 2025 1253 988 1253 988 1253 2025 1253 1277 1253 1277 1254 2025 1254 1278 1254 1278 1254 2025 1254 2026 1254 1278 1255 2026 1255 1121 1255 1121 1255 2026 1255 2027 1255 1121 1256 2027 1256 1196 1256 1196 1256 2027 1256 2028 1256 1196 1257 2028 1257 1151 1257 1151 1257 2028 1257 2029 1257 2029 1258 2030 1258 1151 1258 1151 1258 2030 1258 1152 1258 1152 1259 2030 1259 1153 1259 1153 1259 2030 1259 2031 1259 1153 1260 2031 1260 1073 1260 1073 1260 2031 1260 2032 1260 1073 1261 2032 1261 1074 1261 1074 1261 2032 1261 2033 1261 1074 1262 2033 1262 1075 1262 1075 1262 2033 1262 2034 1262 2034 1263 2035 1263 1075 1263 1075 1263 2035 1263 993 1263 2035 1264 2036 1264 993 1264 993 1264 2036 1264 991 1264 299 1265 2037 1265 297 1265 297 1265 2037 1265 996 1265 2037 1266 2038 1266 996 1266 996 1266 2038 1266 1099 1266 1099 1267 2038 1267 1100 1267 1100 1267 2038 1267 2039 1267 1100 1268 2039 1268 1294 1268 1294 1268 2039 1268 2040 1268 1294 1269 2040 1269 1295 1269 1295 1269 2040 1269 2041 1269 1295 1270 2041 1270 1296 1270 1296 1270 2041 1270 2042 1270 2042 1271 2043 1271 1296 1271 1296 1271 2043 1271 1297 1271 1297 1272 2043 1272 1178 1272 1178 1272 2043 1272 2044 1272 1178 1273 2044 1273 1340 1273 1340 1273 2044 1273 2045 1273 1340 1274 2045 1274 1402 1274 1402 1274 2045 1274 2046 1274 1402 1275 2046 1275 1400 1275 1400 1275 2046 1275 2047 1275 2047 1276 2048 1276 1400 1276 1400 1276 2048 1276 998 1276 2048 1277 2049 1277 998 1277 998 1277 2049 1277 1001 1277 293 1278 2050 1278 291 1278 291 1278 2050 1278 997 1278 2050 1279 2051 1279 997 1279 997 1279 2051 1279 1401 1279 1401 1280 2051 1280 1403 1280 1403 1280 2051 1280 2052 1280 1403 1281 2052 1281 1404 1281 1404 1281 2052 1281 2053 1281 1404 1282 2053 1282 1341 1282 1341 1282 2053 1282 2054 1282 1341 1283 2054 1283 1342 1283 1342 1283 2054 1283 2055 1283 2055 1284 2056 1284 1342 1284 1342 1284 2056 1284 1343 1284 1343 1285 2056 1285 1405 1285 1405 1285 2056 1285 2057 1285 1405 1286 2057 1286 1406 1286 1406 1286 2057 1286 2058 1286 1406 1287 2058 1287 1478 1287 1478 1287 2058 1287 2059 1287 1478 1288 2059 1288 1476 1288 1476 1288 2059 1288 2060 1288 2060 1289 2061 1289 1476 1289 1476 1289 2061 1289 1006 1289 2061 1290 2062 1290 1006 1290 1006 1290 2062 1290 1009 1290 287 1291 2063 1291 285 1291 285 1291 2063 1291 1005 1291 2063 1292 2064 1292 1005 1292 1005 1292 2064 1292 1477 1292 1477 1293 2064 1293 1479 1293 1479 1293 2064 1293 2065 1293 1479 1294 2065 1294 1480 1294 1480 1294 2065 1294 2066 1294 1480 1295 2066 1295 1407 1295 1407 1295 2066 1295 2067 1295 1407 1296 2067 1296 1344 1296 1344 1296 2067 1296 2068 1296 2068 1297 2069 1297 1344 1297 1344 1297 2069 1297 1345 1297 1345 1298 2069 1298 1408 1298 1408 1298 2069 1298 2070 1298 1408 1299 2070 1299 1409 1299 1409 1299 2070 1299 2071 1299 1409 1300 2071 1300 1483 1300 1483 1300 2071 1300 2072 1300 1483 1301 2072 1301 1481 1301 1481 1301 2072 1301 2073 1301 2073 1302 2074 1302 1481 1302 1481 1302 2074 1302 1019 1302 2074 1303 2075 1303 1019 1303 1019 1303 2075 1303 1017 1303 276 1304 2076 1304 277 1304 277 1304 2076 1304 1013 1304 2076 1305 2077 1305 1013 1305 1013 1305 2077 1305 1482 1305 1482 1306 2077 1306 1484 1306 1484 1306 2077 1306 2078 1306 1484 1307 2078 1307 1485 1307 1485 1307 2078 1307 2079 1307 1485 1308 2079 1308 1486 1308 1486 1308 2079 1308 2080 1308 1486 1309 2080 1309 1487 1309 1487 1309 2080 1309 2081 1309 2081 1310 2082 1310 1487 1310 1487 1310 2082 1310 1488 1310 1488 1311 2082 1311 1179 1311 1179 1311 2082 1311 2083 1311 1179 1312 2083 1312 1180 1312 1180 1312 2083 1312 2084 1312 1180 1313 2084 1313 1464 1313 1464 1313 2084 1313 2085 1313 1464 1314 2085 1314 1465 1314 1465 1314 2085 1314 2086 1314 2086 1315 2087 1315 1465 1315 1465 1315 2087 1315 1022 1315 2087 1316 2088 1316 1022 1316 1022 1316 2088 1316 1025 1316 270 1317 2089 1317 271 1317 271 1317 2089 1317 1021 1317 2089 1318 2090 1318 1021 1318 1021 1318 2090 1318 1466 1318 1466 1319 2090 1319 1346 1319 1346 1319 2090 1319 2091 1319 1346 1320 2091 1320 1347 1320 1347 1320 2091 1320 2092 1320 1347 1321 2092 1321 1410 1321 1410 1321 2092 1321 2093 1321 1410 1322 2093 1322 1411 1322 1411 1322 2093 1322 2094 1322 2094 1323 2095 1323 1411 1323 1411 1323 2095 1323 1412 1323 1412 1324 2095 1324 1298 1324 1298 1324 2095 1324 2096 1324 1298 1325 2096 1325 1299 1325 1299 1325 2096 1325 2097 1325 1299 1326 2097 1326 1467 1326 1467 1326 2097 1326 2098 1326 1467 1327 2098 1327 1468 1327 1468 1327 2098 1327 2099 1327 2099 1328 2100 1328 1468 1328 1468 1328 2100 1328 1034 1328 2100 1329 2101 1329 1034 1329 1034 1329 2101 1329 1032 1329 262 1330 2102 1330 263 1330 263 1330 2102 1330 1028 1330 2102 1331 2103 1331 1028 1331 1028 1331 2103 1331 1469 1331 1469 1332 2103 1332 1348 1332 1348 1332 2103 1332 2104 1332 1348 1333 2104 1333 1349 1333 1349 1333 2104 1333 2105 1333 1349 1334 2105 1334 1470 1334 1470 1334 2105 1334 2106 1334 1470 1335 2106 1335 1471 1335 1471 1335 2106 1335 2107 1335 2107 1336 2108 1336 1471 1336 1471 1336 2108 1336 1472 1336 1472 1337 2108 1337 1269 1337 1269 1337 2108 1337 2109 1337 1269 1338 2109 1338 1184 1338 1184 1338 2109 1338 2110 1338 1184 1339 2110 1339 1350 1339 1350 1339 2110 1339 2111 1339 1350 1340 2111 1340 1351 1340 1351 1340 2111 1340 2112 1340 2112 1341 2113 1341 1351 1341 1351 1341 2113 1341 1040 1341 2113 1342 2114 1342 1040 1342 1040 1342 2114 1342 1038 1342 254 1343 2115 1343 255 1343 255 1343 2115 1343 1041 1343 2115 1344 2116 1344 1041 1344 1041 1344 2116 1344 1352 1344 1352 1345 2116 1345 1182 1345 1182 1345 2116 1345 2117 1345 1182 1346 2117 1346 1183 1346 1183 1346 2117 1346 2118 1346 1183 1347 2118 1347 1271 1347 1271 1347 2118 1347 2119 1347 1271 1348 2119 1348 1270 1348 1270 1348 2119 1348 2120 1348 2120 1349 2121 1349 1270 1349 1270 1349 2121 1349 1181 1349 1181 1350 2121 1350 1139 1350 1139 1350 2121 1350 2122 1350 1139 1351 2122 1351 1103 1351 1103 1351 2122 1351 2123 1351 1103 1352 2123 1352 1219 1352 1219 1352 2123 1352 2124 1352 1219 1353 2124 1353 1220 1353 1220 1353 2124 1353 2125 1353 2125 1354 2126 1354 1220 1354 1220 1354 2126 1354 1048 1354 2126 1355 2127 1355 1048 1355 1048 1355 2127 1355 1046 1355 246 1356 2128 1356 247 1356 247 1356 2128 1356 1049 1356 2128 1357 2129 1357 1049 1357 1049 1357 2129 1357 1221 1357 1221 1358 2129 1358 1101 1358 1101 1358 2129 1358 2130 1358 1101 1359 2130 1359 1102 1359 1102 1359 2130 1359 2131 1359 1102 1360 2131 1360 1104 1360 1104 1360 2131 1360 2132 1360 1104 1361 2132 1361 1272 1361 1272 1361 2132 1361 2133 1361 2133 1362 360 1362 1272 1362 1272 1363 360 1363 362 1363 363 1364 361 1364 1106 1364 1106 1364 361 1364 2134 1364 1106 1365 2134 1365 1107 1365 1107 1365 2134 1365 2135 1365 1107 1366 2135 1366 1302 1366 1302 1366 2135 1366 2136 1366 1302 1367 2136 1367 1303 1367 1303 1367 2136 1367 2137 1367 2137 1368 2138 1368 1303 1368 1303 1368 2138 1368 591 1368 2138 1369 2139 1369 591 1369 591 1369 2139 1369 590 1369 356 1370 355 1370 589 1370 356 1371 589 1371 2140 1371 2140 1372 589 1372 588 1372 2140 1373 588 1373 2141 1373 2141 1374 588 1374 590 1374 2141 1375 590 1375 2139 1375 359 1376 2142 1376 357 1376 357 1376 2142 1376 592 1376 592 1377 2142 1377 2143 1377 592 1377 2143 1377 593 1377 593 1378 2143 1378 2144 1378 593 1378 2144 1378 594 1378 594 1379 2144 1379 1502 1379 594 1379 1502 1379 596 1379 2145 1380 2146 1380 597 1380 597 1381 2146 1381 350 1381 597 1382 350 1382 349 1382 598 1383 1515 1383 597 1383 597 1384 1515 1384 2147 1384 597 1385 2147 1385 2145 1385 353 1386 2148 1386 351 1386 351 1386 2148 1386 600 1386 600 1387 2148 1387 2149 1387 600 1387 2149 1387 601 1387 601 1388 2149 1388 2150 1388 601 1388 2150 1388 602 1388 602 1389 2150 1389 1516 1389 602 1389 1516 1389 604 1389 2151 1390 2152 1390 608 1390 608 1391 2152 1391 344 1391 608 1392 344 1392 343 1392 609 1393 1529 1393 608 1393 608 1394 1529 1394 2153 1394 608 1395 2153 1395 2151 1395 347 1396 2154 1396 345 1396 345 1396 2154 1396 605 1396 605 1397 2154 1397 2155 1397 605 1397 2155 1397 606 1397 606 1398 2155 1398 2156 1398 606 1398 2156 1398 607 1398 607 1399 2156 1399 1530 1399 607 1399 1530 1399 612 1399 341 1400 339 1400 616 1400 341 1401 616 1401 2157 1401 2157 1402 616 1402 614 1402 2157 1403 614 1403 1543 1403 340 1404 2158 1404 338 1404 338 1404 2158 1404 617 1404 617 1405 2158 1405 2159 1405 617 1405 2159 1405 618 1405 618 1406 2159 1406 2160 1406 618 1406 2160 1406 619 1406 619 1407 2160 1407 1544 1407 619 1407 1544 1407 620 1407 337 1408 336 1408 622 1408 337 1409 622 1409 2161 1409 2161 1410 622 1410 621 1410 2161 1411 621 1411 1557 1411 332 1412 2162 1412 333 1412 333 1412 2162 1412 623 1412 623 1413 2162 1413 2163 1413 623 1413 2163 1413 624 1413 624 1414 2163 1414 2164 1414 624 1414 2164 1414 625 1414 625 1415 2164 1415 1558 1415 625 1415 1558 1415 626 1415 2165 1416 331 1416 330 1416 2165 1417 330 1417 1571 1417 1571 1418 330 1418 632 1418 1571 1419 632 1419 630 1419 326 1420 2166 1420 327 1420 327 1420 2166 1420 633 1420 633 1421 2166 1421 2167 1421 633 1421 2167 1421 634 1421 634 1422 2167 1422 2168 1422 634 1422 2168 1422 635 1422 635 1423 2168 1423 1572 1423 635 1423 1572 1423 636 1423 2169 1424 325 1424 324 1424 2169 1425 324 1425 1585 1425 1585 1426 324 1426 640 1426 1585 1427 640 1427 638 1427 320 1428 2170 1428 321 1428 321 1428 2170 1428 641 1428 641 1429 2170 1429 2171 1429 641 1429 2171 1429 642 1429 642 1430 2171 1430 2172 1430 642 1430 2172 1430 643 1430 643 1431 2172 1431 1586 1431 643 1431 1586 1431 644 1431 2173 1432 319 1432 318 1432 2173 1433 318 1433 1599 1433 1599 1434 318 1434 648 1434 1599 1435 648 1435 646 1435 314 1436 2174 1436 315 1436 315 1436 2174 1436 649 1436 649 1437 2174 1437 2175 1437 649 1437 2175 1437 650 1437 650 1438 2175 1438 2176 1438 650 1438 2176 1438 651 1438 651 1439 2176 1439 1600 1439 651 1439 1600 1439 652 1439 656 1440 655 1440 1613 1440 656 1441 1613 1441 312 1441 312 1442 1613 1442 2177 1442 312 1443 2177 1443 313 1443 306 1444 2178 1444 307 1444 307 1444 2178 1444 657 1444 657 1445 2178 1445 2179 1445 657 1445 2179 1445 658 1445 658 1446 2179 1446 2180 1446 658 1446 2180 1446 659 1446 659 1447 2180 1447 1614 1447 659 1447 1614 1447 660 1447 498 1448 497 1448 2181 1448 498 1448 2181 1448 664 1448 664 1449 2181 1449 2182 1449 664 1449 2182 1449 670 1449 670 1450 2182 1450 2183 1450 670 1450 2183 1450 669 1450 2183 1451 2184 1451 669 1451 669 1451 2184 1451 665 1451 665 1452 2184 1452 2185 1452 665 1452 2185 1452 666 1452 666 1453 2185 1453 2186 1453 666 1453 2186 1453 667 1453 667 1454 2186 1454 1628 1454 667 1454 1628 1454 668 1454 673 1455 1640 1455 2187 1455 673 1455 2187 1455 671 1455 671 1456 2187 1456 2188 1456 671 1456 2188 1456 672 1456 672 1457 2188 1457 2189 1457 672 1457 2189 1457 674 1457 2189 1458 2190 1458 674 1458 674 1458 2190 1458 675 1458 675 1459 2190 1459 2191 1459 675 1459 2191 1459 676 1459 676 1460 2191 1460 2192 1460 676 1460 2192 1460 677 1460 677 1461 2192 1461 1641 1461 677 1461 1641 1461 678 1461 682 1462 1654 1462 2193 1462 682 1462 2193 1462 680 1462 680 1463 2193 1463 2194 1463 680 1463 2194 1463 681 1463 681 1464 2194 1464 2195 1464 681 1464 2195 1464 683 1464 2195 1465 2196 1465 683 1465 683 1465 2196 1465 684 1465 684 1466 2196 1466 2197 1466 684 1466 2197 1466 685 1466 685 1467 2197 1467 2198 1467 685 1467 2198 1467 686 1467 686 1468 2198 1468 1655 1468 686 1468 1655 1468 687 1468 692 1469 1668 1469 2199 1469 692 1469 2199 1469 690 1469 690 1470 2199 1470 2200 1470 690 1470 2200 1470 691 1470 691 1471 2200 1471 2201 1471 691 1471 2201 1471 693 1471 2201 1472 2202 1472 693 1472 693 1472 2202 1472 694 1472 694 1473 2202 1473 2203 1473 694 1473 2203 1473 695 1473 695 1474 2203 1474 2204 1474 695 1474 2204 1474 696 1474 696 1475 2204 1475 1669 1475 696 1475 1669 1475 697 1475 702 1476 1682 1476 2205 1476 702 1476 2205 1476 700 1476 700 1477 2205 1477 2206 1477 700 1477 2206 1477 701 1477 701 1478 2206 1478 2207 1478 701 1478 2207 1478 703 1478 2207 1479 2208 1479 703 1479 703 1479 2208 1479 704 1479 704 1480 2208 1480 2209 1480 704 1480 2209 1480 705 1480 705 1481 2209 1481 2210 1481 705 1481 2210 1481 706 1481 706 1482 2210 1482 1683 1482 706 1482 1683 1482 707 1482 712 1483 1696 1483 2211 1483 712 1483 2211 1483 710 1483 710 1484 2211 1484 2212 1484 710 1484 2212 1484 711 1484 711 1485 2212 1485 2213 1485 711 1485 2213 1485 713 1485 2213 1486 2214 1486 713 1486 713 1486 2214 1486 714 1486 714 1487 2214 1487 2215 1487 714 1487 2215 1487 715 1487 715 1488 2215 1488 2216 1488 715 1488 2216 1488 716 1488 716 1489 2216 1489 1697 1489 716 1489 1697 1489 717 1489 722 1490 1707 1490 2217 1490 722 1490 2217 1490 720 1490 720 1491 2217 1491 2218 1491 720 1491 2218 1491 721 1491 721 1492 2218 1492 2219 1492 721 1492 2219 1492 723 1492 2219 1493 2220 1493 723 1493 723 1493 2220 1493 724 1493 724 1494 2220 1494 2221 1494 724 1494 2221 1494 725 1494 725 1495 2221 1495 2222 1495 725 1495 2222 1495 726 1495 726 1496 2222 1496 1708 1496 726 1496 1708 1496 727 1496 732 1497 1718 1497 2223 1497 732 1497 2223 1497 730 1497 730 1498 2223 1498 2224 1498 730 1498 2224 1498 731 1498 731 1499 2224 1499 2225 1499 731 1499 2225 1499 733 1499 2225 1500 2226 1500 733 1500 733 1500 2226 1500 734 1500 734 1501 2226 1501 2227 1501 734 1501 2227 1501 735 1501 735 1502 2227 1502 2228 1502 735 1502 2228 1502 736 1502 736 1503 2228 1503 1719 1503 736 1503 1719 1503 737 1503 742 1504 1729 1504 2229 1504 742 1504 2229 1504 740 1504 740 1505 2229 1505 2230 1505 740 1505 2230 1505 741 1505 741 1506 2230 1506 2231 1506 741 1506 2231 1506 743 1506 2231 1507 2232 1507 743 1507 743 1507 2232 1507 744 1507 744 1508 2232 1508 2233 1508 744 1508 2233 1508 745 1508 745 1509 2233 1509 2234 1509 745 1509 2234 1509 746 1509 746 1510 2234 1510 1730 1510 746 1510 1730 1510 747 1510 752 1511 1740 1511 2235 1511 752 1511 2235 1511 750 1511 750 1512 2235 1512 2236 1512 750 1512 2236 1512 751 1512 751 1513 2236 1513 2237 1513 751 1513 2237 1513 753 1513 2237 1514 2238 1514 753 1514 753 1514 2238 1514 754 1514 754 1515 2238 1515 2239 1515 754 1515 2239 1515 755 1515 755 1516 2239 1516 2240 1516 755 1516 2240 1516 756 1516 756 1517 2240 1517 1741 1517 756 1517 1741 1517 757 1517 762 1518 1751 1518 2241 1518 762 1518 2241 1518 760 1518 760 1519 2241 1519 2242 1519 760 1519 2242 1519 761 1519 761 1520 2242 1520 2243 1520 761 1520 2243 1520 763 1520 2243 1521 2244 1521 763 1521 763 1521 2244 1521 764 1521 764 1522 2244 1522 2245 1522 764 1522 2245 1522 765 1522 765 1523 2245 1523 2246 1523 765 1523 2246 1523 766 1523 766 1524 2246 1524 1752 1524 766 1524 1752 1524 767 1524 772 1525 1763 1525 2247 1525 772 1525 2247 1525 770 1525 770 1526 2247 1526 2248 1526 770 1526 2248 1526 771 1526 771 1527 2248 1527 2249 1527 771 1527 2249 1527 773 1527 2249 1528 2250 1528 773 1528 773 1528 2250 1528 774 1528 774 1529 2250 1529 2251 1529 774 1529 2251 1529 775 1529 775 1530 2251 1530 2252 1530 775 1530 2252 1530 776 1530 776 1531 2252 1531 1764 1531 776 1531 1764 1531 777 1531 782 1532 1775 1532 2253 1532 782 1532 2253 1532 780 1532 780 1533 2253 1533 2254 1533 780 1533 2254 1533 781 1533 781 1534 2254 1534 2255 1534 781 1534 2255 1534 783 1534 2255 1535 2256 1535 783 1535 783 1535 2256 1535 784 1535 784 1536 2256 1536 2257 1536 784 1536 2257 1536 785 1536 785 1537 2257 1537 2258 1537 785 1537 2258 1537 786 1537 786 1538 2258 1538 1776 1538 786 1538 1776 1538 787 1538 792 1539 1787 1539 2259 1539 792 1539 2259 1539 790 1539 790 1540 2259 1540 2260 1540 790 1540 2260 1540 791 1540 791 1541 2260 1541 2261 1541 791 1541 2261 1541 793 1541 2261 1542 2262 1542 793 1542 793 1542 2262 1542 794 1542 794 1543 2262 1543 2263 1543 794 1543 2263 1543 795 1543 795 1544 2263 1544 2264 1544 795 1544 2264 1544 796 1544 796 1545 2264 1545 1788 1545 796 1545 1788 1545 797 1545 802 1546 1799 1546 2265 1546 802 1546 2265 1546 800 1546 800 1547 2265 1547 2266 1547 800 1547 2266 1547 801 1547 801 1548 2266 1548 2267 1548 801 1548 2267 1548 803 1548 2267 1549 2268 1549 803 1549 803 1549 2268 1549 804 1549 804 1550 2268 1550 2269 1550 804 1550 2269 1550 805 1550 805 1551 2269 1551 2270 1551 805 1551 2270 1551 806 1551 806 1552 2270 1552 1800 1552 806 1552 1800 1552 807 1552 812 1553 1812 1553 2271 1553 812 1553 2271 1553 810 1553 810 1554 2271 1554 2272 1554 810 1554 2272 1554 811 1554 811 1555 2272 1555 2273 1555 811 1555 2273 1555 813 1555 2273 1556 2274 1556 813 1556 813 1556 2274 1556 814 1556 814 1557 2274 1557 2275 1557 814 1557 2275 1557 815 1557 815 1558 2275 1558 2276 1558 815 1558 2276 1558 816 1558 816 1559 2276 1559 1813 1559 816 1559 1813 1559 817 1559 822 1560 1822 1560 2277 1560 822 1560 2277 1560 820 1560 820 1561 2277 1561 2278 1561 820 1561 2278 1561 821 1561 821 1562 2278 1562 2279 1562 821 1562 2279 1562 823 1562 2279 1563 2280 1563 823 1563 823 1563 2280 1563 824 1563 824 1564 2280 1564 2281 1564 824 1564 2281 1564 825 1564 825 1565 2281 1565 2282 1565 825 1565 2282 1565 826 1565 826 1566 2282 1566 1823 1566 826 1566 1823 1566 827 1566 832 1567 1833 1567 2283 1567 832 1567 2283 1567 830 1567 830 1568 2283 1568 2284 1568 830 1568 2284 1568 831 1568 831 1569 2284 1569 2285 1569 831 1569 2285 1569 833 1569 2285 1570 2286 1570 833 1570 833 1570 2286 1570 834 1570 834 1571 2286 1571 2287 1571 834 1571 2287 1571 835 1571 835 1572 2287 1572 2288 1572 835 1572 2288 1572 836 1572 836 1573 2288 1573 1834 1573 836 1573 1834 1573 837 1573 842 1574 1844 1574 2289 1574 842 1574 2289 1574 840 1574 840 1575 2289 1575 2290 1575 840 1575 2290 1575 841 1575 841 1576 2290 1576 2291 1576 841 1576 2291 1576 843 1576 2291 1577 2292 1577 843 1577 843 1577 2292 1577 844 1577 844 1578 2292 1578 2293 1578 844 1578 2293 1578 845 1578 845 1579 2293 1579 2294 1579 845 1579 2294 1579 846 1579 846 1580 2294 1580 1845 1580 846 1580 1845 1580 847 1580 852 1581 1855 1581 2295 1581 852 1581 2295 1581 850 1581 850 1582 2295 1582 2296 1582 850 1582 2296 1582 851 1582 851 1583 2296 1583 2297 1583 851 1583 2297 1583 853 1583 2297 1584 2298 1584 853 1584 853 1584 2298 1584 854 1584 854 1585 2298 1585 2299 1585 854 1585 2299 1585 855 1585 855 1586 2299 1586 2300 1586 855 1586 2300 1586 856 1586 856 1587 2300 1587 1856 1587 856 1587 1856 1587 857 1587 862 1588 1866 1588 2301 1588 862 1588 2301 1588 860 1588 860 1589 2301 1589 2302 1589 860 1589 2302 1589 861 1589 861 1590 2302 1590 2303 1590 861 1590 2303 1590 863 1590 2303 1591 2304 1591 863 1591 863 1591 2304 1591 864 1591 864 1592 2304 1592 2305 1592 864 1592 2305 1592 865 1592 865 1593 2305 1593 2306 1593 865 1593 2306 1593 866 1593 866 1594 2306 1594 1867 1594 866 1594 1867 1594 867 1594 872 1595 1878 1595 2307 1595 872 1595 2307 1595 870 1595 870 1596 2307 1596 2308 1596 870 1596 2308 1596 871 1596 871 1597 2308 1597 2309 1597 871 1597 2309 1597 873 1597 2309 1598 2310 1598 873 1598 873 1598 2310 1598 874 1598 874 1599 2310 1599 2311 1599 874 1599 2311 1599 875 1599 875 1600 2311 1600 2312 1600 875 1600 2312 1600 876 1600 876 1601 2312 1601 1879 1601 876 1601 1879 1601 877 1601 882 1602 1890 1602 2313 1602 882 1602 2313 1602 880 1602 880 1603 2313 1603 2314 1603 880 1603 2314 1603 881 1603 881 1604 2314 1604 2315 1604 881 1604 2315 1604 883 1604 2315 1605 2316 1605 883 1605 883 1605 2316 1605 884 1605 884 1606 2316 1606 2317 1606 884 1606 2317 1606 885 1606 885 1607 2317 1607 2318 1607 885 1607 2318 1607 886 1607 886 1608 2318 1608 1891 1608 886 1608 1891 1608 887 1608 892 1609 1902 1609 2319 1609 892 1609 2319 1609 890 1609 890 1610 2319 1610 2320 1610 890 1610 2320 1610 891 1610 891 1611 2320 1611 2321 1611 891 1611 2321 1611 893 1611 2321 1612 2322 1612 893 1612 893 1612 2322 1612 894 1612 894 1613 2322 1613 2323 1613 894 1613 2323 1613 895 1613 895 1614 2323 1614 2324 1614 895 1614 2324 1614 896 1614 896 1615 2324 1615 1903 1615 896 1615 1903 1615 897 1615 902 1616 1914 1616 2325 1616 902 1616 2325 1616 900 1616 900 1617 2325 1617 2326 1617 900 1617 2326 1617 901 1617 901 1618 2326 1618 2327 1618 901 1618 2327 1618 903 1618 2327 1619 2328 1619 903 1619 903 1619 2328 1619 904 1619 904 1620 2328 1620 2329 1620 904 1620 2329 1620 905 1620 905 1621 2329 1621 2330 1621 905 1621 2330 1621 906 1621 906 1622 2330 1622 1915 1622 906 1622 1915 1622 907 1622 912 1623 1927 1623 2331 1623 912 1623 2331 1623 910 1623 910 1624 2331 1624 2332 1624 910 1624 2332 1624 911 1624 911 1625 2332 1625 2333 1625 911 1625 2333 1625 913 1625 2333 1626 2334 1626 913 1626 913 1626 2334 1626 914 1626 914 1627 2334 1627 2335 1627 914 1627 2335 1627 915 1627 915 1628 2335 1628 2336 1628 915 1628 2336 1628 916 1628 916 1629 2336 1629 1928 1629 916 1629 1928 1629 917 1629 922 1630 1940 1630 2337 1630 922 1630 2337 1630 920 1630 920 1631 2337 1631 2338 1631 920 1631 2338 1631 921 1631 921 1632 2338 1632 2339 1632 921 1632 2339 1632 923 1632 2339 1633 2340 1633 923 1633 923 1633 2340 1633 924 1633 924 1634 2340 1634 2341 1634 924 1634 2341 1634 925 1634 925 1635 2341 1635 2342 1635 925 1635 2342 1635 926 1635 926 1636 2342 1636 1941 1636 926 1636 1941 1636 927 1636 932 1637 1954 1637 2343 1637 932 1637 2343 1637 930 1637 930 1638 2343 1638 2344 1638 930 1638 2344 1638 931 1638 931 1639 2344 1639 2345 1639 931 1639 2345 1639 933 1639 2345 1640 2346 1640 933 1640 933 1640 2346 1640 934 1640 934 1641 2346 1641 2347 1641 934 1641 2347 1641 935 1641 935 1642 2347 1642 2348 1642 935 1642 2348 1642 936 1642 936 1643 2348 1643 1955 1643 936 1643 1955 1643 937 1643 942 1644 1968 1644 2349 1644 942 1644 2349 1644 940 1644 940 1645 2349 1645 2350 1645 940 1645 2350 1645 941 1645 941 1646 2350 1646 2351 1646 941 1646 2351 1646 943 1646 2351 200 2352 200 943 200 943 200 2352 200 944 200 944 1647 2352 1647 2353 1647 944 1647 2353 1647 945 1647 945 1648 2353 1648 2354 1648 945 1648 2354 1648 946 1648 946 1649 2354 1649 1969 1649 946 1649 1969 1649 947 1649 952 1650 1982 1650 2355 1650 952 1650 2355 1650 950 1650 950 1651 2355 1651 2356 1651 950 1651 2356 1651 951 1651 951 1652 2356 1652 2357 1652 951 1652 2357 1652 953 1652 2357 1653 2358 1653 953 1653 953 1653 2358 1653 954 1653 954 1654 2358 1654 2359 1654 954 1654 2359 1654 955 1654 955 1655 2359 1655 2360 1655 955 1655 2360 1655 956 1655 956 1656 2360 1656 1983 1656 956 1656 1983 1656 957 1656 962 1657 1996 1657 2361 1657 962 1657 2361 1657 960 1657 960 1658 2361 1658 2362 1658 960 1658 2362 1658 961 1658 961 1659 2362 1659 2363 1659 961 1659 2363 1659 963 1659 2363 1660 2364 1660 963 1660 963 1660 2364 1660 964 1660 964 1661 2364 1661 2365 1661 964 1661 2365 1661 965 1661 965 1662 2365 1662 2366 1662 965 1662 2366 1662 966 1662 966 1663 2366 1663 1997 1663 966 1663 1997 1663 967 1663 975 1664 2009 1664 2367 1664 975 1664 2367 1664 973 1664 973 1665 2367 1665 2368 1665 973 1665 2368 1665 974 1665 974 1666 2368 1666 2369 1666 974 1666 2369 1666 976 1666 2369 1667 2370 1667 976 1667 976 1667 2370 1667 977 1667 977 1668 2370 1668 2371 1668 977 1668 2371 1668 978 1668 978 1669 2371 1669 2372 1669 978 1669 2372 1669 979 1669 979 1670 2372 1670 2010 1670 979 1670 2010 1670 971 1670 982 1671 2023 1671 2373 1671 982 1671 2373 1671 980 1671 980 1672 2373 1672 2374 1672 980 1672 2374 1672 981 1672 981 1673 2374 1673 2375 1673 981 1673 2375 1673 983 1673 2375 1674 2376 1674 983 1674 983 1674 2376 1674 985 1674 303 1675 305 1675 987 1675 303 1675 987 1675 2377 1675 2377 1676 987 1676 986 1676 2377 1676 986 1676 2378 1676 2378 1677 986 1677 985 1677 2378 1677 985 1677 2376 1677 991 1678 2036 1678 2379 1678 991 1678 2379 1678 989 1678 989 1679 2379 1679 2380 1679 989 1679 2380 1679 990 1679 990 1680 2380 1680 2381 1680 990 1680 2381 1680 992 1680 2381 1681 2382 1681 992 1681 992 1681 2382 1681 994 1681 296 1682 295 1682 995 1682 296 1683 995 1683 2383 1683 2383 1684 995 1684 994 1684 2383 1685 994 1685 2382 1685 1001 1686 2049 1686 2384 1686 1001 1686 2384 1686 999 1686 999 1687 2384 1687 2385 1687 999 1687 2385 1687 1000 1687 1000 1688 2385 1688 2386 1688 1000 1688 2386 1688 1002 1688 2386 1689 2387 1689 1002 1689 1002 1689 2387 1689 1003 1689 290 1690 289 1690 1004 1690 290 1690 1004 1690 2388 1690 2388 1691 1004 1691 1003 1691 2388 1691 1003 1691 2387 1691 1009 1692 2062 1692 2389 1692 1009 1692 2389 1692 1007 1692 1007 1693 2389 1693 2390 1693 1007 1693 2390 1693 1008 1693 1008 1694 2390 1694 2391 1694 1008 1694 2391 1694 1010 1694 2391 1695 2392 1695 1010 1695 1010 1695 2392 1695 1011 1695 284 1696 283 1696 1012 1696 284 1696 1012 1696 2393 1696 2393 1697 1012 1697 1011 1697 2393 1697 1011 1697 2392 1697 1017 1698 2075 1698 2394 1698 1017 1698 2394 1698 1015 1698 1015 1699 2394 1699 2395 1699 1015 1699 2395 1699 1016 1699 1016 1700 2395 1700 2396 1700 1016 1700 2396 1700 1018 1700 2396 1701 2397 1701 1018 1701 1018 1701 2397 1701 1014 1701 281 1702 280 1702 1020 1702 281 1702 1020 1702 2398 1702 2398 1703 1020 1703 1014 1703 2398 1703 1014 1703 2397 1703 1025 1704 2088 1704 2399 1704 1025 1704 2399 1704 1023 1704 1023 1705 2399 1705 2400 1705 1023 1705 2400 1705 1024 1705 1024 1706 2400 1706 2401 1706 1024 1706 2401 1706 1026 1706 2401 1707 2402 1707 1026 1707 1026 1707 2402 1707 1027 1707 274 1708 1027 1708 275 1708 275 1708 1027 1708 2402 1708 1032 1709 2101 1709 2403 1709 1032 1709 2403 1709 1030 1709 1030 1710 2403 1710 2404 1710 1030 1710 2404 1710 1031 1710 1031 1711 2404 1711 2405 1711 1031 1711 2405 1711 1033 1711 2405 1712 2406 1712 1033 1712 1033 1712 2406 1712 1029 1712 2407 1713 269 1713 268 1713 2407 1714 268 1714 2406 1714 2406 1715 268 1715 1035 1715 2406 1716 1035 1716 1029 1716 1038 1717 2114 1717 2408 1717 1038 1717 2408 1717 1036 1717 1036 1718 2408 1718 2409 1718 1036 1718 2409 1718 1037 1718 1037 1719 2409 1719 2410 1719 1037 1719 2410 1719 1039 1719 2410 1720 2411 1720 1039 1720 1039 1720 2411 1720 1043 1720 2412 1721 261 1721 260 1721 2412 1722 260 1722 2411 1722 2411 1723 260 1723 1042 1723 2411 1724 1042 1724 1043 1724 1046 1725 2127 1725 2413 1725 1046 1725 2413 1725 1044 1725 1044 1726 2413 1726 2414 1726 1044 1726 2414 1726 1045 1726 1045 1727 2414 1727 2415 1727 1045 1727 2415 1727 1047 1727 2415 1728 2416 1728 1047 1728 1047 1728 2416 1728 1050 1728 2417 1729 253 1729 252 1729 2417 1730 252 1730 2416 1730 2416 1731 252 1731 1051 1731 2416 1732 1051 1732 1050 1732 249 1733 251 1733 246 1733 246 1734 251 1734 253 1734 246 1735 253 1735 2128 1735 2415 1736 2414 1736 2413 1736 253 1737 2417 1737 2128 1737 2128 1738 2417 1738 2416 1738 2128 1739 2416 1739 2126 1739 2126 1740 2416 1740 2415 1740 2126 1741 2415 1741 2127 1741 2127 1742 2415 1742 2413 1742 256 1743 261 1743 254 1743 254 1744 261 1744 2115 1744 2410 1745 2409 1745 2408 1745 261 1746 2412 1746 2115 1746 2115 1747 2412 1747 2411 1747 2115 1748 2411 1748 2113 1748 2113 1749 2411 1749 2410 1749 2113 1750 2410 1750 2114 1750 2114 1751 2410 1751 2408 1751 2405 1752 2404 1752 2403 1752 264 1753 269 1753 262 1753 262 1754 269 1754 2407 1754 262 1755 2407 1755 2102 1755 2102 1756 2407 1756 2406 1756 2102 1757 2406 1757 2100 1757 2100 1758 2406 1758 2405 1758 2100 1759 2405 1759 2101 1759 2101 1760 2405 1760 2403 1760 2089 1761 270 1761 2087 1761 2087 1762 270 1762 273 1762 2401 1763 2400 1763 2399 1763 2399 1764 2088 1764 2401 1764 2401 1765 2088 1765 2087 1765 2401 1766 2087 1766 2402 1766 2402 1767 2087 1767 273 1767 2402 1768 273 1768 275 1768 276 1769 279 1769 2397 1769 2397 1770 279 1770 281 1770 2397 1771 281 1771 2398 1771 2396 1772 2395 1772 2394 1772 2394 1773 2075 1773 2396 1773 2396 1774 2075 1774 2074 1774 2396 1775 2074 1775 2397 1775 2397 1776 2074 1776 2076 1776 2397 1777 2076 1777 276 1777 2063 1778 287 1778 2061 1778 2061 1779 287 1779 286 1779 2061 1780 286 1780 284 1780 2391 1781 2390 1781 2389 1781 2389 1782 2062 1782 2391 1782 2391 1783 2062 1783 2061 1783 2391 1784 2061 1784 2392 1784 2392 1785 2061 1785 284 1785 2392 1786 284 1786 2393 1786 2050 1787 293 1787 2048 1787 2048 1788 293 1788 292 1788 2048 1789 292 1789 290 1789 2386 1790 2385 1790 2384 1790 2384 1791 2049 1791 2386 1791 2386 1792 2049 1792 2048 1792 2386 1793 2048 1793 2387 1793 2387 1794 2048 1794 290 1794 2387 1795 290 1795 2388 1795 2037 1796 299 1796 2035 1796 2035 1797 299 1797 298 1797 2035 1798 298 1798 296 1798 2381 1799 2380 1799 2379 1799 2379 1800 2036 1800 2381 1800 2381 1801 2036 1801 2035 1801 2381 1802 2035 1802 2382 1802 2382 1803 2035 1803 296 1803 2382 1804 296 1804 2383 1804 2022 1805 2024 1805 301 1805 301 1806 300 1806 2022 1806 2022 1807 300 1807 303 1807 2022 1808 303 1808 2377 1808 2375 1809 2374 1809 2373 1809 2373 1810 2023 1810 2375 1810 2375 1811 2023 1811 2022 1811 2375 1812 2022 1812 2376 1812 2376 1813 2022 1813 2377 1813 2376 1814 2377 1814 2378 1814 369 1815 367 1815 2008 1815 2008 1816 367 1816 365 1816 365 1817 2011 1817 2008 1817 2008 1818 2011 1818 2010 1818 2008 1819 2010 1819 2372 1819 2369 1820 2368 1820 2367 1820 2367 1821 2009 1821 2369 1821 2369 1822 2009 1822 2008 1822 2369 1823 2008 1823 2370 1823 2370 1824 2008 1824 2372 1824 2370 1825 2372 1825 2371 1825 2366 1826 2365 1826 1997 1826 1997 1827 2365 1827 2364 1827 2363 1828 2362 1828 2361 1828 2361 1829 1996 1829 2363 1829 2363 1830 1996 1830 1995 1830 2363 1831 1995 1831 2364 1831 2364 1832 1995 1832 1998 1832 2364 1833 1998 1833 1997 1833 2360 1834 2359 1834 1983 1834 1983 1835 2359 1835 2358 1835 2357 1836 2356 1836 2355 1836 2355 1837 1982 1837 2357 1837 2357 1838 1982 1838 1981 1838 2357 1839 1981 1839 2358 1839 2358 1840 1981 1840 1984 1840 2358 1841 1984 1841 1983 1841 2354 1842 2353 1842 1969 1842 1969 1843 2353 1843 2352 1843 2351 1844 2350 1844 2349 1844 2349 1845 1968 1845 2351 1845 2351 1846 1968 1846 1967 1846 2351 1847 1967 1847 2352 1847 2352 1848 1967 1848 1970 1848 2352 1849 1970 1849 1969 1849 2348 1850 2347 1850 1955 1850 1955 1851 2347 1851 2346 1851 2345 1852 2344 1852 2343 1852 2343 1853 1954 1853 2345 1853 2345 1854 1954 1854 1953 1854 2345 1855 1953 1855 2346 1855 2346 1856 1953 1856 1956 1856 2346 1857 1956 1857 1955 1857 2342 1858 2341 1858 1941 1858 1941 1859 2341 1859 2340 1859 2339 1860 2338 1860 2337 1860 2337 1861 1940 1861 2339 1861 2339 1862 1940 1862 1939 1862 2339 1863 1939 1863 2340 1863 2340 1864 1939 1864 1942 1864 2340 1865 1942 1865 1941 1865 2336 1866 2335 1866 1928 1866 1928 1867 2335 1867 2334 1867 2333 1868 2332 1868 2331 1868 2331 1869 1927 1869 2333 1869 2333 1870 1927 1870 1926 1870 2333 1871 1926 1871 2334 1871 2334 1872 1926 1872 1929 1872 2334 1873 1929 1873 1928 1873 2330 1874 2329 1874 1915 1874 1915 1875 2329 1875 2328 1875 2327 1876 2326 1876 2325 1876 2325 1877 1914 1877 2327 1877 2327 1878 1914 1878 1913 1878 2327 1879 1913 1879 2328 1879 2328 1880 1913 1880 1916 1880 2328 1881 1916 1881 1915 1881 2324 1882 2323 1882 1903 1882 1903 1883 2323 1883 2322 1883 2321 1884 2320 1884 2319 1884 2319 1885 1902 1885 2321 1885 2321 1886 1902 1886 1901 1886 2321 1887 1901 1887 2322 1887 2322 1888 1901 1888 1904 1888 2322 1889 1904 1889 1903 1889 2318 1890 2317 1890 1891 1890 1891 1891 2317 1891 2316 1891 2315 1892 2314 1892 2313 1892 2313 1893 1890 1893 2315 1893 2315 1894 1890 1894 1889 1894 2315 1895 1889 1895 2316 1895 2316 1896 1889 1896 1892 1896 2316 1897 1892 1897 1891 1897 2312 1898 2311 1898 1879 1898 1879 1899 2311 1899 2310 1899 2309 1900 2308 1900 2307 1900 2307 1901 1878 1901 2309 1901 2309 1902 1878 1902 1877 1902 2309 1903 1877 1903 2310 1903 2310 1904 1877 1904 1880 1904 2310 1905 1880 1905 1879 1905 2306 1906 2305 1906 1867 1906 1867 1907 2305 1907 2304 1907 2303 1908 2302 1908 2301 1908 2301 1909 1866 1909 2303 1909 2303 1910 1866 1910 1865 1910 2303 1911 1865 1911 2304 1911 2304 1912 1865 1912 1868 1912 2304 1913 1868 1913 1867 1913 2300 1914 2299 1914 1856 1914 1856 1915 2299 1915 2298 1915 2297 1916 2296 1916 2295 1916 2295 1917 1855 1917 2297 1917 2297 1918 1855 1918 1854 1918 2297 1919 1854 1919 2298 1919 2298 1920 1854 1920 1857 1920 2298 1921 1857 1921 1856 1921 2294 1922 2293 1922 1845 1922 1845 1923 2293 1923 2292 1923 2291 1924 2290 1924 2289 1924 2289 1925 1844 1925 2291 1925 2291 1926 1844 1926 1843 1926 2291 1927 1843 1927 2292 1927 2292 1928 1843 1928 1846 1928 2292 1929 1846 1929 1845 1929 2288 1930 2287 1930 1834 1930 1834 1931 2287 1931 2286 1931 2285 1932 2284 1932 2283 1932 2283 1933 1833 1933 2285 1933 2285 1934 1833 1934 1832 1934 2285 1935 1832 1935 2286 1935 2286 1936 1832 1936 1835 1936 2286 1937 1835 1937 1834 1937 2282 1938 2281 1938 1823 1938 1823 1939 2281 1939 2280 1939 2279 1940 2278 1940 2277 1940 2277 1941 1822 1941 2279 1941 2279 1942 1822 1942 1821 1942 2279 1943 1821 1943 2280 1943 2280 1944 1821 1944 1824 1944 2280 1945 1824 1945 1823 1945 2276 1946 2275 1946 1813 1946 1813 1947 2275 1947 2274 1947 2273 1948 2272 1948 2271 1948 2271 1949 1812 1949 2273 1949 2273 1950 1812 1950 1811 1950 2273 1951 1811 1951 2274 1951 2274 1952 1811 1952 1814 1952 2274 1953 1814 1953 1813 1953 2270 1954 2269 1954 1800 1954 1800 1955 2269 1955 2268 1955 2267 1956 2266 1956 2265 1956 2265 1957 1799 1957 2267 1957 2267 1958 1799 1958 1798 1958 2267 1959 1798 1959 2268 1959 2268 1960 1798 1960 1801 1960 2268 1961 1801 1961 1800 1961 2264 1962 2263 1962 1788 1962 1788 1963 2263 1963 2262 1963 2261 1964 2260 1964 2259 1964 2259 1965 1787 1965 2261 1965 2261 1966 1787 1966 1786 1966 2261 1967 1786 1967 2262 1967 2262 1968 1786 1968 1789 1968 2262 1969 1789 1969 1788 1969 2258 1970 2257 1970 1776 1970 1776 1971 2257 1971 2256 1971 2255 1972 2254 1972 2253 1972 2253 1973 1775 1973 2255 1973 2255 1974 1775 1974 1774 1974 2255 1975 1774 1975 2256 1975 2256 1976 1774 1976 1777 1976 2256 1977 1777 1977 1776 1977 2252 1978 2251 1978 1764 1978 1764 1979 2251 1979 2250 1979 2249 1980 2248 1980 2247 1980 2247 1981 1763 1981 2249 1981 2249 1982 1763 1982 1762 1982 2249 1983 1762 1983 2250 1983 2250 1984 1762 1984 1765 1984 2250 1985 1765 1985 1764 1985 2246 1986 2245 1986 1752 1986 1752 1987 2245 1987 2244 1987 2243 1988 2242 1988 2241 1988 2241 1989 1751 1989 2243 1989 2243 1990 1751 1990 1750 1990 2243 1991 1750 1991 2244 1991 2244 1992 1750 1992 1753 1992 2244 1993 1753 1993 1752 1993 2240 1994 2239 1994 1741 1994 1741 1995 2239 1995 2238 1995 2237 1996 2236 1996 2235 1996 2235 1997 1740 1997 2237 1997 2237 1998 1740 1998 1739 1998 2237 1999 1739 1999 2238 1999 2238 2000 1739 2000 1742 2000 2238 2001 1742 2001 1741 2001 2234 2002 2233 2002 1730 2002 1730 2003 2233 2003 2232 2003 2231 2004 2230 2004 2229 2004 2229 2005 1729 2005 2231 2005 2231 2006 1729 2006 1728 2006 2231 2007 1728 2007 2232 2007 2232 2007 1728 2007 1731 2007 2232 2008 1731 2008 1730 2008 2228 2009 2227 2009 1719 2009 1719 2010 2227 2010 2226 2010 2225 2011 2224 2011 2223 2011 2223 2012 1718 2012 2225 2012 2225 2013 1718 2013 1717 2013 2225 2014 1717 2014 2226 2014 2226 2015 1717 2015 1720 2015 2226 2016 1720 2016 1719 2016 2222 2017 2221 2017 1708 2017 1708 2018 2221 2018 2220 2018 2219 2019 2218 2019 2217 2019 2217 2020 1707 2020 2219 2020 2219 2021 1707 2021 1706 2021 2219 2022 1706 2022 2220 2022 2220 2023 1706 2023 1709 2023 2220 2024 1709 2024 1708 2024 2216 2025 2215 2025 1697 2025 1697 2026 2215 2026 2214 2026 2213 2027 2212 2027 2211 2027 2211 2028 1696 2028 2213 2028 2213 2029 1696 2029 1695 2029 2213 2030 1695 2030 2214 2030 2214 2031 1695 2031 1698 2031 2214 2032 1698 2032 1697 2032 2210 2033 2209 2033 1683 2033 1683 2034 2209 2034 2208 2034 2207 2035 2206 2035 2205 2035 2205 2036 1682 2036 2207 2036 2207 2037 1682 2037 1681 2037 2207 2038 1681 2038 2208 2038 2208 2039 1681 2039 1684 2039 2208 2040 1684 2040 1683 2040 2204 2041 2203 2041 1669 2041 1669 2042 2203 2042 2202 2042 2201 2043 2200 2043 2199 2043 2199 2044 1668 2044 2201 2044 2201 2045 1668 2045 1667 2045 2201 2046 1667 2046 2202 2046 2202 2047 1667 2047 1670 2047 2202 2048 1670 2048 1669 2048 2198 2049 2197 2049 1655 2049 1655 2050 2197 2050 2196 2050 2195 2051 2194 2051 2193 2051 2193 2052 1654 2052 2195 2052 2195 2053 1654 2053 1653 2053 2195 2054 1653 2054 2196 2054 2196 2055 1653 2055 1656 2055 2196 2056 1656 2056 1655 2056 2192 2057 2191 2057 1641 2057 1641 2058 2191 2058 2190 2058 2189 2059 2188 2059 2187 2059 2187 2060 1640 2060 2189 2060 2189 2061 1640 2061 491 2061 2189 2062 491 2062 2190 2062 2190 2063 491 2063 1642 2063 2190 2064 1642 2064 1641 2064 1627 2065 1626 2065 1629 2065 497 2066 496 2066 1629 2066 1629 2067 496 2067 495 2067 1629 2068 495 2068 1627 2068 2186 2069 2185 2069 1628 2069 1628 2070 2185 2070 2184 2070 1628 2071 2184 2071 1629 2071 1629 2072 2184 2072 2183 2072 2183 2073 2182 2073 1629 2073 1629 2074 2182 2074 2181 2074 1629 2075 2181 2075 497 2075 2180 2076 2179 2076 1614 2076 1614 2077 2179 2077 2178 2077 1614 2078 2178 2078 1615 2078 1615 2079 2178 2079 306 2079 306 2080 309 2080 1615 2080 1615 2081 309 2081 311 2081 1615 2082 311 2082 313 2082 313 2083 2177 2083 1615 2083 1615 2084 2177 2084 1613 2084 1615 2085 1613 2085 1612 2085 2176 2086 2175 2086 1600 2086 1600 2087 2175 2087 2174 2087 1600 2088 2174 2088 1601 2088 2174 2089 314 2089 1601 2089 1601 2090 314 2090 317 2090 1601 2091 317 2091 319 2091 319 2092 2173 2092 1601 2092 1601 2093 2173 2093 1599 2093 1601 2094 1599 2094 1598 2094 1585 2095 1584 2095 1587 2095 1585 2096 1587 2096 2169 2096 2172 2097 2171 2097 1586 2097 1586 2098 2171 2098 2170 2098 1586 2099 2170 2099 1587 2099 1587 2100 2170 2100 320 2100 320 2101 323 2101 1587 2101 1587 2102 323 2102 325 2102 1587 2103 325 2103 2169 2103 1571 2104 1570 2104 1573 2104 1571 2105 1573 2105 2165 2105 2168 2106 2167 2106 1572 2106 1572 2107 2167 2107 2166 2107 1572 2108 2166 2108 1573 2108 1573 2109 2166 2109 326 2109 326 2110 329 2110 1573 2110 1573 2111 329 2111 331 2111 1573 2112 331 2112 2165 2112 1557 2113 1556 2113 332 2113 2164 2114 2163 2114 1558 2114 1558 2115 2163 2115 2162 2115 332 2116 1556 2116 2162 2116 2162 2117 1556 2117 1559 2117 2162 2118 1559 2118 1558 2118 335 2119 337 2119 332 2119 332 2120 337 2120 2161 2120 332 2121 2161 2121 1557 2121 1543 2122 1542 2122 1545 2122 2160 2123 2159 2123 1544 2123 1544 2124 2159 2124 2158 2124 1544 2125 2158 2125 1545 2125 1545 2126 2158 2126 340 2126 340 2127 341 2127 1545 2127 1545 2128 341 2128 2157 2128 1545 2129 2157 2129 1543 2129 1529 2130 1528 2130 347 2130 2156 2131 2155 2131 1530 2131 1530 2132 2155 2132 2154 2132 347 2133 1528 2133 2154 2133 2154 2134 1528 2134 1531 2134 2154 2135 1531 2135 1530 2135 1529 2136 347 2136 2153 2136 2153 2137 347 2137 346 2137 2153 2138 346 2138 2151 2138 2151 2139 346 2139 344 2139 2151 2140 344 2140 2152 2140 2150 2141 2149 2141 1516 2141 1516 2142 2149 2142 2148 2142 1516 2143 2148 2143 1517 2143 1517 2144 2148 2144 1514 2144 2147 2145 352 2145 2145 2145 2145 2146 352 2146 350 2146 2145 2147 350 2147 2146 2147 2148 2148 353 2148 1514 2148 1514 2149 353 2149 352 2149 1514 2150 352 2150 1515 2150 1515 2151 352 2151 2147 2151 2144 2152 2143 2152 1502 2152 1502 2153 2143 2153 2142 2153 1502 2154 2142 2154 1503 2154 1503 2155 2142 2155 2138 2155 2142 2156 359 2156 2138 2156 2138 2157 359 2157 358 2157 2138 2158 358 2158 2139 2158 2139 2159 358 2159 356 2159 2139 2160 356 2160 2141 2160 2141 2161 356 2161 2140 2161 417 2162 415 2162 1849 2162 393 2162 391 2162 1895 2162 2045 2162 2044 2162 543 2162 1849 2162 415 2162 1850 2162 459 2162 457 2162 1637 2162 1650 2162 1649 2162 471 2162 543 2162 2044 2162 548 2162 467 2162 465 2162 1637 2162 2006 2162 2005 2162 2014 2162 1907 2162 1906 2162 1901 2162 1901 2162 1906 2162 1905 2162 1901 2163 1905 2163 1904 2163 2040 2162 2039 2162 2418 2162 2418 2162 2039 2162 2038 2162 2418 2162 2038 2162 2037 2162 1884 2162 1883 2162 401 2162 401 2162 1872 2162 1871 2162 1862 2162 1861 2162 409 2162 409 2162 1861 2162 1860 2162 409 2162 1860 2162 411 2162 1525 2162 1524 2162 1636 2162 1636 2162 1524 2162 1792 2162 1636 2162 1792 2162 1637 2162 449 2162 447 2162 1637 2162 1638 2162 1637 2162 1644 2162 1644 2162 1637 2162 1645 2162 2418 2162 1911 2162 2419 2162 2419 2162 1911 2162 1910 2162 1910 2162 1909 2162 2419 2162 2419 2162 1909 2162 1908 2162 2419 2162 1908 2162 1907 2162 1884 2162 401 2162 1885 2162 1898 2162 401 2162 1863 2162 1899 2162 1795 2162 1794 2162 467 2162 1637 2162 1734 2162 1726 2162 1725 2162 463 2162 463 2162 1725 2162 465 2162 1664 2162 1663 2162 471 2162 2032 2162 2418 2162 2033 2162 2033 2162 2418 2162 2037 2162 2033 2162 2037 2162 2034 2162 2034 2164 2037 2164 2035 2164 2132 2162 2123 2162 2133 2162 2133 2162 2123 2162 2122 2162 2133 2162 2122 2162 360 2162 360 2162 2122 2162 361 2162 2110 2162 2109 2162 361 2162 2071 2162 2070 2162 2134 2162 2040 2162 2418 2162 2041 2162 2041 2162 2418 2162 546 2162 2041 2162 546 2162 545 2162 1895 2162 1894 2162 393 2162 393 2162 1894 2162 1893 2162 393 2162 1893 2162 1888 2162 1888 2165 1893 2165 1892 2165 1888 2166 1892 2166 1889 2166 1850 2162 415 2162 1851 2162 1851 2162 415 2162 1899 2162 1851 2162 1899 2162 1852 2162 1849 2162 1848 2162 417 2162 417 2162 1848 2162 1847 2162 417 2162 1847 2162 1842 2162 1842 2167 1847 2167 1846 2167 1842 2168 1846 2168 1843 2168 1796 2162 1795 2162 1804 2162 577 2162 576 2162 2419 2162 1758 2162 447 2162 1759 2162 1759 2162 447 2162 1768 2162 1759 2162 1768 2162 1760 2162 1978 2162 1977 2162 2014 2162 1860 2162 1859 2162 411 2162 411 2169 1859 2169 1858 2169 411 2170 1858 2170 1853 2170 1853 2171 1858 2171 1857 2171 1853 2172 1857 2172 1854 2172 1635 2162 1595 2162 1594 2162 389 2162 387 2162 2419 2162 1781 2162 445 2162 1637 2162 1637 2162 445 2162 443 2162 1637 2162 443 2162 1780 2162 449 2162 1637 2162 1769 2162 1748 2162 1747 2162 1756 2162 1715 2162 1714 2162 469 2162 1678 2162 1677 2162 471 2162 1649 2162 1648 2162 471 2162 471 2162 1648 2162 1647 2162 471 2162 1647 2162 1637 2162 1637 2162 1647 2162 1646 2162 1637 2162 1646 2162 1645 2162 1638 2162 1644 2162 1639 2162 1639 2173 1644 2173 1643 2173 1639 2174 1643 2174 490 2174 490 2175 1643 2175 1642 2175 490 2176 1642 2176 491 2176 2032 2162 2031 2162 2418 2162 2418 2162 2031 2162 2030 2162 2418 2162 2030 2162 2029 2162 2019 2162 2018 2162 2027 2162 1992 2162 2000 2162 1993 2162 1993 2162 2000 2162 1999 2162 1993 2162 1999 2162 1994 2162 2014 2162 2013 2162 2006 2162 2006 2162 2013 2162 2012 2162 2006 2162 2012 2162 2007 2162 2007 2177 2012 2177 369 2177 2007 2178 369 2178 2008 2178 2094 2162 2093 2162 2084 2162 548 2162 2044 2162 547 2162 547 2162 2044 2162 2043 2162 547 2162 2043 2162 545 2162 545 2162 2043 2162 2042 2162 545 2162 2042 2162 2041 2162 1863 2162 1862 2162 1898 2162 1898 2162 1862 2162 409 2162 1898 2162 409 2162 1899 2162 1899 2162 409 2162 407 2162 1899 2162 407 2162 1852 2162 1578 2162 1577 2162 1553 2162 1550 2162 1549 2162 1539 2162 1538 2162 1537 2162 1636 2162 1636 2162 1537 2162 1536 2162 1636 2162 1536 2162 1525 2162 1525 2162 1536 2162 1535 2162 1535 2162 1534 2162 1525 2162 1525 2162 1534 2162 1533 2162 1525 2162 1533 2162 1526 2162 1526 2179 1533 2179 1532 2179 1526 2180 1532 2180 1527 2180 1527 2181 1532 2181 1531 2181 1527 2162 1531 2162 1528 2162 1521 2162 1520 2162 1511 2162 1511 2162 1520 2162 1519 2162 1511 2162 1519 2162 1512 2162 1512 2162 1519 2162 1518 2162 1512 2162 1518 2162 1513 2162 1513 2162 1518 2162 1517 2162 1513 2182 1517 2182 1514 2182 1507 2162 2135 2162 1508 2162 1508 2162 2135 2162 1523 2162 1756 2162 1747 2162 451 2162 447 2162 1747 2162 1746 2162 1725 2162 1724 2162 465 2162 465 2162 1724 2162 1723 2162 465 2162 1723 2162 1637 2162 1637 2162 1723 2162 473 2162 1637 2162 473 2162 471 2162 2019 2162 2027 2162 2020 2162 2005 2162 2004 2162 2014 2162 2014 2162 2004 2162 2003 2162 2014 2162 2003 2162 1991 2162 1991 2162 2003 2162 2002 2162 1991 2162 2002 2162 1992 2162 1992 2162 2002 2162 2001 2162 1992 2162 2001 2162 2000 2162 2132 2162 2131 2162 2123 2162 2123 2162 2131 2162 2130 2162 2123 2162 2130 2162 2124 2162 2124 2162 2130 2162 2129 2162 2124 2162 2129 2162 2125 2162 2125 2183 2129 2183 2128 2183 2125 2184 2128 2184 2126 2184 2097 2162 2096 2162 361 2162 361 2162 2096 2162 2095 2162 1885 2162 401 2162 1886 2162 1886 2162 401 2162 1898 2162 1886 2162 1898 2162 1887 2162 1887 2162 1898 2162 1897 2162 1887 2162 1897 2162 391 2162 391 2162 1897 2162 1896 2162 391 2162 1896 2162 1895 2162 395 2162 1883 2162 397 2162 397 2162 1883 2162 1882 2162 397 2162 1882 2162 399 2162 399 2162 1882 2162 1881 2162 399 2162 1881 2162 1876 2162 1876 2185 1881 2185 1880 2185 1876 2186 1880 2186 1877 2186 401 2162 1871 2162 403 2162 403 2162 1871 2162 1870 2162 403 2162 1870 2162 405 2162 405 2162 1870 2162 1869 2162 405 2162 1869 2162 1864 2162 1864 2187 1869 2187 1868 2187 1864 2188 1868 2188 1865 2188 1608 2162 1635 2162 1609 2162 1609 2162 1635 2162 1620 2162 1609 2162 1620 2162 1619 2162 1551 2162 1550 2162 1636 2162 1636 2162 1550 2162 1539 2162 1636 2162 1539 2162 1538 2162 1549 2162 1548 2162 1539 2162 1539 2162 1548 2162 1547 2162 1539 2162 1547 2162 1540 2162 1540 2189 1547 2189 1546 2189 1540 2190 1546 2190 1541 2190 1541 2191 1546 2191 1545 2191 1541 2162 1545 2162 1542 2162 1521 2162 1511 2162 1522 2162 1522 2162 1511 2162 1510 2162 1522 2162 1510 2162 1523 2162 1523 2162 1510 2162 1509 2162 1523 2162 1509 2162 1508 2162 1839 2162 1838 2162 1808 2162 1907 2162 1901 2162 2419 2162 2419 2162 1901 2162 1900 2162 2419 2162 1900 2162 389 2162 1781 2162 1637 2162 1782 2162 1782 2162 1637 2162 1792 2162 1782 2162 1792 2162 1783 2162 1783 2162 1792 2162 1791 2162 1783 2162 1791 2162 1784 2162 1784 2162 1791 2162 1790 2162 1784 2162 1790 2162 1785 2162 1785 2192 1790 2192 1789 2192 1785 2193 1789 2193 1786 2193 1769 2162 1637 2162 1770 2162 1770 2162 1637 2162 1780 2162 1770 2162 1780 2162 1771 2162 1771 2162 1780 2162 1779 2162 1771 2162 1779 2162 1772 2162 1772 2194 1779 2194 1778 2194 1772 2195 1778 2195 1773 2195 1773 2196 1778 2196 1777 2196 1773 2197 1777 2197 1774 2197 459 2162 1637 2162 461 2162 1734 2162 1637 2162 1735 2162 1735 2162 1637 2162 457 2162 1735 2162 457 2162 1736 2162 1736 2162 457 2162 1744 2162 1736 2162 1744 2162 1737 2162 1737 2198 1744 2198 1743 2198 1737 2199 1743 2199 1738 2199 1738 2200 1743 2200 1742 2200 1738 2201 1742 2201 1739 2201 463 2162 1733 2162 1726 2162 1726 2162 1733 2162 1732 2162 1726 2162 1732 2162 1727 2162 1727 2162 1732 2162 1731 2162 1727 2162 1731 2162 1728 2162 2018 2162 2017 2162 2027 2162 2027 2162 2017 2162 2418 2162 2027 2162 2418 2162 2028 2162 2028 2162 2418 2162 2029 2162 1998 2202 1995 2202 370 2202 370 2203 1995 2203 1994 2203 370 2162 1994 2162 371 2162 371 2162 1994 2162 1999 2162 2097 2162 2105 2162 2104 2162 2058 2162 2057 2162 2134 2162 2134 2162 2057 2162 2056 2162 2134 2162 2056 2162 2055 2162 395 2162 1875 2162 1883 2162 1883 2162 1875 2162 1874 2162 1883 2162 1874 2162 401 2162 401 2162 1874 2162 1873 2162 401 2162 1873 2162 1872 2162 1633 2162 1632 2162 1623 2162 1623 2162 1632 2162 1631 2162 1623 2162 1631 2162 1624 2162 1624 2204 1631 2204 1630 2204 1624 2205 1630 2205 1625 2205 1625 2206 1630 2206 1629 2206 1625 2207 1629 2207 1626 2207 1633 2162 1623 2162 1634 2162 1634 2162 1623 2162 1622 2162 1634 2162 1622 2162 1635 2162 1635 2162 1622 2162 1621 2162 1635 2162 1621 2162 1620 2162 1809 2162 1808 2162 1817 2162 1808 2162 1807 2162 1899 2162 1899 2162 1807 2162 1806 2162 1524 2162 1523 2162 542 2162 542 2162 1523 2162 2135 2162 542 2162 2135 2162 543 2162 543 2162 2135 2162 2134 2162 543 2162 2134 2162 2045 2162 2045 2162 2134 2162 2055 2162 2045 2162 2055 2162 2054 2162 542 2162 541 2162 1524 2162 1524 2162 541 2162 540 2162 1524 2162 540 2162 539 2162 1768 2162 1767 2162 1760 2162 1760 2162 1767 2162 1766 2162 1760 2162 1766 2162 1761 2162 1761 2162 1766 2162 1765 2162 1761 2162 1765 2162 1762 2162 469 2162 1714 2162 471 2162 471 2162 1714 2162 1713 2162 471 2162 1713 2162 1712 2162 471 2162 1702 2162 1701 2162 1663 2162 1662 2162 471 2162 471 2162 1662 2162 1661 2162 471 2162 1661 2162 1650 2162 1650 2162 1661 2162 1660 2162 1660 2162 1659 2162 1650 2162 1650 2162 1659 2162 1658 2162 1650 2162 1658 2162 1651 2162 1651 2162 1658 2162 1657 2162 1651 2162 1657 2162 1652 2162 1652 2208 1657 2208 1656 2208 1652 2209 1656 2209 1653 2209 1961 2162 1960 2162 1950 2162 1946 2162 1945 2162 1911 2162 1918 2162 383 2162 1919 2162 1919 2162 383 2162 1911 2162 1919 2162 1911 2162 1920 2162 2122 2162 2121 2162 361 2162 361 2162 2121 2162 2120 2162 361 2162 2120 2162 2110 2162 2110 2162 2120 2162 2119 2162 2109 2162 2108 2162 361 2162 361 2162 2108 2162 2107 2162 361 2162 2107 2162 2097 2162 2097 2162 2107 2162 2106 2162 2097 2162 2106 2162 2105 2162 1608 2162 1607 2162 1635 2162 1635 2162 1607 2162 1606 2162 1635 2162 1606 2162 1595 2162 1595 2162 1606 2162 1605 2162 1605 2162 1604 2162 1595 2162 1595 2162 1604 2162 1603 2162 1595 2162 1603 2162 1596 2162 1596 2162 1603 2162 1602 2162 1596 2162 1602 2162 1597 2162 1597 2210 1602 2210 1601 2210 1597 2211 1601 2211 1598 2211 1507 2162 1506 2162 2135 2162 2135 2162 1506 2162 1505 2162 2135 2162 1505 2162 2136 2162 2136 2162 1505 2162 1504 2162 2136 2162 1504 2162 2137 2162 2137 2212 1504 2212 1503 2212 2137 2213 1503 2213 2138 2213 1806 2162 437 2162 1899 2162 1899 2162 437 2162 435 2162 1899 2162 435 2162 1795 2162 1795 2162 435 2162 1805 2162 1795 2162 1805 2162 1804 2162 539 2162 538 2162 1524 2162 1524 2162 538 2162 439 2162 1524 2162 439 2162 1792 2162 538 2162 537 2162 439 2162 439 2162 537 2162 536 2162 439 2162 536 2162 535 2162 447 2162 1746 2162 1637 2162 1637 2162 1746 2162 1745 2162 1637 2162 1745 2162 461 2162 1700 2214 1699 2214 1698 2214 1964 2162 1963 2162 2014 2162 2014 2162 1963 2162 1962 2162 2014 2162 1962 2162 1961 2162 1960 2162 1959 2162 1950 2162 1950 2162 1959 2162 1958 2162 1950 2162 1958 2162 1951 2162 1951 2162 1958 2162 1957 2162 1951 2162 1957 2162 1952 2162 1952 2215 1957 2215 1956 2215 1952 2216 1956 2216 1953 2216 1946 2162 1911 2162 1947 2162 1933 2162 1932 2162 1911 2162 2083 2162 2134 2162 2084 2162 2084 2162 2134 2162 361 2162 2084 2162 361 2162 2094 2162 2094 2162 361 2162 2095 2162 1619 2162 1618 2162 1609 2162 1609 2162 1618 2162 1617 2162 1609 2162 1617 2162 1610 2162 1610 2162 1617 2162 1616 2162 1610 2162 1616 2162 1611 2162 1611 2217 1616 2217 1615 2217 1611 2218 1615 2218 1612 2218 1756 2162 1755 2162 1748 2162 1748 2162 1755 2162 1754 2162 1748 2162 1754 2162 1749 2162 1749 2219 1754 2219 1753 2219 1749 2220 1753 2220 1750 2220 469 2162 1722 2162 1715 2162 1715 2162 1722 2162 1721 2162 1715 2162 1721 2162 1716 2162 1716 2221 1721 2221 1720 2221 1716 2222 1720 2222 1717 2222 1712 2162 481 2162 471 2162 471 2162 481 2162 1703 2162 471 2162 1703 2162 1702 2162 481 2162 479 2162 1703 2162 1703 2162 479 2162 477 2162 1703 2162 477 2162 1704 2162 1704 2162 477 2162 475 2162 1701 2162 489 2162 471 2162 471 2162 489 2162 1692 2162 471 2162 1692 2162 1691 2162 1677 2162 1676 2162 471 2162 471 2162 1676 2162 1675 2162 471 2162 1675 2162 1664 2162 1664 2162 1675 2162 1674 2162 1674 2162 1673 2162 1664 2162 1664 2162 1673 2162 1672 2162 1664 2162 1672 2162 1665 2162 1665 2223 1672 2223 1671 2223 1665 2224 1671 2224 1666 2224 1666 2225 1671 2225 1670 2225 1666 2226 1670 2226 1667 2226 2027 2162 2026 2162 2020 2162 2020 2227 2026 2227 2025 2227 2020 2228 2025 2228 2021 2228 2021 2229 2025 2229 2024 2229 2021 2230 2024 2230 2022 2230 1991 2162 1990 2162 2014 2162 2014 2162 1990 2162 1989 2162 2014 2162 1989 2162 1978 2162 1978 2162 1989 2162 1988 2162 1988 2162 1987 2162 1978 2162 1978 2162 1987 2162 1986 2162 1978 2162 1986 2162 1979 2162 1979 2162 1986 2162 1985 2162 1979 2162 1985 2162 1980 2162 1980 2231 1985 2231 1984 2231 1980 2232 1984 2232 1981 2232 1977 2162 1976 2162 2014 2162 2014 2162 1976 2162 1975 2162 2014 2162 1975 2162 1964 2162 1964 2162 1975 2162 1974 2162 1974 2162 1973 2162 1964 2162 1964 2162 1973 2162 1972 2162 1964 2162 1972 2162 1965 2162 1965 2162 1972 2162 1971 2162 1965 2162 1971 2162 1966 2162 1966 2233 1971 2233 1970 2233 1966 2234 1970 2234 1967 2234 1961 2162 1950 2162 2014 2162 2014 2162 1950 2162 1949 2162 2014 2162 1949 2162 1948 2162 2119 2162 2118 2162 2110 2162 2110 2162 2118 2162 2117 2162 2110 2162 2117 2162 2111 2162 2111 2162 2117 2162 2116 2162 2111 2162 2116 2162 2112 2162 2112 2235 2116 2235 2115 2235 2112 2236 2115 2236 2113 2236 2093 2162 2092 2162 2084 2162 2084 2162 2092 2162 2091 2162 2084 2162 2091 2162 2085 2162 2085 2162 2091 2162 2090 2162 2085 2162 2090 2162 2086 2162 2086 2162 2090 2162 2089 2162 2086 2237 2089 2237 2087 2237 2070 2162 2069 2162 2134 2162 2134 2162 2069 2162 2068 2162 2134 2162 2068 2162 2058 2162 2058 2162 2068 2162 2067 2162 2067 2162 2066 2162 2058 2162 2058 2162 2066 2162 2065 2162 2058 2162 2065 2162 2059 2162 2059 2162 2065 2162 2064 2162 2059 2162 2064 2162 2060 2162 2060 2162 2064 2162 2063 2162 2060 2238 2063 2238 2061 2238 2054 2162 2053 2162 2045 2162 2045 2162 2053 2162 2052 2162 2045 2162 2052 2162 2046 2162 2046 2162 2052 2162 2051 2162 2046 2162 2051 2162 2047 2162 2047 2162 2051 2162 2050 2162 2047 2162 2050 2162 2048 2162 1593 2162 1592 2162 1553 2162 1553 2162 1592 2162 1591 2162 1553 2162 1591 2162 1590 2162 1578 2162 1553 2162 1579 2162 1579 2162 1553 2162 1590 2162 1579 2162 1590 2162 1580 2162 1563 2162 1553 2162 1564 2162 1564 2162 1553 2162 1577 2162 1564 2162 1577 2162 1565 2162 1565 2162 1577 2162 1576 2162 1565 2162 1576 2162 1566 2162 1837 2162 423 2162 1838 2162 1838 2162 423 2162 421 2162 1804 2162 1803 2162 1796 2162 1796 2162 1803 2162 1802 2162 1796 2162 1802 2162 1797 2162 1797 2239 1802 2239 1801 2239 1797 2240 1801 2240 1798 2240 581 2162 584 2162 1794 2162 1758 2162 1757 2162 447 2162 447 2162 1757 2162 455 2162 447 2162 455 2162 1747 2162 1747 2162 455 2162 453 2162 1747 2162 453 2162 451 2162 1691 2162 1690 2162 471 2162 471 2162 1690 2162 1689 2162 471 2162 1689 2162 1678 2162 1678 2162 1689 2162 1688 2162 1688 2162 1687 2162 1678 2162 1678 2162 1687 2162 1686 2162 1678 2162 1686 2162 1679 2162 1679 2162 1686 2162 1685 2162 1679 2162 1685 2162 1680 2162 1680 2162 1685 2162 1684 2162 1680 2241 1684 2241 1681 2241 2102 2242 2100 2242 2103 2242 2103 2243 2100 2243 2099 2243 2103 2162 2099 2162 2104 2162 2104 2162 2099 2162 2098 2162 2104 2162 2098 2162 2097 2162 2083 2162 2082 2162 2134 2162 2134 2162 2082 2162 2081 2162 2134 2162 2081 2162 2071 2162 2071 2162 2081 2162 2080 2162 2080 2162 2079 2162 2071 2162 2071 2162 2079 2162 2078 2162 2071 2162 2078 2162 2072 2162 2072 2244 2078 2244 2077 2244 2072 2245 2077 2245 2073 2245 2073 2246 2077 2246 2076 2246 2073 2247 2076 2247 2074 2247 1594 2162 1593 2162 1635 2162 1635 2162 1593 2162 1553 2162 1635 2162 1553 2162 1636 2162 1636 2162 1553 2162 1552 2162 1636 2162 1552 2162 1551 2162 1563 2162 1562 2162 1553 2162 1553 2162 1562 2162 1561 2162 1553 2162 1561 2162 1554 2162 1554 2248 1561 2248 1560 2248 1554 2249 1560 2249 1555 2249 1555 2250 1560 2250 1559 2250 1555 2251 1559 2251 1556 2251 415 2162 413 2162 1899 2162 1899 2162 413 2162 1841 2162 1899 2162 1841 2162 1808 2162 1808 2162 1841 2162 1840 2162 1808 2162 1840 2162 1839 2162 489 2162 487 2162 1692 2162 1692 2162 487 2162 485 2162 1692 2162 485 2162 1693 2162 1693 2162 485 2162 483 2162 1693 2162 483 2162 1694 2162 1694 2162 483 2162 1700 2162 1694 2162 1700 2162 1695 2162 1695 2252 1700 2252 1698 2252 2017 2162 2016 2162 2418 2162 2418 2162 2016 2162 2015 2162 2418 2162 2015 2162 1911 2162 1911 2162 2015 2162 2014 2162 1911 2162 2014 2162 1947 2162 1947 2162 2014 2162 1948 2162 375 2162 1937 2162 1944 2162 1944 2162 1937 2162 1945 2162 379 2162 1924 2162 1931 2162 1931 2162 1924 2162 1932 2162 1916 2253 1913 2253 1917 2253 1917 2162 1913 2162 1912 2162 1917 2162 1912 2162 1918 2162 1918 2162 1912 2162 385 2162 1918 2162 385 2162 383 2162 1580 2162 1590 2162 1581 2162 1581 2162 1590 2162 1589 2162 1581 2162 1589 2162 1582 2162 1582 2254 1589 2254 1588 2254 1582 2255 1588 2255 1583 2255 1583 2256 1588 2256 1587 2256 1583 2257 1587 2257 1584 2257 1566 2162 1576 2162 1567 2162 1567 2162 1576 2162 1575 2162 1567 2162 1575 2162 1568 2162 1568 2162 1575 2162 1574 2162 1568 2162 1574 2162 1569 2162 1569 2258 1574 2258 1573 2258 1569 2259 1573 2259 1570 2259 581 2162 1794 2162 534 2162 534 2162 1794 2162 1793 2162 534 2162 1793 2162 535 2162 535 2162 1793 2162 441 2162 535 2162 441 2162 439 2162 387 2162 1899 2162 2419 2162 2419 2162 1899 2162 1794 2162 2419 2162 1794 2162 577 2162 577 2162 1794 2162 584 2162 475 2162 1711 2162 1704 2162 1704 2162 1711 2162 1710 2162 1704 2162 1710 2162 1705 2162 1705 2260 1710 2260 1709 2260 1705 2261 1709 2261 1706 2261 1924 2162 1923 2162 1932 2162 1932 2162 1923 2162 1922 2162 1932 2162 1922 2162 1911 2162 1911 2162 1922 2162 1921 2162 1911 2162 1921 2162 1920 2162 427 2162 1828 2162 1827 2162 427 2162 1827 2162 429 2162 429 2162 1827 2162 431 2162 431 2162 1827 2162 1826 2162 431 2162 1826 2162 433 2162 433 2162 1826 2162 1825 2162 433 2162 1825 2162 1820 2162 1820 2162 1825 2162 1824 2162 1820 2262 1824 2262 1821 2262 1835 2263 1832 2263 1836 2263 1836 2264 1832 2264 1831 2264 1836 2265 1831 2265 1837 2265 1837 2162 1831 2162 425 2162 1837 2162 425 2162 423 2162 421 2162 419 2162 1838 2162 1838 2162 419 2162 1830 2162 1838 2162 1830 2162 1808 2162 1808 2162 1830 2162 1829 2162 1808 2162 1829 2162 1828 2162 427 2162 1819 2162 1828 2162 1828 2162 1819 2162 1808 2162 1808 2162 1819 2162 1818 2162 1808 2162 1818 2162 1817 2162 1817 2162 1816 2162 1809 2162 1809 2266 1816 2266 1815 2266 1809 2267 1815 2267 1810 2267 1810 2268 1815 2268 1814 2268 1810 2269 1814 2269 1811 2269 1937 2162 1936 2162 1945 2162 1945 2162 1936 2162 1935 2162 1945 2162 1935 2162 1911 2162 1911 2162 1935 2162 1934 2162 1911 2162 1934 2162 1933 2162 375 2162 1944 2162 377 2162 377 2162 1944 2162 1943 2162 377 2162 1943 2162 1938 2162 1938 2270 1943 2270 1942 2270 1938 2271 1942 2271 1939 2271 379 2162 1931 2162 381 2162 381 2162 1931 2162 1930 2162 381 2162 1930 2162 1925 2162 1925 2272 1930 2272 1929 2272 1925 2273 1929 2273 1926 2273 563 2274 1061 2274 559 2274 559 2274 1061 2274 2419 2274 580 2274 560 2274 578 2274 578 2274 560 2274 559 2274 578 2274 559 2274 576 2274 576 2274 559 2274 2419 2274 546 2275 2418 2275 544 2275 544 2275 2418 2275 1068 2275 521 2275 520 2275 573 2275 573 2275 520 2275 544 2275 573 2275 544 2275 571 2275 571 2275 544 2275 1068 2275 2418 1472 2419 1472 1068 1472 1068 1472 2419 1472 1061 1472 2420 52 2421 52 2422 52 2422 52 2421 52 2423 52 2422 52 2423 52 2424 52 2424 52 2423 52 2425 52 2424 52 2425 52 2426 52 2426 52 2425 52 2427 52 2428 53 2429 53 2430 53 2430 53 2429 53 2431 53 2430 53 2431 53 2432 53 2432 53 2431 53 2433 53 2432 53 2433 53 2434 53 2434 53 2433 53 2435 53 2435 54 2433 54 2421 54 2421 54 2433 54 2423 54 2433 55 2431 55 2423 55 2423 55 2431 55 2425 55 2431 56 2429 56 2425 56 2425 56 2429 56 2427 56 2429 57 2428 57 2427 57 2427 57 2428 57 2426 57 2428 58 2430 58 2426 58 2426 58 2430 58 2424 58 2430 57 2432 57 2424 57 2424 57 2432 57 2422 57 2432 59 2434 59 2422 59 2422 59 2434 59 2420 59 2434 57 2435 57 2420 57 2420 57 2435 57 2421 57</p>
        </triangles>
      </mesh>
    </geometry>
  </library_geometries>
  <library_visual_scenes>
    <visual_scene id="DefaultScene">
      <node id="node_4e78fa7d_9763_47e7_a391_b4527d591f2a" type="NODE">
        <matrix>1 0 0 0 0 1 0 0 0 0 1 0 0 0 0 1</matrix>
        <node id="node_84685dab_f3ab_4188_b587_e1daada87792" type="NODE">
          <matrix>1 0 0 0 0 1 0 0 0 0 1 0 0 0 0 1</matrix>
          <node id="node_84685dab_f3ab_4188_b587_e1daada87792_mesh0" type="NODE">
            <matrix>1 0 0 0 0 1 0 0 0 0 1 0 0 0 0 1</matrix>
            <instance_geometry url="#geometry_b4d413b2_19a0_48b3_81db_ea5cd22c68d0">
              <bind_material>
                <technique_common>
                  <instance_material symbol="mat_0" target="#mat_0"/>
                </technique_common>
              </bind_material>
            </instance_geometry>
          </node>
        </node>
      </node>
    </visual_scene>
  </library_visual_scenes>
  <scene>
    <instance_visual_scene url="#DefaultScene"/>
  </scene>
</COLLADA>
